Datas,2344005
1944-10-01,
1944-10-02,
1944-10-03,
1944-10-04,
1944-10-05,
1944-10-06,
1944-10-07,
1944-10-08,
1944-10-09,
1944-10-10,
1944-10-11,0.0
1944-10-12,0.0
1944-10-13,7.2
1944-10-14,0.3
1944-10-15,0.0
1944-10-16,0.0
1944-10-17,2.2
1944-10-18,0.0
1944-10-19,0.0
1944-10-20,20.1
1944-10-21,2.9
1944-10-22,0.0
1944-10-23,0.0
1944-10-24,0.0
1944-10-25,0.0
1944-10-26,12.6
1944-10-27,11.2
1944-10-28,0.0
1944-10-29,1.0
1944-10-30,0.0
1944-10-31,1.2
1944-11-01,5.8
1944-11-02,0.0
1944-11-03,0.0
1944-11-04,0.0
1944-11-05,1.4
1944-11-06,0.0
1944-11-07,7.0
1944-11-08,29.6
1944-11-09,30.9
1944-11-10,0.0
1944-11-11,0.0
1944-11-12,0.0
1944-11-13,1.4
1944-11-14,0.0
1944-11-15,2.4
1944-11-16,11.5
1944-11-17,0.0
1944-11-18,0.0
1944-11-19,0.0
1944-11-20,0.0
1944-11-21,5.6
1944-11-22,2.7
1944-11-23,0.0
1944-11-24,95.5
1944-11-25,16.5
1944-11-26,22.2
1944-11-27,2.2
1944-11-28,0.0
1944-11-29,0.2
1944-11-30,0.0
1944-12-01,21.1
1944-12-02,7.0
1944-12-03,25.5
1944-12-04,19.6
1944-12-05,10.8
1944-12-06,4.0
1944-12-07,0.0
1944-12-08,0.0
1944-12-09,0.0
1944-12-10,9.8
1944-12-11,10.9
1944-12-12,0.0
1944-12-13,0.0
1944-12-14,0.0
1944-12-15,0.0
1944-12-16,0.0
1944-12-17,4.6
1944-12-18,2.3
1944-12-19,0.0
1944-12-20,0.0
1944-12-21,0.0
1944-12-22,0.0
1944-12-23,0.0
1944-12-24,45.6
1944-12-25,0.5
1944-12-26,22.3
1944-12-27,11.0
1944-12-28,6.6
1944-12-29,0.0
1944-12-30,0.0
1944-12-31,9.0
1945-01-01,0.0
1945-01-02,9.3
1945-01-03,22.8
1945-01-04,1.1
1945-01-05,0.0
1945-01-06,0.0
1945-01-07,1.2
1945-01-08,24.6
1945-01-09,8.0
1945-01-10,0.0
1945-01-11,3.0
1945-01-12,10.0
1945-01-13,13.4
1945-01-14,8.0
1945-01-15,0.0
1945-01-16,8.1
1945-01-17,12.3
1945-01-18,0.0
1945-01-19,0.0
1945-01-20,0.0
1945-01-21,0.0
1945-01-22,0.0
1945-01-23,10.0
1945-01-24,8.7
1945-01-25,0.0
1945-01-26,0.0
1945-01-27,2.7
1945-01-28,0.0
1945-01-29,0.0
1945-01-30,2.0
1945-01-31,12.6
1945-02-01,62.4
1945-02-02,98.6
1945-02-03,11.0
1945-02-04,1.9
1945-02-05,0.0
1945-02-06,1.0
1945-02-07,0.0
1945-02-08,0.0
1945-02-09,0.0
1945-02-10,0.0
1945-02-11,0.0
1945-02-12,0.0
1945-02-13,0.0
1945-02-14,0.0
1945-02-15,0.0
1945-02-16,0.0
1945-02-17,0.0
1945-02-18,3.0
1945-02-19,1.3
1945-02-20,0.0
1945-02-21,2.4
1945-02-22,59.4
1945-02-23,0.0
1945-02-24,0.0
1945-02-25,0.0
1945-02-26,0.0
1945-02-27,0.0
1945-02-28,12.0
1945-03-01,4.1
1945-03-02,0.0
1945-03-03,0.0
1945-03-04,27.4
1945-03-05,69.3
1945-03-06,0.0
1945-03-07,11.4
1945-03-08,3.2
1945-03-09,0.0
1945-03-10,9.3
1945-03-11,0.0
1945-03-12,0.0
1945-03-13,0.0
1945-03-14,0.0
1945-03-15,0.0
1945-03-16,0.0
1945-03-17,0.0
1945-03-18,7.4
1945-03-19,0.0
1945-03-20,0.0
1945-03-21,7.8
1945-03-22,0.0
1945-03-23,0.0
1945-03-24,0.0
1945-03-25,0.0
1945-03-26,12.6
1945-03-27,76.4
1945-03-28,11.0
1945-03-29,2.0
1945-03-30,0.0
1945-03-31,0.0
1945-04-01,0.0
1945-04-02,0.0
1945-04-03,12.5
1945-04-04,24.9
1945-04-05,211.9
1945-04-06,6.5
1945-04-07,12.3
1945-04-08,0.0
1945-04-09,0.0
1945-04-10,0.0
1945-04-11,0.0
1945-04-12,0.0
1945-04-13,0.0
1945-04-14,0.0
1945-04-15,0.0
1945-04-16,0.0
1945-04-17,0.0
1945-04-18,0.0
1945-04-19,0.0
1945-04-20,12.1
1945-04-21,0.3
1945-04-22,0.0
1945-04-23,0.0
1945-04-24,0.0
1945-04-25,0.0
1945-04-26,0.0
1945-04-27,0.0
1945-04-28,0.0
1945-04-29,0.0
1945-04-30,12.5
1945-05-01,4.1
1945-05-02,0.0
1945-05-03,0.0
1945-05-04,0.0
1945-05-05,0.0
1945-05-06,0.0
1945-05-07,0.0
1945-05-08,0.0
1945-05-09,0.0
1945-05-10,0.0
1945-05-11,0.0
1945-05-12,53.9
1945-05-13,0.0
1945-05-14,0.0
1945-05-15,0.0
1945-05-16,16.6
1945-05-17,69.8
1945-05-18,2.5
1945-05-19,6.4
1945-05-20,1.0
1945-05-21,0.0
1945-05-22,0.0
1945-05-23,0.0
1945-05-24,8.8
1945-05-25,0.0
1945-05-26,0.0
1945-05-27,0.0
1945-05-28,29.7
1945-05-29,1.1
1945-05-30,0.0
1945-05-31,0.0
1945-06-01,0.0
1945-06-02,0.0
1945-06-03,0.0
1945-06-04,0.0
1945-06-05,0.0
1945-06-06,36.1
1945-06-07,36.7
1945-06-08,0.0
1945-06-09,0.0
1945-06-10,0.0
1945-06-11,0.0
1945-06-12,0.0
1945-06-13,0.0
1945-06-14,0.0
1945-06-15,0.0
1945-06-16,0.0
1945-06-17,0.0
1945-06-18,0.0
1945-06-19,0.0
1945-06-20,17.5
1945-06-21,30.2
1945-06-22,4.0
1945-06-23,6.9
1945-06-24,41.5
1945-06-25,31.0
1945-06-26,74.2
1945-06-27,8.0
1945-06-28,0.0
1945-06-29,0.0
1945-06-30,0.0
1945-07-01,0.0
1945-07-02,0.0
1945-07-03,1.6
1945-07-04,0.0
1945-07-05,0.0
1945-07-06,0.8
1945-07-07,5.2
1945-07-08,0.0
1945-07-09,0.0
1945-07-10,0.0
1945-07-11,48.2
1945-07-12,47.5
1945-07-13,1.0
1945-07-14,5.7
1945-07-15,0.0
1945-07-16,0.0
1945-07-17,0.0
1945-07-18,0.0
1945-07-19,0.0
1945-07-20,0.0
1945-07-21,0.0
1945-07-22,0.0
1945-07-23,0.0
1945-07-24,0.0
1945-07-25,0.0
1945-07-26,0.0
1945-07-27,0.0
1945-07-28,0.0
1945-07-29,0.0
1945-07-30,0.0
1945-07-31,0.0
1945-08-01,0.0
1945-08-02,0.0
1945-08-03,0.0
1945-08-04,0.0
1945-08-05,0.0
1945-08-06,0.0
1945-08-07,0.0
1945-08-08,0.0
1945-08-09,0.0
1945-08-10,0.0
1945-08-11,0.0
1945-08-12,0.0
1945-08-13,0.0
1945-08-14,0.0
1945-08-15,0.0
1945-08-16,0.0
1945-08-17,0.0
1945-08-18,0.0
1945-08-19,0.0
1945-08-20,0.0
1945-08-21,10.5
1945-08-22,8.3
1945-08-23,0.0
1945-08-24,0.0
1945-08-25,0.0
1945-08-26,0.0
1945-08-27,0.0
1945-08-28,0.0
1945-08-29,0.0
1945-08-30,0.0
1945-08-31,10.6
1945-09-01,23.5
1945-09-02,83.4
1945-09-03,0.0
1945-09-04,0.0
1945-09-05,0.0
1945-09-06,0.0
1945-09-07,0.0
1945-09-08,0.0
1945-09-09,16.5
1945-09-10,19.0
1945-09-11,36.3
1945-09-12,0.0
1945-09-13,0.0
1945-09-14,0.0
1945-09-15,0.0
1945-09-16,0.0
1945-09-17,0.0
1945-09-18,0.0
1945-09-19,0.0
1945-09-20,0.0
1945-09-21,0.0
1945-09-22,0.0
1945-09-23,0.0
1945-09-24,1.7
1945-09-25,0.0
1945-09-26,0.0
1945-09-27,0.0
1945-09-28,0.0
1945-09-29,4.0
1945-09-30,0.0
1945-10-01,0.0
1945-10-02,0.0
1945-10-03,0.0
1945-10-04,0.0
1945-10-05,0.0
1945-10-06,8.0
1945-10-07,3.0
1945-10-08,4.0
1945-10-09,2.0
1945-10-10,1.2
1945-10-11,2.5
1945-10-12,0.0
1945-10-13,0.0
1945-10-14,0.0
1945-10-15,0.0
1945-10-16,0.0
1945-10-17,0.0
1945-10-18,0.0
1945-10-19,0.0
1945-10-20,0.0
1945-10-21,0.0
1945-10-22,0.0
1945-10-23,0.0
1945-10-24,0.0
1945-10-25,0.0
1945-10-26,0.0
1945-10-27,13.0
1945-10-28,18.0
1945-10-29,0.0
1945-10-30,0.0
1945-10-31,3.6
1945-11-01,0.0
1945-11-02,5.0
1945-11-03,0.0
1945-11-04,0.0
1945-11-05,0.0
1945-11-06,0.0
1945-11-07,0.0
1945-11-08,15.2
1945-11-09,12.5
1945-11-10,0.0
1945-11-11,0.0
1945-11-12,0.0
1945-11-13,8.0
1945-11-14,0.0
1945-11-15,3.5
1945-11-16,0.0
1945-11-17,0.0
1945-11-18,0.0
1945-11-19,0.0
1945-11-20,0.0
1945-11-21,0.0
1945-11-22,13.0
1945-11-23,17.0
1945-11-24,21.0
1945-11-25,18.0
1945-11-26,0.0
1945-11-27,0.0
1945-11-28,0.0
1945-11-29,0.0
1945-11-30,0.0
1945-12-01,0.0
1945-12-02,0.0
1945-12-03,0.0
1945-12-04,0.0
1945-12-05,0.0
1945-12-06,81.5
1945-12-07,33.5
1945-12-08,8.2
1945-12-09,1.9
1945-12-10,92.3
1945-12-11,0.0
1945-12-12,3.4
1945-12-13,0.0
1945-12-14,0.0
1945-12-15,8.3
1945-12-16,0.6
1945-12-17,15.9
1945-12-18,0.0
1945-12-19,0.0
1945-12-20,8.1
1945-12-21,3.4
1945-12-22,7.0
1945-12-23,3.0
1945-12-24,0.0
1945-12-25,0.0
1945-12-26,0.0
1945-12-27,0.0
1945-12-28,0.0
1945-12-29,27.0
1945-12-30,46.0
1945-12-31,30.0
1946-01-01,20.0
1946-01-02,0.0
1946-01-03,12.0
1946-01-04,4.5
1946-01-05,0.0
1946-01-06,29.5
1946-01-07,6.0
1946-01-08,3.3
1946-01-09,0.0
1946-01-10,0.0
1946-01-11,50.7
1946-01-12,35.5
1946-01-13,37.0
1946-01-14,0.0
1946-01-15,0.0
1946-01-16,0.0
1946-01-17,0.0
1946-01-18,0.0
1946-01-19,0.0
1946-01-20,40.0
1946-01-21,18.0
1946-01-22,16.7
1946-01-23,0.0
1946-01-24,0.0
1946-01-25,0.0
1946-01-26,12.0
1946-01-27,19.0
1946-01-28,0.3
1946-01-29,0.0
1946-01-30,0.0
1946-01-31,0.0
1946-02-01,0.0
1946-02-02,0.0
1946-02-03,10.0
1946-02-04,12.7
1946-02-05,0.0
1946-02-06,0.0
1946-02-07,0.0
1946-02-08,0.0
1946-02-09,0.0
1946-02-10,9.0
1946-02-11,0.0
1946-02-12,0.0
1946-02-13,0.0
1946-02-14,0.0
1946-02-15,1.0
1946-02-16,0.0
1946-02-17,0.0
1946-02-18,0.0
1946-02-19,30.0
1946-02-20,17.0
1946-02-21,22.0
1946-02-22,63.0
1946-02-23,0.0
1946-02-24,0.0
1946-02-25,0.0
1946-02-26,0.0
1946-02-27,0.0
1946-02-28,0.0
1946-03-01,0.0
1946-03-02,24.2
1946-03-03,0.0
1946-03-04,0.5
1946-03-05,88.5
1946-03-06,49.0
1946-03-07,36.8
1946-03-08,9.7
1946-03-09,5.0
1946-03-10,0.0
1946-03-11,2.5
1946-03-12,0.0
1946-03-13,5.0
1946-03-14,63.0
1946-03-15,12.0
1946-03-16,8.0
1946-03-17,20.0
1946-03-18,19.0
1946-03-19,12.5
1946-03-20,0.0
1946-03-21,0.0
1946-03-22,0.0
1946-03-23,0.0
1946-03-24,0.0
1946-03-25,55.7
1946-03-26,37.0
1946-03-27,7.2
1946-03-28,5.5
1946-03-29,0.0
1946-03-30,0.0
1946-03-31,0.0
1946-04-01,3.0
1946-04-02,19.0
1946-04-03,24.5
1946-04-04,3.7
1946-04-05,0.0
1946-04-06,25.0
1946-04-07,15.0
1946-04-08,30.0
1946-04-09,16.0
1946-04-10,0.0
1946-04-11,0.0
1946-04-12,0.0
1946-04-13,8.0
1946-04-14,1.0
1946-04-15,0.0
1946-04-16,0.0
1946-04-17,0.0
1946-04-18,25.0
1946-04-19,22.0
1946-04-20,20.0
1946-04-21,0.0
1946-04-22,47.0
1946-04-23,0.0
1946-04-24,7.5
1946-04-25,0.0
1946-04-26,0.0
1946-04-27,0.0
1946-04-28,0.0
1946-04-29,0.0
1946-04-30,0.0
1946-05-01,0.0
1946-05-02,0.0
1946-05-03,5.0
1946-05-04,0.5
1946-05-05,0.0
1946-05-06,0.0
1946-05-07,0.0
1946-05-08,0.0
1946-05-09,0.0
1946-05-10,0.0
1946-05-11,0.0
1946-05-12,0.0
1946-05-13,0.0
1946-05-14,0.0
1946-05-15,0.0
1946-05-16,0.0
1946-05-17,0.0
1946-05-18,0.0
1946-05-19,0.0
1946-05-20,0.0
1946-05-21,0.0
1946-05-22,0.0
1946-05-23,0.0
1946-05-24,22.0
1946-05-25,15.0
1946-05-26,18.0
1946-05-27,11.3
1946-05-28,0.0
1946-05-29,0.0
1946-05-30,0.0
1946-05-31,0.0
1946-06-01,0.0
1946-06-02,17.0
1946-06-03,43.3
1946-06-04,0.0
1946-06-05,0.0
1946-06-06,0.0
1946-06-07,0.0
1946-06-08,4.7
1946-06-09,0.0
1946-06-10,0.0
1946-06-11,0.0
1946-06-12,0.0
1946-06-13,0.0
1946-06-14,0.0
1946-06-15,0.0
1946-06-16,15.0
1946-06-17,0.0
1946-06-18,0.0
1946-06-19,0.0
1946-06-20,0.0
1946-06-21,0.0
1946-06-22,0.0
1946-06-23,0.0
1946-06-24,0.0
1946-06-25,0.0
1946-06-26,0.0
1946-06-27,0.0
1946-06-28,0.0
1946-06-29,0.0
1946-06-30,0.0
1946-07-01,0.0
1946-07-02,0.0
1946-07-03,0.0
1946-07-04,0.0
1946-07-05,20.0
1946-07-06,21.0
1946-07-07,0.0
1946-07-08,0.0
1946-07-09,0.0
1946-07-10,0.0
1946-07-11,0.0
1946-07-12,0.0
1946-07-13,0.0
1946-07-14,0.0
1946-07-15,0.0
1946-07-16,7.8
1946-07-17,0.0
1946-07-18,0.0
1946-07-19,3.5
1946-07-20,0.0
1946-07-21,0.0
1946-07-22,0.0
1946-07-23,0.0
1946-07-24,0.0
1946-07-25,0.0
1946-07-26,0.0
1946-07-27,0.0
1946-07-28,0.0
1946-07-29,0.0
1946-07-30,0.0
1946-07-31,0.0
1946-08-01,13.3
1946-08-02,23.5
1946-08-03,0.0
1946-08-04,0.0
1946-08-05,0.0
1946-08-06,0.0
1946-08-07,0.0
1946-08-08,0.0
1946-08-09,0.0
1946-08-10,0.0
1946-08-11,0.0
1946-08-12,0.0
1946-08-13,0.0
1946-08-14,0.0
1946-08-15,0.0
1946-08-16,0.0
1946-08-17,0.0
1946-08-18,0.0
1946-08-19,0.0
1946-08-20,0.0
1946-08-21,0.0
1946-08-22,0.0
1946-08-23,0.0
1946-08-24,3.0
1946-08-25,0.0
1946-08-26,0.0
1946-08-27,0.0
1946-08-28,9.2
1946-08-29,0.0
1946-08-30,1.0
1946-08-31,0.0
1946-09-01,0.0
1946-09-02,0.0
1946-09-03,0.0
1946-09-04,0.0
1946-09-05,0.0
1946-09-06,0.0
1946-09-07,12.6
1946-09-08,0.0
1946-09-09,0.0
1946-09-10,0.0
1946-09-11,0.0
1946-09-12,0.0
1946-09-13,0.0
1946-09-14,0.0
1946-09-15,0.0
1946-09-16,0.0
1946-09-17,32.0
1946-09-18,3.5
1946-09-19,0.0
1946-09-20,0.0
1946-09-21,0.0
1946-09-22,0.0
1946-09-23,0.0
1946-09-24,0.0
1946-09-25,0.0
1946-09-26,0.0
1946-09-27,0.0
1946-09-28,0.0
1946-09-29,1.6
1946-09-30,89.0
1946-10-01,4.5
1946-10-02,0.0
1946-10-03,0.0
1946-10-04,0.0
1946-10-05,0.0
1946-10-06,0.0
1946-10-07,0.0
1946-10-08,8.0
1946-10-09,78.5
1946-10-10,1.0
1946-10-11,0.0
1946-10-12,2.0
1946-10-13,0.4
1946-10-14,8.5
1946-10-15,0.0
1946-10-16,5.2
1946-10-17,6.4
1946-10-18,1.8
1946-10-19,0.0
1946-10-20,40.6
1946-10-21,43.0
1946-10-22,1.0
1946-10-23,33.0
1946-10-24,9.0
1946-10-25,7.3
1946-10-26,1.6
1946-10-27,0.0
1946-10-28,0.0
1946-10-29,0.0
1946-10-30,0.0
1946-10-31,0.0
1946-11-01,0.0
1946-11-02,0.0
1946-11-03,0.0
1946-11-04,3.6
1946-11-05,0.0
1946-11-06,0.0
1946-11-07,2.3
1946-11-08,0.0
1946-11-09,1.5
1946-11-10,10.0
1946-11-11,2.3
1946-11-12,0.0
1946-11-13,0.0
1946-11-14,0.0
1946-11-15,0.0
1946-11-16,0.0
1946-11-17,0.0
1946-11-18,0.0
1946-11-19,0.0
1946-11-20,0.0
1946-11-21,3.6
1946-11-22,7.5
1946-11-23,0.0
1946-11-24,0.0
1946-11-25,0.0
1946-11-26,21.0
1946-11-27,0.0
1946-11-28,0.0
1946-11-29,0.0
1946-11-30,20.0
1946-12-01,0.0
1946-12-02,2.4
1946-12-03,0.0
1946-12-04,0.0
1946-12-05,0.0
1946-12-06,0.0
1946-12-07,18.2
1946-12-08,0.0
1946-12-09,15.0
1946-12-10,7.6
1946-12-11,0.0
1946-12-12,0.0
1946-12-13,0.0
1946-12-14,0.0
1946-12-15,3.5
1946-12-16,12.2
1946-12-17,3.0
1946-12-18,0.0
1946-12-19,0.0
1946-12-20,0.0
1946-12-21,0.0
1946-12-22,0.0
1946-12-23,95.2
1946-12-24,15.1
1946-12-25,21.2
1946-12-26,4.3
1946-12-27,8.0
1946-12-28,4.5
1946-12-29,22.8
1946-12-30,0.0
1946-12-31,0.0
1947-01-01,0.0
1947-01-02,25.3
1947-01-03,3.7
1947-01-04,0.0
1947-01-05,4.6
1947-01-06,12.7
1947-01-07,0.0
1947-01-08,0.0
1947-01-09,0.8
1947-01-10,0.0
1947-01-11,2.0
1947-01-12,2.0
1947-01-13,1.5
1947-01-14,2.0
1947-01-15,10.2
1947-01-16,0.0
1947-01-17,2.0
1947-01-18,3.0
1947-01-19,11.0
1947-01-20,16.5
1947-01-21,20.3
1947-01-22,2.0
1947-01-23,0.0
1947-01-24,0.0
1947-01-25,224.8
1947-01-26,81.0
1947-01-27,9.5
1947-01-28,25.2
1947-01-29,3.0
1947-01-30,0.0
1947-01-31,0.0
1947-02-01,0.0
1947-02-02,0.0
1947-02-03,0.0
1947-02-04,0.0
1947-02-05,0.0
1947-02-06,0.0
1947-02-07,0.0
1947-02-08,0.0
1947-02-09,0.0
1947-02-10,0.0
1947-02-11,0.0
1947-02-12,0.0
1947-02-13,0.0
1947-02-14,6.3
1947-02-15,0.0
1947-02-16,32.2
1947-02-17,26.2
1947-02-18,19.0
1947-02-19,28.3
1947-02-20,24.2
1947-02-21,0.0
1947-02-22,1.0
1947-02-23,0.0
1947-02-24,0.0
1947-02-25,12.6
1947-02-26,0.8
1947-02-27,45.4
1947-02-28,42.2
1947-03-01,15.4
1947-03-02,16.2
1947-03-03,10.4
1947-03-04,19.8
1947-03-05,22.1
1947-03-06,18.3
1947-03-07,70.4
1947-03-08,25.0
1947-03-09,5.0
1947-03-10,4.0
1947-03-11,0.0
1947-03-12,8.3
1947-03-13,41.8
1947-03-14,50.0
1947-03-15,92.1
1947-03-16,4.2
1947-03-17,0.0
1947-03-18,0.0
1947-03-19,31.2
1947-03-20,68.1
1947-03-21,10.0
1947-03-22,0.0
1947-03-23,5.0
1947-03-24,0.0
1947-03-25,0.0
1947-03-26,4.0
1947-03-27,2.1
1947-03-28,1.2
1947-03-29,0.0
1947-03-30,1.2
1947-03-31,0.0
1947-04-01,0.0
1947-04-02,0.0
1947-04-03,0.0
1947-04-04,0.0
1947-04-05,0.0
1947-04-06,0.0
1947-04-07,0.0
1947-04-08,12.0
1947-04-09,14.6
1947-04-10,0.0
1947-04-11,3.0
1947-04-12,61.0
1947-04-13,0.0
1947-04-14,0.0
1947-04-15,0.0
1947-04-16,0.0
1947-04-17,0.0
1947-04-18,0.0
1947-04-19,0.0
1947-04-20,185.5
1947-04-21,0.0
1947-04-22,0.0
1947-04-23,0.0
1947-04-24,0.0
1947-04-25,10.2
1947-04-26,27.1
1947-04-27,0.0
1947-04-28,0.0
1947-04-29,0.0
1947-04-30,0.0
1947-05-01,0.0
1947-05-02,0.0
1947-05-03,0.0
1947-05-04,2.0
1947-05-05,0.0
1947-05-06,0.0
1947-05-07,0.0
1947-05-08,0.0
1947-05-09,0.0
1947-05-10,0.0
1947-05-11,0.0
1947-05-12,24.5
1947-05-13,0.0
1947-05-14,0.0
1947-05-15,0.0
1947-05-16,0.0
1947-05-17,0.0
1947-05-18,0.0
1947-05-19,0.0
1947-05-20,71.0
1947-05-21,24.5
1947-05-22,0.0
1947-05-23,0.0
1947-05-24,0.0
1947-05-25,18.0
1947-05-26,0.0
1947-05-27,4.9
1947-05-28,0.0
1947-05-29,0.0
1947-05-30,0.0
1947-05-31,0.0
1947-06-01,0.0
1947-06-02,0.0
1947-06-03,0.0
1947-06-04,0.0
1947-06-05,0.0
1947-06-06,0.0
1947-06-07,0.0
1947-06-08,0.0
1947-06-09,0.0
1947-06-10,0.0
1947-06-11,0.0
1947-06-12,0.0
1947-06-13,0.0
1947-06-14,137.7
1947-06-15,10.6
1947-06-16,0.0
1947-06-17,0.0
1947-06-18,0.0
1947-06-19,0.0
1947-06-20,3.0
1947-06-21,170.3
1947-06-22,60.8
1947-06-23,21.2
1947-06-24,0.5
1947-06-25,0.0
1947-06-26,0.0
1947-06-27,57.6
1947-06-28,0.0
1947-06-29,0.0
1947-06-30,0.0
1947-07-01,0.0
1947-07-02,0.0
1947-07-03,0.0
1947-07-04,0.0
1947-07-05,24.3
1947-07-06,13.1
1947-07-07,0.0
1947-07-08,0.0
1947-07-09,86.3
1947-07-10,51.7
1947-07-11,0.3
1947-07-12,0.0
1947-07-13,6.5
1947-07-14,27.0
1947-07-15,0.0
1947-07-16,7.0
1947-07-17,3.5
1947-07-18,0.5
1947-07-19,0.0
1947-07-20,0.0
1947-07-21,0.0
1947-07-22,1.0
1947-07-23,0.0
1947-07-24,0.0
1947-07-25,0.0
1947-07-26,0.0
1947-07-27,8.2
1947-07-28,93.7
1947-07-29,98.1
1947-07-30,0.0
1947-07-31,0.0
1947-08-01,2.8
1947-08-02,35.0
1947-08-03,1.8
1947-08-04,0.0
1947-08-05,0.0
1947-08-06,0.0
1947-08-07,15.5
1947-08-08,20.2
1947-08-09,8.4
1947-08-10,0.0
1947-08-11,0.0
1947-08-12,68.0
1947-08-13,16.8
1947-08-14,0.0
1947-08-15,0.0
1947-08-16,0.0
1947-08-17,0.0
1947-08-18,1.0
1947-08-19,0.0
1947-08-20,0.0
1947-08-21,0.0
1947-08-22,0.0
1947-08-23,0.0
1947-08-24,1.8
1947-08-25,12.0
1947-08-26,51.2
1947-08-27,20.9
1947-08-28,3.4
1947-08-29,4.3
1947-08-30,0.0
1947-08-31,0.0
1947-09-01,0.7
1947-09-02,4.4
1947-09-03,0.0
1947-09-04,4.3
1947-09-05,36.3
1947-09-06,1.2
1947-09-07,0.0
1947-09-08,0.0
1947-09-09,0.0
1947-09-10,0.0
1947-09-11,0.0
1947-09-12,0.7
1947-09-13,1.0
1947-09-14,51.0
1947-09-15,69.0
1947-09-16,21.2
1947-09-17,0.0
1947-09-18,0.0
1947-09-19,6.0
1947-09-20,0.0
1947-09-21,0.0
1947-09-22,0.0
1947-09-23,0.0
1947-09-24,0.0
1947-09-25,7.0
1947-09-26,26.4
1947-09-27,8.4
1947-09-28,0.0
1947-09-29,1.0
1947-09-30,0.0
1947-10-01,0.0
1947-10-02,15.5
1947-10-03,57.0
1947-10-04,19.0
1947-10-05,7.8
1947-10-06,12.7
1947-10-07,0.6
1947-10-08,0.0
1947-10-09,0.0
1947-10-10,9.0
1947-10-11,7.0
1947-10-12,0.0
1947-10-13,0.0
1947-10-14,0.0
1947-10-15,0.0
1947-10-16,0.0
1947-10-17,0.0
1947-10-18,0.0
1947-10-19,0.0
1947-10-20,17.0
1947-10-21,38.2
1947-10-22,2.5
1947-10-23,3.9
1947-10-24,11.5
1947-10-25,0.0
1947-10-26,11.9
1947-10-27,0.5
1947-10-28,0.0
1947-10-29,0.0
1947-10-30,0.0
1947-10-31,0.0
1947-11-01,0.0
1947-11-02,16.5
1947-11-03,48.2
1947-11-04,24.1
1947-11-05,12.7
1947-11-06,0.0
1947-11-07,20.0
1947-11-08,0.0
1947-11-09,0.0
1947-11-10,6.8
1947-11-11,0.0
1947-11-12,0.0
1947-11-13,3.1
1947-11-14,11.7
1947-11-15,31.4
1947-11-16,2.3
1947-11-17,0.0
1947-11-18,0.0
1947-11-19,0.0
1947-11-20,0.0
1947-11-21,0.0
1947-11-22,0.0
1947-11-23,0.2
1947-11-24,0.0
1947-11-25,8.3
1947-11-26,26.6
1947-11-27,6.1
1947-11-28,0.7
1947-11-29,0.0
1947-11-30,0.0
1947-12-01,0.0
1947-12-02,19.8
1947-12-03,46.9
1947-12-04,23.4
1947-12-05,1.3
1947-12-06,0.0
1947-12-07,0.0
1947-12-08,0.0
1947-12-09,0.0
1947-12-10,7.5
1947-12-11,15.0
1947-12-12,5.2
1947-12-13,2.1
1947-12-14,0.0
1947-12-15,0.0
1947-12-16,0.0
1947-12-17,0.0
1947-12-18,15.3
1947-12-19,120.3
1947-12-20,11.5
1947-12-21,47.0
1947-12-22,87.3
1947-12-23,14.7
1947-12-24,8.5
1947-12-25,8.4
1947-12-26,0.0
1947-12-27,3.5
1947-12-28,0.0
1947-12-29,0.0
1947-12-30,36.5
1947-12-31,0.0
1948-01-01,0.0
1948-01-02,0.0
1948-01-03,0.0
1948-01-04,0.0
1948-01-05,0.0
1948-01-06,0.0
1948-01-07,0.0
1948-01-08,0.0
1948-01-09,0.0
1948-01-10,0.0
1948-01-11,6.1
1948-01-12,29.7
1948-01-13,1.1
1948-01-14,36.8
1948-01-15,84.7
1948-01-16,140.9
1948-01-17,3.0
1948-01-18,0.0
1948-01-19,0.0
1948-01-20,0.0
1948-01-21,0.0
1948-01-22,8.5
1948-01-23,0.0
1948-01-24,0.0
1948-01-25,0.0
1948-01-26,1.3
1948-01-27,0.0
1948-01-28,0.0
1948-01-29,9.2
1948-01-30,44.5
1948-01-31,3.0
1948-02-01,17.5
1948-02-02,0.0
1948-02-03,0.0
1948-02-04,140.9
1948-02-05,9.0
1948-02-06,9.0
1948-02-07,0.0
1948-02-08,0.0
1948-02-09,7.5
1948-02-10,9.5
1948-02-11,151.7
1948-02-12,0.8
1948-02-13,20.4
1948-02-14,30.0
1948-02-15,21.0
1948-02-16,3.5
1948-02-17,0.0
1948-02-18,10.6
1948-02-19,0.0
1948-02-20,0.0
1948-02-21,16.5
1948-02-22,8.9
1948-02-23,0.0
1948-02-24,0.0
1948-02-25,14.5
1948-02-26,0.0
1948-02-27,5.6
1948-02-28,28.5
1948-02-29,6.1
1948-03-01,28.2
1948-03-02,19.3
1948-03-03,0.0
1948-03-04,0.0
1948-03-05,0.0
1948-03-06,3.4
1948-03-07,0.0
1948-03-08,9.8
1948-03-09,0.0
1948-03-10,0.0
1948-03-11,0.0
1948-03-12,71.0
1948-03-13,18.3
1948-03-14,40.7
1948-03-15,3.9
1948-03-16,1.7
1948-03-17,5.5
1948-03-18,36.6
1948-03-19,0.0
1948-03-20,0.0
1948-03-21,0.0
1948-03-22,0.0
1948-03-23,0.0
1948-03-24,0.0
1948-03-25,20.3
1948-03-26,6.2
1948-03-27,0.0
1948-03-28,0.0
1948-03-29,0.0
1948-03-30,0.0
1948-03-31,0.0
1948-04-01,24.8
1948-04-02,0.0
1948-04-03,60.6
1948-04-04,23.9
1948-04-05,2.6
1948-04-06,0.0
1948-04-07,0.0
1948-04-08,0.0
1948-04-09,0.0
1948-04-10,13.7
1948-04-11,2.1
1948-04-12,0.0
1948-04-13,0.0
1948-04-14,0.0
1948-04-15,0.0
1948-04-16,0.0
1948-04-17,0.0
1948-04-18,9.0
1948-04-19,0.0
1948-04-20,6.6
1948-04-21,0.0
1948-04-22,40.0
1948-04-23,0.0
1948-04-24,0.0
1948-04-25,0.0
1948-04-26,0.0
1948-04-27,0.0
1948-04-28,1.8
1948-04-29,0.0
1948-04-30,0.0
1948-05-01,0.0
1948-05-02,65.5
1948-05-03,4.2
1948-05-04,0.0
1948-05-05,1.2
1948-05-06,5.1
1948-05-07,0.0
1948-05-08,40.8
1948-05-09,0.0
1948-05-10,0.0
1948-05-11,0.0
1948-05-12,0.0
1948-05-13,0.0
1948-05-14,0.0
1948-05-15,0.0
1948-05-16,0.0
1948-05-17,0.0
1948-05-18,48.0
1948-05-19,9.4
1948-05-20,1.4
1948-05-21,1.5
1948-05-22,41.8
1948-05-23,0.9
1948-05-24,0.0
1948-05-25,0.0
1948-05-26,0.0
1948-05-27,0.0
1948-05-28,0.0
1948-05-29,9.6
1948-05-30,0.0
1948-05-31,7.5
1948-06-01,29.2
1948-06-02,0.9
1948-06-03,0.0
1948-06-04,0.0
1948-06-05,0.0
1948-06-06,0.0
1948-06-07,0.0
1948-06-08,0.0
1948-06-09,0.0
1948-06-10,0.0
1948-06-11,0.0
1948-06-12,0.0
1948-06-13,0.0
1948-06-14,0.0
1948-06-15,0.0
1948-06-16,0.0
1948-06-17,0.0
1948-06-18,0.0
1948-06-19,0.0
1948-06-20,0.0
1948-06-21,0.0
1948-06-22,0.0
1948-06-23,0.0
1948-06-24,0.0
1948-06-25,0.0
1948-06-26,0.0
1948-06-27,0.0
1948-06-28,0.0
1948-06-29,0.0
1948-06-30,0.0
1948-07-01,0.0
1948-07-02,0.0
1948-07-03,0.0
1948-07-04,2.4
1948-07-05,8.2
1948-07-06,0.0
1948-07-07,0.0
1948-07-08,0.0
1948-07-09,0.0
1948-07-10,0.0
1948-07-11,0.0
1948-07-12,0.0
1948-07-13,0.0
1948-07-14,0.0
1948-07-15,0.0
1948-07-16,0.0
1948-07-17,0.0
1948-07-18,0.0
1948-07-19,0.0
1948-07-20,1.0
1948-07-21,0.0
1948-07-22,0.0
1948-07-23,0.0
1948-07-24,0.0
1948-07-25,0.5
1948-07-26,0.0
1948-07-27,0.0
1948-07-28,0.0
1948-07-29,72.0
1948-07-30,115.5
1948-07-31,46.3
1948-08-01,0.0
1948-08-02,0.0
1948-08-03,0.0
1948-08-04,0.0
1948-08-05,0.0
1948-08-06,35.2
1948-08-07,6.4
1948-08-08,0.0
1948-08-09,0.0
1948-08-10,0.0
1948-08-11,0.0
1948-08-12,10.1
1948-08-13,3.1
1948-08-14,1.8
1948-08-15,5.2
1948-08-16,0.0
1948-08-17,0.0
1948-08-18,0.0
1948-08-19,0.0
1948-08-20,0.0
1948-08-21,0.0
1948-08-22,0.0
1948-08-23,0.0
1948-08-24,0.0
1948-08-25,0.0
1948-08-26,0.0
1948-08-27,27.9
1948-08-28,12.0
1948-08-29,30.1
1948-08-30,0.0
1948-08-31,0.0
1948-09-01,0.0
1948-09-02,0.0
1948-09-03,0.0
1948-09-04,0.0
1948-09-05,0.0
1948-09-06,0.0
1948-09-07,0.0
1948-09-08,0.0
1948-09-09,0.0
1948-09-10,0.0
1948-09-11,27.3
1948-09-12,135.8
1948-09-13,18.6
1948-09-14,0.0
1948-09-15,7.0
1948-09-16,0.0
1948-09-17,0.0
1948-09-18,0.0
1948-09-19,0.0
1948-09-20,0.0
1948-09-21,0.0
1948-09-22,0.0
1948-09-23,0.0
1948-09-24,0.0
1948-09-25,0.0
1948-09-26,0.0
1948-09-27,0.0
1948-09-28,0.0
1948-09-29,0.0
1948-09-30,17.2
1948-10-01,4.0
1948-10-02,1.4
1948-10-03,0.6
1948-10-04,3.4
1948-10-05,0.2
1948-10-06,7.8
1948-10-07,16.5
1948-10-08,23.4
1948-10-09,0.0
1948-10-10,0.0
1948-10-11,1.4
1948-10-12,8.8
1948-10-13,0.0
1948-10-14,0.0
1948-10-15,0.0
1948-10-16,18.0
1948-10-17,0.0
1948-10-18,0.0
1948-10-19,0.0
1948-10-20,0.0
1948-10-21,0.0
1948-10-22,0.0
1948-10-23,0.0
1948-10-24,0.0
1948-10-25,20.0
1948-10-26,26.8
1948-10-27,0.0
1948-10-28,0.0
1948-10-29,0.0
1948-10-30,0.0
1948-10-31,0.0
1948-11-01,0.0
1948-11-02,12.7
1948-11-03,0.0
1948-11-04,0.0
1948-11-05,14.0
1948-11-06,13.0
1948-11-07,18.6
1948-11-08,0.0
1948-11-09,0.0
1948-11-10,0.0
1948-11-11,64.7
1948-11-12,0.0
1948-11-13,0.0
1948-11-14,11.4
1948-11-15,0.0
1948-11-16,0.0
1948-11-17,5.0
1948-11-18,3.3
1948-11-19,2.3
1948-11-20,0.0
1948-11-21,5.5
1948-11-22,13.9
1948-11-23,2.0
1948-11-24,0.0
1948-11-25,0.0
1948-11-26,50.4
1948-11-27,9.0
1948-11-28,13.4
1948-11-29,9.3
1948-11-30,1.6
1948-12-01,0.0
1948-12-02,0.0
1948-12-03,0.0
1948-12-04,13.5
1948-12-05,28.3
1948-12-06,0.0
1948-12-07,0.0
1948-12-08,0.0
1948-12-09,4.0
1948-12-10,0.0
1948-12-11,0.0
1948-12-12,0.0
1948-12-13,0.0
1948-12-14,0.0
1948-12-15,0.0
1948-12-16,9.9
1948-12-17,3.8
1948-12-18,0.0
1948-12-19,69.7
1948-12-20,0.0
1948-12-21,0.0
1948-12-22,0.0
1948-12-23,0.0
1948-12-24,0.0
1948-12-25,0.0
1948-12-26,0.0
1948-12-27,0.0
1948-12-28,0.0
1948-12-29,0.0
1948-12-30,0.0
1948-12-31,0.0
1949-01-01,0.0
1949-01-02,0.0
1949-01-03,0.0
1949-01-04,0.0
1949-01-05,0.0
1949-01-06,0.0
1949-01-07,0.0
1949-01-08,18.0
1949-01-09,0.0
1949-01-10,0.0
1949-01-11,11.2
1949-01-12,12.0
1949-01-13,20.8
1949-01-14,3.8
1949-01-15,14.0
1949-01-16,0.8
1949-01-17,0.0
1949-01-18,3.5
1949-01-19,46.0
1949-01-20,33.0
1949-01-21,37.0
1949-01-22,0.0
1949-01-23,1.0
1949-01-24,0.0
1949-01-25,26.3
1949-01-26,96.4
1949-01-27,47.3
1949-01-28,18.0
1949-01-29,0.0
1949-01-30,0.0
1949-01-31,19.0
1949-02-01,18.4
1949-02-02,2.5
1949-02-03,0.0
1949-02-04,0.0
1949-02-05,0.0
1949-02-06,0.0
1949-02-07,0.0
1949-02-08,26.2
1949-02-09,58.9
1949-02-10,0.0
1949-02-11,0.0
1949-02-12,0.0
1949-02-13,0.0
1949-02-14,0.0
1949-02-15,0.0
1949-02-16,0.0
1949-02-17,22.4
1949-02-18,5.7
1949-02-19,1.6
1949-02-20,0.0
1949-02-21,4.4
1949-02-22,48.3
1949-02-23,0.0
1949-02-24,0.0
1949-02-25,0.0
1949-02-26,0.0
1949-02-27,3.8
1949-02-28,0.0
1949-03-01,0.0
1949-03-02,0.0
1949-03-03,0.0
1949-03-04,3.6
1949-03-05,0.0
1949-03-06,1.0
1949-03-07,3.5
1949-03-08,2.6
1949-03-09,62.0
1949-03-10,0.0
1949-03-11,0.0
1949-03-12,0.0
1949-03-13,0.0
1949-03-14,0.0
1949-03-15,0.0
1949-03-16,0.0
1949-03-17,0.0
1949-03-18,0.0
1949-03-19,0.0
1949-03-20,23.2
1949-03-21,0.0
1949-03-22,0.0
1949-03-23,1.6
1949-03-24,3.3
1949-03-25,36.0
1949-03-26,16.7
1949-03-27,2.9
1949-03-28,0.0
1949-03-29,0.0
1949-03-30,0.0
1949-03-31,0.0
1949-04-01,0.0
1949-04-02,16.1
1949-04-03,4.4
1949-04-04,29.0
1949-04-05,5.2
1949-04-06,0.0
1949-04-07,0.0
1949-04-08,6.1
1949-04-09,0.0
1949-04-10,0.0
1949-04-11,0.0
1949-04-12,0.0
1949-04-13,0.0
1949-04-14,17.3
1949-04-15,3.0
1949-04-16,0.0
1949-04-17,0.0
1949-04-18,0.0
1949-04-19,0.0
1949-04-20,0.0
1949-04-21,0.0
1949-04-22,0.0
1949-04-23,0.0
1949-04-24,2.6
1949-04-25,0.0
1949-04-26,0.0
1949-04-27,0.0
1949-04-28,0.0
1949-04-29,0.0
1949-04-30,0.0
1949-05-01,0.0
1949-05-02,0.0
1949-05-03,0.0
1949-05-04,0.0
1949-05-05,0.0
1949-05-06,0.0
1949-05-07,0.0
1949-05-08,9.2
1949-05-09,0.0
1949-05-10,0.0
1949-05-11,12.0
1949-05-12,5.0
1949-05-13,0.0
1949-05-14,9.1
1949-05-15,3.0
1949-05-16,54.5
1949-05-17,2.3
1949-05-18,0.0
1949-05-19,0.0
1949-05-20,0.0
1949-05-21,0.0
1949-05-22,0.0
1949-05-23,0.0
1949-05-24,0.0
1949-05-25,0.0
1949-05-26,0.0
1949-05-27,0.0
1949-05-28,0.0
1949-05-29,0.0
1949-05-30,0.0
1949-05-31,0.0
1949-06-01,0.0
1949-06-02,0.0
1949-06-03,0.0
1949-06-04,0.0
1949-06-05,0.0
1949-06-06,11.0
1949-06-07,0.0
1949-06-08,0.0
1949-06-09,0.0
1949-06-10,0.0
1949-06-11,0.0
1949-06-12,25.5
1949-06-13,1.4
1949-06-14,0.0
1949-06-15,0.0
1949-06-16,7.8
1949-06-17,19.0
1949-06-18,16.5
1949-06-19,0.0
1949-06-20,0.0
1949-06-21,0.0
1949-06-22,0.0
1949-06-23,0.0
1949-06-24,0.0
1949-06-25,0.0
1949-06-26,21.7
1949-06-27,0.0
1949-06-28,0.0
1949-06-29,0.0
1949-06-30,57.1
1949-07-01,41.5
1949-07-02,4.1
1949-07-03,0.0
1949-07-04,0.0
1949-07-05,0.0
1949-07-06,0.0
1949-07-07,0.0
1949-07-08,19.2
1949-07-09,0.0
1949-07-10,0.0
1949-07-11,0.0
1949-07-12,0.0
1949-07-13,0.0
1949-07-14,0.0
1949-07-15,0.0
1949-07-16,0.0
1949-07-17,0.0
1949-07-18,33.8
1949-07-19,0.0
1949-07-20,0.0
1949-07-21,56.5
1949-07-22,19.2
1949-07-23,0.0
1949-07-24,0.0
1949-07-25,0.0
1949-07-26,12.6
1949-07-27,0.0
1949-07-28,0.0
1949-07-29,0.0
1949-07-30,0.0
1949-07-31,0.0
1949-08-01,0.0
1949-08-02,0.0
1949-08-03,0.0
1949-08-04,0.0
1949-08-05,0.0
1949-08-06,0.0
1949-08-07,0.0
1949-08-08,0.0
1949-08-09,0.0
1949-08-10,32.7
1949-08-11,21.8
1949-08-12,15.2
1949-08-13,0.0
1949-08-14,0.0
1949-08-15,0.0
1949-08-16,50.1
1949-08-17,0.0
1949-08-18,0.0
1949-08-19,0.0
1949-08-20,0.0
1949-08-21,0.0
1949-08-22,14.6
1949-08-23,0.0
1949-08-24,0.0
1949-08-25,37.8
1949-08-26,9.0
1949-08-27,7.0
1949-08-28,0.0
1949-08-29,0.0
1949-08-30,0.0
1949-08-31,0.0
1949-09-01,0.0
1949-09-02,0.0
1949-09-03,0.0
1949-09-04,0.0
1949-09-05,0.0
1949-09-06,40.5
1949-09-07,41.1
1949-09-08,0.0
1949-09-09,0.0
1949-09-10,0.0
1949-09-11,0.0
1949-09-12,0.0
1949-09-13,29.4
1949-09-14,0.0
1949-09-15,0.0
1949-09-16,0.0
1949-09-17,0.0
1949-09-18,0.0
1949-09-19,4.7
1949-09-20,0.0
1949-09-21,0.0
1949-09-22,11.3
1949-09-23,0.0
1949-09-24,0.0
1949-09-25,0.0
1949-09-26,0.0
1949-09-27,0.0
1949-09-28,0.0
1949-09-29,0.0
1949-09-30,0.0
1949-10-01,0.0
1949-10-02,0.0
1949-10-03,0.0
1949-10-04,0.0
1949-10-05,0.0
1949-10-06,0.0
1949-10-07,0.0
1949-10-08,0.0
1949-10-09,0.0
1949-10-10,14.5
1949-10-11,0.0
1949-10-12,0.0
1949-10-13,2.8
1949-10-14,0.0
1949-10-15,0.0
1949-10-16,0.0
1949-10-17,0.0
1949-10-18,4.0
1949-10-19,30.2
1949-10-20,0.0
1949-10-21,0.0
1949-10-22,0.0
1949-10-23,0.0
1949-10-24,5.6
1949-10-25,0.0
1949-10-26,14.0
1949-10-27,9.2
1949-10-28,0.0
1949-10-29,0.0
1949-10-30,44.5
1949-10-31,3.8
1949-11-01,0.0
1949-11-02,0.0
1949-11-03,0.0
1949-11-04,0.0
1949-11-05,15.3
1949-11-06,12.0
1949-11-07,23.3
1949-11-08,4.3
1949-11-09,0.0
1949-11-10,54.0
1949-11-11,27.3
1949-11-12,14.9
1949-11-13,0.0
1949-11-14,0.0
1949-11-15,0.0
1949-11-16,0.0
1949-11-17,0.0
1949-11-18,0.0
1949-11-19,0.0
1949-11-20,0.0
1949-11-21,0.0
1949-11-22,18.7
1949-11-23,3.1
1949-11-24,0.0
1949-11-25,0.0
1949-11-26,0.0
1949-11-27,0.0
1949-11-28,0.0
1949-11-29,0.0
1949-11-30,0.0
1949-12-01,3.2
1949-12-02,0.0
1949-12-03,0.0
1949-12-04,0.0
1949-12-05,14.5
1949-12-06,9.0
1949-12-07,0.0
1949-12-08,14.0
1949-12-09,19.7
1949-12-10,2.6
1949-12-11,0.0
1949-12-12,0.0
1949-12-13,2.9
1949-12-14,32.5
1949-12-15,21.0
1949-12-16,18.0
1949-12-17,8.6
1949-12-18,0.0
1949-12-19,0.0
1949-12-20,0.0
1949-12-21,0.0
1949-12-22,0.0
1949-12-23,0.0
1949-12-24,50.3
1949-12-25,0.0
1949-12-26,0.0
1949-12-27,0.0
1949-12-28,2.2
1949-12-29,0.0
1949-12-30,0.0
1949-12-31,22.0
1950-01-01,0.0
1950-01-02,0.0
1950-01-03,0.0
1950-01-04,0.0
1950-01-05,2.5
1950-01-06,75.0
1950-01-07,66.7
1950-01-08,21.5
1950-01-09,4.5
1950-01-10,0.4
1950-01-11,0.0
1950-01-12,11.3
1950-01-13,0.0
1950-01-14,14.3
1950-01-15,0.0
1950-01-16,0.0
1950-01-17,9.4
1950-01-18,16.0
1950-01-19,0.0
1950-01-20,60.0
1950-01-21,56.7
1950-01-22,54.5
1950-01-23,0.0
1950-01-24,0.0
1950-01-25,4.3
1950-01-26,6.3
1950-01-27,18.0
1950-01-28,31.8
1950-01-29,0.0
1950-01-30,7.4
1950-01-31,4.7
1950-02-01,9.6
1950-02-02,0.0
1950-02-03,0.0
1950-02-04,0.0
1950-02-05,2.1
1950-02-06,23.3
1950-02-07,13.4
1950-02-08,0.0
1950-02-09,5.4
1950-02-10,0.0
1950-02-11,50.6
1950-02-12,0.0
1950-02-13,0.0
1950-02-14,0.0
1950-02-15,0.0
1950-02-16,0.0
1950-02-17,12.3
1950-02-18,0.0
1950-02-19,0.0
1950-02-20,0.0
1950-02-21,51.0
1950-02-22,126.0
1950-02-23,21.7
1950-02-24,14.3
1950-02-25,0.0
1950-02-26,0.0
1950-02-27,0.0
1950-02-28,0.0
1950-03-01,0.0
1950-03-02,0.0
1950-03-03,0.0
1950-03-04,0.0
1950-03-05,0.0
1950-03-06,0.0
1950-03-07,0.0
1950-03-08,0.0
1950-03-09,0.0
1950-03-10,0.0
1950-03-11,56.0
1950-03-12,0.0
1950-03-13,13.5
1950-03-14,0.0
1950-03-15,0.0
1950-03-16,0.0
1950-03-17,3.0
1950-03-18,17.7
1950-03-19,0.0
1950-03-20,18.0
1950-03-21,45.3
1950-03-22,78.9
1950-03-23,0.0
1950-03-24,7.3
1950-03-25,0.0
1950-03-26,0.0
1950-03-27,0.0
1950-03-28,0.0
1950-03-29,0.0
1950-03-30,0.0
1950-03-31,0.0
1950-04-01,27.0
1950-04-02,3.0
1950-04-03,18.8
1950-04-04,69.0
1950-04-05,18.2
1950-04-06,0.0
1950-04-07,0.0
1950-04-08,0.0
1950-04-09,0.0
1950-04-10,0.0
1950-04-11,0.0
1950-04-12,0.0
1950-04-13,7.0
1950-04-14,9.0
1950-04-15,0.0
1950-04-16,44.3
1950-04-17,0.0
1950-04-18,0.0
1950-04-19,0.0
1950-04-20,0.0
1950-04-21,0.0
1950-04-22,0.0
1950-04-23,0.0
1950-04-24,0.0
1950-04-25,0.0
1950-04-26,0.0
1950-04-27,23.1
1950-04-28,15.5
1950-04-29,0.0
1950-04-30,0.0
1950-05-01,23.1
1950-05-02,0.0
1950-05-03,0.0
1950-05-04,10.3
1950-05-05,52.0
1950-05-06,0.0
1950-05-07,0.0
1950-05-08,0.0
1950-05-09,0.0
1950-05-10,0.0
1950-05-11,0.0
1950-05-12,0.0
1950-05-13,0.0
1950-05-14,0.0
1950-05-15,0.0
1950-05-16,0.0
1950-05-17,31.0
1950-05-18,0.0
1950-05-19,0.0
1950-05-20,0.0
1950-05-21,0.0
1950-05-22,7.0
1950-05-23,0.0
1950-05-24,0.0
1950-05-25,0.0
1950-05-26,0.0
1950-05-27,0.0
1950-05-28,0.0
1950-05-29,0.0
1950-05-30,25.0
1950-05-31,0.0
1950-06-01,0.0
1950-06-02,0.0
1950-06-03,0.0
1950-06-04,0.0
1950-06-05,0.0
1950-06-06,0.0
1950-06-07,7.0
1950-06-08,3.3
1950-06-09,0.0
1950-06-10,0.0
1950-06-11,0.0
1950-06-12,0.0
1950-06-13,17.0
1950-06-14,0.0
1950-06-15,0.0
1950-06-16,0.0
1950-06-17,0.0
1950-06-18,0.0
1950-06-19,0.0
1950-06-20,0.0
1950-06-21,0.0
1950-06-22,1.0
1950-06-23,0.0
1950-06-24,0.0
1950-06-25,27.8
1950-06-26,1.0
1950-06-27,0.0
1950-06-28,0.0
1950-06-29,0.0
1950-06-30,0.0
1950-07-01,0.0
1950-07-02,16.3
1950-07-03,0.0
1950-07-04,0.0
1950-07-05,5.0
1950-07-06,0.0
1950-07-07,0.0
1950-07-08,0.0
1950-07-09,0.0
1950-07-10,0.0
1950-07-11,0.0
1950-07-12,0.0
1950-07-13,0.0
1950-07-14,0.0
1950-07-15,0.0
1950-07-16,0.0
1950-07-17,0.0
1950-07-18,0.0
1950-07-19,0.0
1950-07-20,0.0
1950-07-21,0.0
1950-07-22,0.0
1950-07-23,0.0
1950-07-24,0.0
1950-07-25,0.0
1950-07-26,0.0
1950-07-27,0.0
1950-07-28,0.0
1950-07-29,0.0
1950-07-30,0.0
1950-07-31,0.0
1950-08-01,0.0
1950-08-02,0.0
1950-08-03,81.8
1950-08-04,0.0
1950-08-05,7.7
1950-08-06,3.2
1950-08-07,5.1
1950-08-08,12.0
1950-08-09,0.0
1950-08-10,0.0
1950-08-11,0.0
1950-08-12,0.0
1950-08-13,0.0
1950-08-14,0.0
1950-08-15,0.0
1950-08-16,0.0
1950-08-17,0.0
1950-08-18,0.0
1950-08-19,0.0
1950-08-20,0.0
1950-08-21,0.0
1950-08-22,0.0
1950-08-23,0.0
1950-08-24,0.0
1950-08-25,0.0
1950-08-26,0.0
1950-08-27,0.0
1950-08-28,0.0
1950-08-29,0.0
1950-08-30,0.0
1950-08-31,0.0
1950-09-01,0.0
1950-09-02,0.0
1950-09-03,0.0
1950-09-04,0.0
1950-09-05,0.0
1950-09-06,0.0
1950-09-07,0.0
1950-09-08,0.0
1950-09-09,0.0
1950-09-10,0.0
1950-09-11,0.0
1950-09-12,0.0
1950-09-13,0.0
1950-09-14,28.4
1950-09-15,0.0
1950-09-16,0.0
1950-09-17,0.0
1950-09-18,0.0
1950-09-19,0.0
1950-09-20,0.0
1950-09-21,18.2
1950-09-22,30.0
1950-09-23,50.7
1950-09-24,9.0
1950-09-25,0.0
1950-09-26,5.3
1950-09-27,0.0
1950-09-28,0.0
1950-09-29,0.0
1950-09-30,0.0
1950-10-01,0.0
1950-10-02,9.0
1950-10-03,18.2
1950-10-04,6.0
1950-10-05,0.0
1950-10-06,7.0
1950-10-07,0.0
1950-10-08,0.0
1950-10-09,0.0
1950-10-10,3.5
1950-10-11,0.0
1950-10-12,52.1
1950-10-13,10.4
1950-10-14,0.0
1950-10-15,0.0
1950-10-16,9.0
1950-10-17,18.2
1950-10-18,0.0
1950-10-19,9.0
1950-10-20,5.0
1950-10-21,38.8
1950-10-22,0.0
1950-10-23,0.0
1950-10-24,0.0
1950-10-25,0.0
1950-10-26,1.4
1950-10-27,0.0
1950-10-28,0.0
1950-10-29,0.0
1950-10-30,0.0
1950-10-31,18.0
1950-11-01,18.0
1950-11-02,58.3
1950-11-03,0.0
1950-11-04,0.0
1950-11-05,0.0
1950-11-06,0.0
1950-11-07,0.0
1950-11-08,11.5
1950-11-09,0.0
1950-11-10,0.0
1950-11-11,0.0
1950-11-12,0.0
1950-11-13,15.1
1950-11-14,18.0
1950-11-15,0.0
1950-11-16,0.0
1950-11-17,50.2
1950-11-18,61.6
1950-11-19,18.3
1950-11-20,0.0
1950-11-21,0.0
1950-11-22,0.0
1950-11-23,29.5
1950-11-24,0.0
1950-11-25,0.0
1950-11-26,3.4
1950-11-27,11.9
1950-11-28,2.0
1950-11-29,0.0
1950-11-30,12.3
1950-12-01,0.0
1950-12-02,0.0
1950-12-03,0.0
1950-12-04,0.0
1950-12-05,0.0
1950-12-06,247.5
1950-12-07,5.0
1950-12-08,9.0
1950-12-09,2.0
1950-12-10,0.0
1950-12-11,0.0
1950-12-12,0.0
1950-12-13,0.0
1950-12-14,0.0
1950-12-15,0.0
1950-12-16,0.0
1950-12-17,0.0
1950-12-18,0.0
1950-12-19,0.0
1950-12-20,4.3
1950-12-21,0.0
1950-12-22,7.4
1950-12-23,0.0
1950-12-24,0.0
1950-12-25,0.0
1950-12-26,0.0
1950-12-27,0.0
1950-12-28,6.8
1950-12-29,0.0
1950-12-30,4.0
1950-12-31,9.2
1951-01-01,19.8
1951-01-02,30.2
1951-01-03,15.2
1951-01-04,0.0
1951-01-05,0.0
1951-01-06,0.0
1951-01-07,0.0
1951-01-08,0.0
1951-01-09,52.5
1951-01-10,0.0
1951-01-11,0.0
1951-01-12,0.9
1951-01-13,0.0
1951-01-14,0.4
1951-01-15,2.5
1951-01-16,0.0
1951-01-17,13.2
1951-01-18,21.1
1951-01-19,25.6
1951-01-20,21.5
1951-01-21,12.0
1951-01-22,10.1
1951-01-23,9.0
1951-01-24,18.3
1951-01-25,11.5
1951-01-26,0.0
1951-01-27,1.0
1951-01-28,0.0
1951-01-29,0.0
1951-01-30,0.0
1951-01-31,0.0
1951-02-01,0.0
1951-02-02,0.0
1951-02-03,0.0
1951-02-04,0.0
1951-02-05,0.0
1951-02-06,0.0
1951-02-07,0.0
1951-02-08,88.5
1951-02-09,9.3
1951-02-10,0.0
1951-02-11,6.3
1951-02-12,0.0
1951-02-13,1.5
1951-02-14,0.0
1951-02-15,0.0
1951-02-16,0.0
1951-02-17,0.0
1951-02-18,0.0
1951-02-19,0.0
1951-02-20,27.0
1951-02-21,0.0
1951-02-22,0.0
1951-02-23,27.8
1951-02-24,191.5
1951-02-25,0.0
1951-02-26,0.0
1951-02-27,23.2
1951-02-28,0.0
1951-03-01,0.0
1951-03-02,0.0
1951-03-03,0.0
1951-03-04,0.0
1951-03-05,0.0
1951-03-06,83.6
1951-03-07,46.0
1951-03-08,63.7
1951-03-09,0.0
1951-03-10,0.0
1951-03-11,0.0
1951-03-12,0.0
1951-03-13,39.0
1951-03-14,0.0
1951-03-15,0.0
1951-03-16,0.0
1951-03-17,0.0
1951-03-18,0.0
1951-03-19,9.0
1951-03-20,9.5
1951-03-21,0.0
1951-03-22,0.0
1951-03-23,0.0
1951-03-24,193.3
1951-03-25,171.0
1951-03-26,13.0
1951-03-27,0.0
1951-03-28,9.2
1951-03-29,0.0
1951-03-30,0.0
1951-03-31,0.0
1951-04-01,0.0
1951-04-02,0.0
1951-04-03,0.0
1951-04-04,18.5
1951-04-05,0.0
1951-04-06,9.2
1951-04-07,48.5
1951-04-08,0.0
1951-04-09,0.0
1951-04-10,0.0
1951-04-11,0.0
1951-04-12,0.0
1951-04-13,0.0
1951-04-14,0.0
1951-04-15,151.4
1951-04-16,29.8
1951-04-17,0.0
1951-04-18,0.0
1951-04-19,7.3
1951-04-20,0.0
1951-04-21,0.0
1951-04-22,14.5
1951-04-23,0.0
1951-04-24,0.0
1951-04-25,0.0
1951-04-26,0.0
1951-04-27,0.0
1951-04-28,9.2
1951-04-29,0.0
1951-04-30,0.0
1951-05-01,0.0
1951-05-02,0.0
1951-05-03,0.0
1951-05-04,0.0
1951-05-05,18.0
1951-05-06,21.5
1951-05-07,0.0
1951-05-08,0.0
1951-05-09,0.0
1951-05-10,0.0
1951-05-11,0.0
1951-05-12,0.0
1951-05-13,0.0
1951-05-14,0.0
1951-05-15,0.0
1951-05-16,0.0
1951-05-17,0.0
1951-05-18,0.0
1951-05-19,0.0
1951-05-20,11.9
1951-05-21,0.0
1951-05-22,0.0
1951-05-23,0.0
1951-05-24,0.0
1951-05-25,0.0
1951-05-26,0.0
1951-05-27,0.0
1951-05-28,32.0
1951-05-29,12.0
1951-05-30,17.5
1951-05-31,0.0
1951-06-01,6.5
1951-06-02,3.5
1951-06-03,0.0
1951-06-04,0.0
1951-06-05,0.0
1951-06-06,0.0
1951-06-07,9.0
1951-06-08,8.0
1951-06-09,0.0
1951-06-10,0.0
1951-06-11,0.0
1951-06-12,0.0
1951-06-13,0.0
1951-06-14,0.0
1951-06-15,0.0
1951-06-16,0.0
1951-06-17,0.0
1951-06-18,0.0
1951-06-19,0.0
1951-06-20,0.0
1951-06-21,0.0
1951-06-22,0.0
1951-06-23,0.0
1951-06-24,0.0
1951-06-25,0.0
1951-06-26,0.0
1951-06-27,0.0
1951-06-28,0.0
1951-06-29,4.2
1951-06-30,0.0
1951-07-01,0.0
1951-07-02,0.0
1951-07-03,0.0
1951-07-04,0.0
1951-07-05,23.4
1951-07-06,8.0
1951-07-07,0.0
1951-07-08,0.0
1951-07-09,0.0
1951-07-10,0.0
1951-07-11,0.0
1951-07-12,0.0
1951-07-13,0.0
1951-07-14,0.0
1951-07-15,0.0
1951-07-16,0.0
1951-07-17,0.0
1951-07-18,0.0
1951-07-19,0.0
1951-07-20,0.0
1951-07-21,0.0
1951-07-22,0.0
1951-07-23,0.0
1951-07-24,18.2
1951-07-25,0.0
1951-07-26,0.0
1951-07-27,0.0
1951-07-28,0.0
1951-07-29,0.0
1951-07-30,0.0
1951-07-31,0.0
1951-08-01,0.0
1951-08-02,0.0
1951-08-03,0.0
1951-08-04,0.0
1951-08-05,20.2
1951-08-06,0.0
1951-08-07,0.0
1951-08-08,0.0
1951-08-09,0.0
1951-08-10,0.0
1951-08-11,0.0
1951-08-12,0.0
1951-08-13,0.0
1951-08-14,0.0
1951-08-15,0.0
1951-08-16,6.7
1951-08-17,0.0
1951-08-18,0.0
1951-08-19,0.0
1951-08-20,0.0
1951-08-21,0.0
1951-08-22,9.4
1951-08-23,19.0
1951-08-24,0.0
1951-08-25,0.0
1951-08-26,0.0
1951-08-27,0.0
1951-08-28,18.0
1951-08-29,27.9
1951-08-30,0.0
1951-08-31,0.0
1951-09-01,0.0
1951-09-02,0.0
1951-09-03,0.0
1951-09-04,0.0
1951-09-05,0.0
1951-09-06,0.0
1951-09-07,0.0
1951-09-08,0.0
1951-09-09,0.0
1951-09-10,0.0
1951-09-11,0.0
1951-09-12,0.0
1951-09-13,0.0
1951-09-14,0.0
1951-09-15,0.0
1951-09-16,0.0
1951-09-17,0.0
1951-09-18,0.0
1951-09-19,0.0
1951-09-20,6.6
1951-09-21,0.0
1951-09-22,0.0
1951-09-23,0.0
1951-09-24,0.0
1951-09-25,0.0
1951-09-26,0.0
1951-09-27,0.0
1951-09-28,0.0
1951-09-29,0.0
1951-09-30,17.2
1951-10-01,0.0
1951-10-02,4.0
1951-10-03,9.2
1951-10-04,0.0
1951-10-05,0.0
1951-10-06,0.0
1951-10-07,0.0
1951-10-08,0.0
1951-10-09,0.0
1951-10-10,0.0
1951-10-11,3.6
1951-10-12,0.0
1951-10-13,0.0
1951-10-14,9.3
1951-10-15,18.4
1951-10-16,0.0
1951-10-17,0.0
1951-10-18,0.0
1951-10-19,59.0
1951-10-20,61.3
1951-10-21,46.8
1951-10-22,0.0
1951-10-23,0.0
1951-10-24,0.0
1951-10-25,18.4
1951-10-26,0.8
1951-10-27,0.0
1951-10-28,0.0
1951-10-29,16.9
1951-10-30,11.0
1951-10-31,0.0
1951-11-01,0.0
1951-11-02,0.0
1951-11-03,0.0
1951-11-04,0.0
1951-11-05,6.5
1951-11-06,0.0
1951-11-07,0.0
1951-11-08,0.0
1951-11-09,24.1
1951-11-10,5.2
1951-11-11,0.0
1951-11-12,0.0
1951-11-13,0.0
1951-11-14,0.0
1951-11-15,5.3
1951-11-16,0.0
1951-11-17,1.0
1951-11-18,0.0
1951-11-19,0.0
1951-11-20,0.0
1951-11-21,9.4
1951-11-22,0.0
1951-11-23,0.0
1951-11-24,0.0
1951-11-25,45.3
1951-11-26,63.0
1951-11-27,16.2
1951-11-28,0.0
1951-11-29,19.2
1951-11-30,0.0
1951-12-01,0.0
1951-12-02,10.5
1951-12-03,0.0
1951-12-04,0.0
1951-12-05,9.3
1951-12-06,0.0
1951-12-07,0.0
1951-12-08,0.0
1951-12-09,4.0
1951-12-10,0.0
1951-12-11,0.0
1951-12-12,0.0
1951-12-13,36.6
1951-12-14,0.0
1951-12-15,0.0
1951-12-16,0.0
1951-12-17,9.0
1951-12-18,31.3
1951-12-19,11.0
1951-12-20,9.7
1951-12-21,0.0
1951-12-22,8.0
1951-12-23,8.3
1951-12-24,2.8
1951-12-25,0.0
1951-12-26,0.0
1951-12-27,0.0
1951-12-28,0.0
1951-12-29,0.0
1951-12-30,3.0
1951-12-31,5.1
1952-01-01,15.6
1952-01-02,0.0
1952-01-03,11.6
1952-01-04,0.0
1952-01-05,0.0
1952-01-06,0.0
1952-01-07,7.0
1952-01-08,13.6
1952-01-09,17.0
1952-01-10,0.0
1952-01-11,0.0
1952-01-12,0.0
1952-01-13,45.0
1952-01-14,38.5
1952-01-15,27.0
1952-01-16,36.4
1952-01-17,23.1
1952-01-18,1.0
1952-01-19,22.3
1952-01-20,0.0
1952-01-21,0.0
1952-01-22,0.0
1952-01-23,0.0
1952-01-24,4.0
1952-01-25,0.0
1952-01-26,9.5
1952-01-27,9.0
1952-01-28,27.0
1952-01-29,0.0
1952-01-30,0.0
1952-01-31,8.1
1952-02-01,15.4
1952-02-02,12.2
1952-02-03,37.9
1952-02-04,1.8
1952-02-05,0.0
1952-02-06,0.0
1952-02-07,176.1
1952-02-08,0.0
1952-02-09,0.0
1952-02-10,0.0
1952-02-11,0.0
1952-02-12,0.0
1952-02-13,0.0
1952-02-14,0.0
1952-02-15,0.0
1952-02-16,0.0
1952-02-17,0.0
1952-02-18,0.0
1952-02-19,0.0
1952-02-20,14.8
1952-02-21,19.3
1952-02-22,101.1
1952-02-23,84.6
1952-02-24,0.0
1952-02-25,33.9
1952-02-26,0.0
1952-02-27,3.2
1952-02-28,5.0
1952-02-29,36.0
1952-03-01,17.0
1952-03-02,9.3
1952-03-03,46.0
1952-03-04,8.0
1952-03-05,18.5
1952-03-06,0.0
1952-03-07,0.0
1952-03-08,6.0
1952-03-09,0.0
1952-03-10,7.0
1952-03-11,0.0
1952-03-12,3.0
1952-03-13,2.3
1952-03-14,12.1
1952-03-15,45.5
1952-03-16,9.2
1952-03-17,0.0
1952-03-18,0.0
1952-03-19,0.0
1952-03-20,0.0
1952-03-21,0.0
1952-03-22,0.0
1952-03-23,0.0
1952-03-24,0.0
1952-03-25,12.1
1952-03-26,27.4
1952-03-27,50.2
1952-03-28,0.0
1952-03-29,0.0
1952-03-30,0.0
1952-03-31,7.2
1952-04-01,7.1
1952-04-02,33.0
1952-04-03,0.0
1952-04-04,0.0
1952-04-05,0.0
1952-04-06,0.0
1952-04-07,0.0
1952-04-08,0.0
1952-04-09,0.0
1952-04-10,0.0
1952-04-11,0.0
1952-04-12,0.0
1952-04-13,0.9
1952-04-14,0.0
1952-04-15,0.0
1952-04-16,0.0
1952-04-17,0.0
1952-04-18,0.0
1952-04-19,0.0
1952-04-20,0.0
1952-04-21,0.0
1952-04-22,0.0
1952-04-23,30.8
1952-04-24,0.0
1952-04-25,45.2
1952-04-26,0.0
1952-04-27,0.0
1952-04-28,0.0
1952-04-29,0.0
1952-04-30,0.0
1952-05-01,0.0
1952-05-02,0.0
1952-05-03,0.0
1952-05-04,0.0
1952-05-05,18.0
1952-05-06,27.5
1952-05-07,0.0
1952-05-08,0.0
1952-05-09,0.0
1952-05-10,0.0
1952-05-11,0.0
1952-05-12,0.0
1952-05-13,0.0
1952-05-14,0.0
1952-05-15,0.0
1952-05-16,0.0
1952-05-17,0.0
1952-05-18,0.0
1952-05-19,0.0
1952-05-20,0.0
1952-05-21,0.0
1952-05-22,0.0
1952-05-23,0.0
1952-05-24,4.2
1952-05-25,0.0
1952-05-26,0.0
1952-05-27,0.0
1952-05-28,0.0
1952-05-29,0.0
1952-05-30,0.0
1952-05-31,0.0
1952-06-01,0.0
1952-06-02,0.0
1952-06-03,0.0
1952-06-04,4.2
1952-06-05,16.0
1952-06-06,0.0
1952-06-07,0.0
1952-06-08,0.0
1952-06-09,0.0
1952-06-10,18.0
1952-06-11,0.0
1952-06-12,0.0
1952-06-13,2.0
1952-06-14,11.2
1952-06-15,55.3
1952-06-16,0.8
1952-06-17,8.0
1952-06-18,9.0
1952-06-19,18.0
1952-06-20,0.0
1952-06-21,7.2
1952-06-22,0.0
1952-06-23,0.0
1952-06-24,0.0
1952-06-25,0.0
1952-06-26,0.0
1952-06-27,0.0
1952-06-28,0.0
1952-06-29,0.0
1952-06-30,2.0
1952-07-01,0.0
1952-07-02,30.0
1952-07-03,56.0
1952-07-04,0.8
1952-07-05,0.0
1952-07-06,0.0
1952-07-07,0.0
1952-07-08,0.0
1952-07-09,0.0
1952-07-10,0.0
1952-07-11,0.0
1952-07-12,0.0
1952-07-13,0.0
1952-07-14,0.0
1952-07-15,0.0
1952-07-16,0.0
1952-07-17,0.0
1952-07-18,0.0
1952-07-19,0.0
1952-07-20,0.0
1952-07-21,0.0
1952-07-22,0.0
1952-07-23,12.3
1952-07-24,0.0
1952-07-25,0.0
1952-07-26,9.0
1952-07-27,16.0
1952-07-28,0.0
1952-07-29,0.0
1952-07-30,0.0
1952-07-31,0.0
1952-08-01,0.0
1952-08-02,0.0
1952-08-03,0.0
1952-08-04,4.2
1952-08-05,3.0
1952-08-06,0.0
1952-08-07,0.0
1952-08-08,0.0
1952-08-09,9.1
1952-08-10,0.0
1952-08-11,0.0
1952-08-12,0.0
1952-08-13,0.0
1952-08-14,0.0
1952-08-15,0.0
1952-08-16,0.0
1952-08-17,0.0
1952-08-18,0.0
1952-08-19,9.0
1952-08-20,12.1
1952-08-21,0.0
1952-08-22,0.0
1952-08-23,0.0
1952-08-24,0.0
1952-08-25,0.0
1952-08-26,0.0
1952-08-27,7.0
1952-08-28,1.6
1952-08-29,0.0
1952-08-30,0.0
1952-08-31,0.0
1952-09-01,0.0
1952-09-02,0.0
1952-09-03,0.2
1952-09-04,0.0
1952-09-05,3.0
1952-09-06,27.2
1952-09-07,38.3
1952-09-08,42.0
1952-09-09,0.0
1952-09-10,41.2
1952-09-11,0.0
1952-09-12,0.0
1952-09-13,9.5
1952-09-14,32.9
1952-09-15,0.0
1952-09-16,0.0
1952-09-17,8.0
1952-09-18,27.2
1952-09-19,5.5
1952-09-20,18.0
1952-09-21,0.0
1952-09-22,0.0
1952-09-23,0.0
1952-09-24,0.0
1952-09-25,0.0
1952-09-26,0.0
1952-09-27,4.1
1952-09-28,0.0
1952-09-29,3.2
1952-09-30,0.0
1952-10-01,0.0
1952-10-02,0.0
1952-10-03,9.0
1952-10-04,0.0
1952-10-05,0.0
1952-10-06,0.0
1952-10-07,0.0
1952-10-08,0.0
1952-10-09,9.0
1952-10-10,0.5
1952-10-11,0.0
1952-10-12,36.0
1952-10-13,19.3
1952-10-14,0.0
1952-10-15,0.0
1952-10-16,0.0
1952-10-17,0.0
1952-10-18,0.0
1952-10-19,0.0
1952-10-20,0.0
1952-10-21,9.9
1952-10-22,0.0
1952-10-23,16.3
1952-10-24,5.4
1952-10-25,2.9
1952-10-26,12.7
1952-10-27,0.0
1952-10-28,11.5
1952-10-29,36.0
1952-10-30,19.2
1952-10-31,0.0
1952-11-01,5.7
1952-11-02,6.0
1952-11-03,18.0
1952-11-04,15.3
1952-11-05,0.0
1952-11-06,9.0
1952-11-07,0.0
1952-11-08,16.0
1952-11-09,3.2
1952-11-10,4.0
1952-11-11,12.6
1952-11-12,0.0
1952-11-13,6.3
1952-11-14,0.0
1952-11-15,0.0
1952-11-16,0.0
1952-11-17,1.7
1952-11-18,0.0
1952-11-19,0.0
1952-11-20,16.3
1952-11-21,34.0
1952-11-22,19.2
1952-11-23,9.1
1952-11-24,0.0
1952-11-25,0.0
1952-11-26,0.0
1952-11-27,18.3
1952-11-28,0.0
1952-11-29,0.0
1952-11-30,0.0
1952-12-01,27.2
1952-12-02,0.0
1952-12-03,0.0
1952-12-04,0.0
1952-12-05,0.0
1952-12-06,45.7
1952-12-07,2.8
1952-12-08,0.0
1952-12-09,0.0
1952-12-10,4.6
1952-12-11,0.0
1952-12-12,2.0
1952-12-13,130.4
1952-12-14,11.2
1952-12-15,0.0
1952-12-16,0.0
1952-12-17,0.0
1952-12-18,18.0
1952-12-19,64.4
1952-12-20,0.0
1952-12-21,0.0
1952-12-22,0.0
1952-12-23,0.0
1952-12-24,0.0
1952-12-25,0.0
1952-12-26,5.0
1952-12-27,9.2
1952-12-28,0.0
1952-12-29,0.0
1952-12-30,0.0
1952-12-31,0.0
1953-01-01,0.0
1953-01-02,18.2
1953-01-03,0.0
1953-01-04,0.0
1953-01-05,0.0
1953-01-06,9.0
1953-01-07,7.2
1953-01-08,0.0
1953-01-09,41.0
1953-01-10,0.0
1953-01-11,0.0
1953-01-12,0.0
1953-01-13,0.0
1953-01-14,0.0
1953-01-15,0.0
1953-01-16,0.0
1953-01-17,0.2
1953-01-18,0.0
1953-01-19,0.0
1953-01-20,0.0
1953-01-21,0.0
1953-01-22,5.0
1953-01-23,9.0
1953-01-24,0.0
1953-01-25,48.9
1953-01-26,0.0
1953-01-27,12.1
1953-01-28,0.0
1953-01-29,0.0
1953-01-30,9.2
1953-01-31,0.3
1953-02-01,0.0
1953-02-02,84.2
1953-02-03,46.6
1953-02-04,0.0
1953-02-05,0.0
1953-02-06,0.0
1953-02-07,0.0
1953-02-08,0.0
1953-02-09,0.0
1953-02-10,0.0
1953-02-11,19.9
1953-02-12,30.8
1953-02-13,0.0
1953-02-14,40.0
1953-02-15,91.7
1953-02-16,50.0
1953-02-17,0.0
1953-02-18,0.0
1953-02-19,9.0
1953-02-20,0.0
1953-02-21,0.0
1953-02-22,0.0
1953-02-23,0.0
1953-02-24,0.0
1953-02-25,0.0
1953-02-26,0.0
1953-02-27,0.0
1953-02-28,0.0
1953-03-01,0.0
1953-03-02,0.0
1953-03-03,0.0
1953-03-04,0.0
1953-03-05,0.0
1953-03-06,0.0
1953-03-07,0.0
1953-03-08,0.0
1953-03-09,0.0
1953-03-10,0.0
1953-03-11,0.0
1953-03-12,18.6
1953-03-13,0.0
1953-03-14,42.8
1953-03-15,0.0
1953-03-16,0.0
1953-03-17,0.0
1953-03-18,0.0
1953-03-19,0.0
1953-03-20,0.0
1953-03-21,0.0
1953-03-22,0.0
1953-03-23,0.0
1953-03-24,0.0
1953-03-25,41.8
1953-03-26,0.0
1953-03-27,0.0
1953-03-28,18.2
1953-03-29,0.0
1953-03-30,24.0
1953-03-31,0.0
1953-04-01,0.0
1953-04-02,9.2
1953-04-03,15.0
1953-04-04,7.3
1953-04-05,3.6
1953-04-06,3.0
1953-04-07,0.0
1953-04-08,0.0
1953-04-09,18.0
1953-04-10,0.0
1953-04-11,81.0
1953-04-12,0.0
1953-04-13,0.0
1953-04-14,0.0
1953-04-15,0.0
1953-04-16,0.0
1953-04-17,18.8
1953-04-18,30.0
1953-04-19,0.0
1953-04-20,0.0
1953-04-21,0.0
1953-04-22,0.0
1953-04-23,18.0
1953-04-24,25.0
1953-04-25,0.0
1953-04-26,0.0
1953-04-27,0.0
1953-04-28,0.0
1953-04-29,0.0
1953-04-30,0.0
1953-05-01,0.0
1953-05-02,0.0
1953-05-03,9.1
1953-05-04,0.0
1953-05-05,3.2
1953-05-06,12.4
1953-05-07,0.0
1953-05-08,0.0
1953-05-09,18.5
1953-05-10,2.0
1953-05-11,0.3
1953-05-12,0.0
1953-05-13,18.4
1953-05-14,0.0
1953-05-15,0.5
1953-05-16,9.0
1953-05-17,0.0
1953-05-18,0.0
1953-05-19,0.0
1953-05-20,0.0
1953-05-21,0.4
1953-05-22,0.0
1953-05-23,4.0
1953-05-24,0.0
1953-05-25,9.0
1953-05-26,0.0
1953-05-27,0.0
1953-05-28,0.0
1953-05-29,0.0
1953-05-30,0.0
1953-05-31,0.5
1953-06-01,0.0
1953-06-02,3.0
1953-06-03,0.1
1953-06-04,0.0
1953-06-05,0.0
1953-06-06,0.0
1953-06-07,2.2
1953-06-08,5.0
1953-06-09,0.0
1953-06-10,0.0
1953-06-11,0.0
1953-06-12,0.0
1953-06-13,0.0
1953-06-14,0.0
1953-06-15,0.0
1953-06-16,0.0
1953-06-17,0.0
1953-06-18,2.3
1953-06-19,0.0
1953-06-20,0.0
1953-06-21,0.0
1953-06-22,0.0
1953-06-23,0.0
1953-06-24,0.0
1953-06-25,0.0
1953-06-26,0.0
1953-06-27,0.0
1953-06-28,0.0
1953-06-29,0.0
1953-06-30,0.0
1953-07-01,0.0
1953-07-02,0.0
1953-07-03,0.0
1953-07-04,6.3
1953-07-05,0.4
1953-07-06,0.0
1953-07-07,0.0
1953-07-08,0.0
1953-07-09,2.0
1953-07-10,3.0
1953-07-11,0.0
1953-07-12,0.0
1953-07-13,0.0
1953-07-14,0.0
1953-07-15,0.0
1953-07-16,0.0
1953-07-17,0.0
1953-07-18,0.0
1953-07-19,0.0
1953-07-20,0.0
1953-07-21,0.0
1953-07-22,0.0
1953-07-23,0.0
1953-07-24,0.0
1953-07-25,0.0
1953-07-26,0.0
1953-07-27,0.0
1953-07-28,9.0
1953-07-29,23.0
1953-07-30,3.2
1953-07-31,0.6
1953-08-01,0.0
1953-08-02,0.0
1953-08-03,4.0
1953-08-04,2.0
1953-08-05,0.0
1953-08-06,0.0
1953-08-07,0.0
1953-08-08,0.0
1953-08-09,0.0
1953-08-10,0.0
1953-08-11,0.0
1953-08-12,0.0
1953-08-13,0.0
1953-08-14,0.0
1953-08-15,0.0
1953-08-16,0.0
1953-08-17,0.0
1953-08-18,0.0
1953-08-19,0.0
1953-08-20,0.0
1953-08-21,0.0
1953-08-22,0.0
1953-08-23,0.0
1953-08-24,0.0
1953-08-25,0.0
1953-08-26,9.0
1953-08-27,12.3
1953-08-28,0.0
1953-08-29,0.0
1953-08-30,4.1
1953-08-31,0.0
1953-09-01,0.0
1953-09-02,0.0
1953-09-03,3.0
1953-09-04,0.0
1953-09-05,0.2
1953-09-06,0.0
1953-09-07,0.0
1953-09-08,1.0
1953-09-09,0.0
1953-09-10,0.0
1953-09-11,4.7
1953-09-12,0.0
1953-09-13,2.0
1953-09-14,9.0
1953-09-15,18.0
1953-09-16,9.0
1953-09-17,12.6
1953-09-18,0.0
1953-09-19,0.0
1953-09-20,0.0
1953-09-21,0.0
1953-09-22,0.0
1953-09-23,0.0
1953-09-24,0.0
1953-09-25,0.0
1953-09-26,0.0
1953-09-27,0.0
1953-09-28,0.0
1953-09-29,0.0
1953-09-30,0.0
1953-10-01,0.0
1953-10-02,0.0
1953-10-03,0.0
1953-10-04,0.0
1953-10-05,0.0
1953-10-06,0.0
1953-10-07,9.3
1953-10-08,0.0
1953-10-09,9.6
1953-10-10,0.0
1953-10-11,0.0
1953-10-12,14.2
1953-10-13,9.0
1953-10-14,5.2
1953-10-15,0.0
1953-10-16,0.0
1953-10-17,0.0
1953-10-18,0.0
1953-10-19,46.0
1953-10-20,57.8
1953-10-21,0.0
1953-10-22,0.0
1953-10-23,0.0
1953-10-24,0.0
1953-10-25,0.0
1953-10-26,0.0
1953-10-27,34.7
1953-10-28,5.3
1953-10-29,0.0
1953-10-30,18.0
1953-10-31,0.0
1953-11-01,7.9
1953-11-02,0.0
1953-11-03,12.9
1953-11-04,30.1
1953-11-05,0.0
1953-11-06,0.0
1953-11-07,0.0
1953-11-08,63.0
1953-11-09,76.8
1953-11-10,0.0
1953-11-11,0.0
1953-11-12,0.0
1953-11-13,1.6
1953-11-14,54.0
1953-11-15,36.3
1953-11-16,0.0
1953-11-17,0.0
1953-11-18,0.0
1953-11-19,0.0
1953-11-20,0.0
1953-11-21,28.0
1953-11-22,18.0
1953-11-23,0.0
1953-11-24,10.8
1953-11-25,6.5
1953-11-26,5.0
1953-11-27,0.0
1953-11-28,0.0
1953-11-29,0.0
1953-11-30,0.0
1953-12-01,6.5
1953-12-02,0.0
1953-12-03,0.0
1953-12-04,8.2
1953-12-05,18.0
1953-12-06,20.2
1953-12-07,0.0
1953-12-08,0.0
1953-12-09,20.5
1953-12-10,0.0
1953-12-11,0.0
1953-12-12,0.0
1953-12-13,2.0
1953-12-14,0.0
1953-12-15,6.2
1953-12-16,0.0
1953-12-17,26.0
1953-12-18,0.0
1953-12-19,0.0
1953-12-20,0.0
1953-12-21,20.3
1953-12-22,0.0
1953-12-23,0.0
1953-12-24,0.0
1953-12-25,0.0
1953-12-26,0.0
1953-12-27,0.0
1953-12-28,0.0
1953-12-29,9.8
1953-12-30,0.0
1953-12-31,0.0
1954-01-01,0.0
1954-01-02,0.0
1954-01-03,18.4
1954-01-04,12.4
1954-01-05,9.0
1954-01-06,6.6
1954-01-07,9.5
1954-01-08,0.0
1954-01-09,0.0
1954-01-10,0.0
1954-01-11,0.0
1954-01-12,0.0
1954-01-13,0.0
1954-01-14,0.0
1954-01-15,0.0
1954-01-16,0.0
1954-01-17,0.0
1954-01-18,0.0
1954-01-19,0.0
1954-01-20,0.0
1954-01-21,9.3
1954-01-22,0.0
1954-01-23,0.0
1954-01-24,0.0
1954-01-25,0.0
1954-01-26,0.0
1954-01-27,0.0
1954-01-28,0.0
1954-01-29,0.0
1954-01-30,0.0
1954-01-31,0.0
1954-02-01,0.0
1954-02-02,0.0
1954-02-03,0.0
1954-02-04,36.6
1954-02-05,0.0
1954-02-06,30.7
1954-02-07,0.0
1954-02-08,0.0
1954-02-09,0.0
1954-02-10,0.0
1954-02-11,9.1
1954-02-12,3.0
1954-02-13,0.0
1954-02-14,0.0
1954-02-15,0.0
1954-02-16,0.0
1954-02-17,0.0
1954-02-18,6.0
1954-02-19,0.0
1954-02-20,0.0
1954-02-21,0.0
1954-02-22,0.0
1954-02-23,0.0
1954-02-24,0.0
1954-02-25,0.0
1954-02-26,0.0
1954-02-27,0.0
1954-02-28,0.0
1954-03-01,0.0
1954-03-02,0.0
1954-03-03,0.0
1954-03-04,0.0
1954-03-05,0.0
1954-03-06,11.5
1954-03-07,3.5
1954-03-08,0.0
1954-03-09,5.3
1954-03-10,0.0
1954-03-11,30.6
1954-03-12,0.0
1954-03-13,21.3
1954-03-14,0.0
1954-03-15,0.0
1954-03-16,0.0
1954-03-17,0.0
1954-03-18,0.0
1954-03-19,89.2
1954-03-20,0.0
1954-03-21,0.0
1954-03-22,0.0
1954-03-23,0.0
1954-03-24,0.0
1954-03-25,0.0
1954-03-26,0.0
1954-03-27,0.0
1954-03-28,18.0
1954-03-29,4.1
1954-03-30,33.0
1954-03-31,0.0
1954-04-01,0.0
1954-04-02,15.6
1954-04-03,0.0
1954-04-04,14.0
1954-04-05,0.0
1954-04-06,8.0
1954-04-07,0.0
1954-04-08,0.0
1954-04-09,0.0
1954-04-10,0.0
1954-04-11,0.0
1954-04-12,0.0
1954-04-13,0.0
1954-04-14,18.0
1954-04-15,31.5
1954-04-16,13.0
1954-04-17,5.0
1954-04-18,0.0
1954-04-19,0.0
1954-04-20,9.0
1954-04-21,0.0
1954-04-22,0.0
1954-04-23,0.0
1954-04-24,0.0
1954-04-25,0.0
1954-04-26,0.0
1954-04-27,0.0
1954-04-28,0.0
1954-04-29,0.0
1954-04-30,0.0
1954-05-01,36.0
1954-05-02,10.1
1954-05-03,0.0
1954-05-04,0.0
1954-05-05,0.0
1954-05-06,13.8
1954-05-07,0.0
1954-05-08,0.0
1954-05-09,0.0
1954-05-10,8.5
1954-05-11,18.0
1954-05-12,0.0
1954-05-13,0.0
1954-05-14,51.9
1954-05-15,0.0
1954-05-16,0.0
1954-05-17,0.0
1954-05-18,0.0
1954-05-19,31.5
1954-05-20,10.0
1954-05-21,7.3
1954-05-22,45.0
1954-05-23,61.7
1954-05-24,0.0
1954-05-25,0.0
1954-05-26,0.0
1954-05-27,0.0
1954-05-28,0.0
1954-05-29,0.0
1954-05-30,0.0
1954-05-31,0.0
1954-06-01,0.0
1954-06-02,0.0
1954-06-03,0.0
1954-06-04,9.6
1954-06-05,0.0
1954-06-06,0.0
1954-06-07,45.0
1954-06-08,0.0
1954-06-09,0.0
1954-06-10,0.0
1954-06-11,0.0
1954-06-12,0.0
1954-06-13,0.0
1954-06-14,0.0
1954-06-15,0.0
1954-06-16,0.3
1954-06-17,0.0
1954-06-18,0.0
1954-06-19,0.0
1954-06-20,0.0
1954-06-21,0.0
1954-06-22,0.0
1954-06-23,0.0
1954-06-24,0.0
1954-06-25,2.0
1954-06-26,0.0
1954-06-27,3.1
1954-06-28,0.0
1954-06-29,0.0
1954-06-30,0.0
1954-07-01,0.0
1954-07-02,0.0
1954-07-03,0.0
1954-07-04,0.0
1954-07-05,4.2
1954-07-06,5.4
1954-07-07,0.0
1954-07-08,0.0
1954-07-09,0.0
1954-07-10,0.0
1954-07-11,0.0
1954-07-12,0.0
1954-07-13,0.0
1954-07-14,0.0
1954-07-15,0.0
1954-07-16,0.0
1954-07-17,0.0
1954-07-18,0.0
1954-07-19,0.0
1954-07-20,23.5
1954-07-21,0.0
1954-07-22,0.0
1954-07-23,11.7
1954-07-24,0.0
1954-07-25,0.0
1954-07-26,63.0
1954-07-27,13.3
1954-07-28,0.0
1954-07-29,0.0
1954-07-30,0.0
1954-07-31,0.0
1954-08-01,0.0
1954-08-02,0.0
1954-08-03,0.0
1954-08-04,0.0
1954-08-05,0.0
1954-08-06,0.0
1954-08-07,0.0
1954-08-08,0.0
1954-08-09,0.0
1954-08-10,0.0
1954-08-11,13.1
1954-08-12,0.0
1954-08-13,0.0
1954-08-14,0.0
1954-08-15,0.0
1954-08-16,0.0
1954-08-17,0.0
1954-08-18,0.0
1954-08-19,0.0
1954-08-20,0.0
1954-08-21,0.0
1954-08-22,0.0
1954-08-23,8.4
1954-08-24,0.0
1954-08-25,0.0
1954-08-26,0.0
1954-08-27,0.0
1954-08-28,61.0
1954-08-29,0.0
1954-08-30,0.0
1954-08-31,0.0
1954-09-01,0.0
1954-09-02,0.0
1954-09-03,0.0
1954-09-04,0.0
1954-09-05,0.0
1954-09-06,0.0
1954-09-07,0.0
1954-09-08,0.0
1954-09-09,0.0
1954-09-10,0.0
1954-09-11,0.0
1954-09-12,0.0
1954-09-13,0.0
1954-09-14,0.0
1954-09-15,51.8
1954-09-16,0.0
1954-09-17,0.0
1954-09-18,0.0
1954-09-19,0.0
1954-09-20,9.1
1954-09-21,9.0
1954-09-22,0.0
1954-09-23,0.0
1954-09-24,0.0
1954-09-25,0.0
1954-09-26,9.3
1954-09-27,14.0
1954-09-28,9.0
1954-09-29,11.0
1954-09-30,18.2
1954-10-01,2.0
1954-10-02,0.4
1954-10-03,0.0
1954-10-04,0.0
1954-10-05,0.0
1954-10-06,3.0
1954-10-07,2.2
1954-10-08,1.0
1954-10-09,2.0
1954-10-10,0.0
1954-10-11,0.0
1954-10-12,0.0
1954-10-13,36.0
1954-10-14,27.6
1954-10-15,0.0
1954-10-16,0.0
1954-10-17,0.0
1954-10-18,18.0
1954-10-19,12.6
1954-10-20,21.1
1954-10-21,1.6
1954-10-22,8.0
1954-10-23,0.0
1954-10-24,0.0
1954-10-25,0.0
1954-10-26,0.0
1954-10-27,0.0
1954-10-28,7.4
1954-10-29,0.0
1954-10-30,0.0
1954-10-31,9.0
1954-11-01,11.6
1954-11-02,12.0
1954-11-03,0.0
1954-11-04,3.0
1954-11-05,4.5
1954-11-06,0.0
1954-11-07,0.0
1954-11-08,0.0
1954-11-09,0.0
1954-11-10,13.6
1954-11-11,9.0
1954-11-12,0.0
1954-11-13,0.0
1954-11-14,0.0
1954-11-15,0.0
1954-11-16,12.1
1954-11-17,0.0
1954-11-18,0.0
1954-11-19,0.0
1954-11-20,0.0
1954-11-21,0.0
1954-11-22,0.0
1954-11-23,0.0
1954-11-24,38.2
1954-11-25,0.0
1954-11-26,0.0
1954-11-27,0.0
1954-11-28,0.0
1954-11-29,0.0
1954-11-30,0.0
1954-12-01,0.0
1954-12-02,0.0
1954-12-03,0.0
1954-12-04,19.5
1954-12-05,0.0
1954-12-06,0.0
1954-12-07,0.0
1954-12-08,0.0
1954-12-09,0.0
1954-12-10,0.0
1954-12-11,15.8
1954-12-12,0.0
1954-12-13,13.6
1954-12-14,0.0
1954-12-15,0.0
1954-12-16,0.0
1954-12-17,0.0
1954-12-18,0.0
1954-12-19,18.0
1954-12-20,68.7
1954-12-21,9.0
1954-12-22,0.0
1954-12-23,0.0
1954-12-24,0.0
1954-12-25,0.0
1954-12-26,0.0
1954-12-27,0.0
1954-12-28,70.0
1954-12-29,26.0
1954-12-30,0.0
1954-12-31,0.0
1955-01-01,0.0
1955-01-02,0.0
1955-01-03,0.0
1955-01-04,30.0
1955-01-05,7.8
1955-01-06,0.0
1955-01-07,0.0
1955-01-08,0.0
1955-01-09,0.0
1955-01-10,0.0
1955-01-11,21.2
1955-01-12,0.0
1955-01-13,0.0
1955-01-14,8.6
1955-01-15,37.6
1955-01-16,0.0
1955-01-17,0.0
1955-01-18,48.6
1955-01-19,11.4
1955-01-20,0.0
1955-01-21,0.0
1955-01-22,0.0
1955-01-23,0.0
1955-01-24,20.0
1955-01-25,42.2
1955-01-26,0.0
1955-01-27,0.0
1955-01-28,0.0
1955-01-29,0.0
1955-01-30,0.0
1955-01-31,0.0
1955-02-01,0.0
1955-02-02,0.0
1955-02-03,0.0
1955-02-04,0.0
1955-02-05,0.0
1955-02-06,0.0
1955-02-07,0.0
1955-02-08,0.0
1955-02-09,0.0
1955-02-10,0.0
1955-02-11,0.0
1955-02-12,0.0
1955-02-13,0.0
1955-02-14,0.0
1955-02-15,0.0
1955-02-16,0.0
1955-02-17,0.0
1955-02-18,0.0
1955-02-19,0.0
1955-02-20,0.0
1955-02-21,0.0
1955-02-22,0.0
1955-02-23,0.0
1955-02-24,4.3
1955-02-25,0.0
1955-02-26,0.0
1955-02-27,26.3
1955-02-28,0.0
1955-03-01,0.0
1955-03-02,13.3
1955-03-03,0.0
1955-03-04,0.0
1955-03-05,0.0
1955-03-06,0.0
1955-03-07,27.7
1955-03-08,0.0
1955-03-09,0.0
1955-03-10,0.0
1955-03-11,15.0
1955-03-12,30.8
1955-03-13,0.0
1955-03-14,0.0
1955-03-15,17.0
1955-03-16,9.5
1955-03-17,0.0
1955-03-18,2.9
1955-03-19,0.0
1955-03-20,0.0
1955-03-21,0.0
1955-03-22,0.0
1955-03-23,0.0
1955-03-24,0.0
1955-03-25,0.0
1955-03-26,0.0
1955-03-27,0.0
1955-03-28,0.0
1955-03-29,0.0
1955-03-30,8.0
1955-03-31,144.8
1955-04-01,0.0
1955-04-02,0.0
1955-04-03,7.0
1955-04-04,42.8
1955-04-05,0.0
1955-04-06,0.0
1955-04-07,0.0
1955-04-08,0.0
1955-04-09,0.0
1955-04-10,0.0
1955-04-11,54.3
1955-04-12,0.0
1955-04-13,9.3
1955-04-14,0.0
1955-04-15,0.0
1955-04-16,0.0
1955-04-17,0.0
1955-04-18,62.2
1955-04-19,0.0
1955-04-20,0.0
1955-04-21,0.0
1955-04-22,0.0
1955-04-23,0.0
1955-04-24,0.0
1955-04-25,0.0
1955-04-26,0.0
1955-04-27,0.0
1955-04-28,11.0
1955-04-29,20.3
1955-04-30,0.0
1955-05-01,0.0
1955-05-02,0.0
1955-05-03,0.0
1955-05-04,0.0
1955-05-05,9.0
1955-05-06,18.9
1955-05-07,9.0
1955-05-08,0.0
1955-05-09,0.0
1955-05-10,0.0
1955-05-11,0.0
1955-05-12,0.0
1955-05-13,0.0
1955-05-14,0.0
1955-05-15,0.0
1955-05-16,0.0
1955-05-17,27.1
1955-05-18,0.0
1955-05-19,0.0
1955-05-20,0.0
1955-05-21,30.1
1955-05-22,0.0
1955-05-23,3.5
1955-05-24,11.0
1955-05-25,0.0
1955-05-26,0.0
1955-05-27,0.0
1955-05-28,0.0
1955-05-29,0.0
1955-05-30,0.0
1955-05-31,0.0
1955-06-01,0.0
1955-06-02,43.2
1955-06-03,2.0
1955-06-04,0.0
1955-06-05,0.0
1955-06-06,0.0
1955-06-07,0.0
1955-06-08,0.0
1955-06-09,0.0
1955-06-10,0.0
1955-06-11,33.3
1955-06-12,0.0
1955-06-13,0.0
1955-06-14,0.0
1955-06-15,0.0
1955-06-16,0.0
1955-06-17,0.0
1955-06-18,0.0
1955-06-19,0.0
1955-06-20,0.0
1955-06-21,0.0
1955-06-22,24.4
1955-06-23,3.0
1955-06-24,4.5
1955-06-25,0.0
1955-06-26,0.0
1955-06-27,0.0
1955-06-28,0.0
1955-06-29,0.0
1955-06-30,0.0
1955-07-01,0.0
1955-07-02,0.0
1955-07-03,0.0
1955-07-04,5.3
1955-07-05,0.0
1955-07-06,3.6
1955-07-07,0.0
1955-07-08,30.0
1955-07-09,20.2
1955-07-10,9.0
1955-07-11,3.2
1955-07-12,0.0
1955-07-13,0.0
1955-07-14,0.0
1955-07-15,0.0
1955-07-16,0.0
1955-07-17,0.0
1955-07-18,0.0
1955-07-19,0.0
1955-07-20,0.0
1955-07-21,0.0
1955-07-22,0.0
1955-07-23,0.0
1955-07-24,0.0
1955-07-25,0.0
1955-07-26,0.0
1955-07-27,9.5
1955-07-28,0.0
1955-07-29,11.2
1955-07-30,0.0
1955-07-31,0.0
1955-08-01,0.0
1955-08-02,0.0
1955-08-03,0.0
1955-08-04,0.0
1955-08-05,0.0
1955-08-06,0.0
1955-08-07,0.0
1955-08-08,0.0
1955-08-09,0.0
1955-08-10,0.0
1955-08-11,0.0
1955-08-12,0.0
1955-08-13,0.0
1955-08-14,0.0
1955-08-15,0.0
1955-08-16,0.0
1955-08-17,0.0
1955-08-18,0.0
1955-08-19,0.0
1955-08-20,0.0
1955-08-21,0.0
1955-08-22,0.0
1955-08-23,0.0
1955-08-24,0.0
1955-08-25,0.0
1955-08-26,9.1
1955-08-27,18.0
1955-08-28,18.0
1955-08-29,0.0
1955-08-30,0.0
1955-08-31,0.0
1955-09-01,0.0
1955-09-02,0.0
1955-09-03,0.0
1955-09-04,9.5
1955-09-05,11.0
1955-09-06,9.0
1955-09-07,0.0
1955-09-08,0.0
1955-09-09,0.0
1955-09-10,0.0
1955-09-11,0.0
1955-09-12,0.0
1955-09-13,0.0
1955-09-14,0.0
1955-09-15,0.0
1955-09-16,0.0
1955-09-17,0.0
1955-09-18,0.0
1955-09-19,0.0
1955-09-20,0.0
1955-09-21,0.0
1955-09-22,0.0
1955-09-23,0.0
1955-09-24,0.0
1955-09-25,12.2
1955-09-26,0.0
1955-09-27,0.0
1955-09-28,13.3
1955-09-29,0.0
1955-09-30,0.0
1955-10-01,0.0
1955-10-02,32.5
1955-10-03,36.3
1955-10-04,0.0
1955-10-05,0.0
1955-10-06,0.0
1955-10-07,0.0
1955-10-08,0.0
1955-10-09,11.2
1955-10-10,0.0
1955-10-11,0.0
1955-10-12,0.0
1955-10-13,28.7
1955-10-14,0.0
1955-10-15,0.0
1955-10-16,0.0
1955-10-17,0.5
1955-10-18,4.0
1955-10-19,9.0
1955-10-20,11.2
1955-10-21,0.0
1955-10-22,0.0
1955-10-23,3.0
1955-10-24,0.0
1955-10-25,0.3
1955-10-26,3.0
1955-10-27,0.0
1955-10-28,0.0
1955-10-29,26.3
1955-10-30,0.0
1955-10-31,8.7
1955-11-01,0.0
1955-11-02,21.0
1955-11-03,0.7
1955-11-04,8.0
1955-11-05,0.0
1955-11-06,0.0
1955-11-07,0.0
1955-11-08,0.0
1955-11-09,0.0
1955-11-10,9.3
1955-11-11,30.0
1955-11-12,0.0
1955-11-13,14.0
1955-11-14,9.1
1955-11-15,0.0
1955-11-16,0.0
1955-11-17,0.0
1955-11-18,9.5
1955-11-19,16.0
1955-11-20,14.0
1955-11-21,210.5
1955-11-22,9.2
1955-11-23,80.0
1955-11-24,0.0
1955-11-25,0.0
1955-11-26,0.0
1955-11-27,0.0
1955-11-28,0.0
1955-11-29,0.0
1955-11-30,0.0
1955-12-01,0.0
1955-12-02,7.3
1955-12-03,9.7
1955-12-04,18.0
1955-12-05,0.0
1955-12-06,46.4
1955-12-07,0.0
1955-12-08,0.0
1955-12-09,8.0
1955-12-10,8.4
1955-12-11,0.0
1955-12-12,0.0
1955-12-13,0.0
1955-12-14,28.5
1955-12-15,0.0
1955-12-16,0.0
1955-12-17,21.8
1955-12-18,0.0
1955-12-19,0.0
1955-12-20,0.0
1955-12-21,0.0
1955-12-22,0.0
1955-12-23,11.2
1955-12-24,0.0
1955-12-25,0.0
1955-12-26,0.0
1955-12-27,0.0
1955-12-28,0.0
1955-12-29,9.8
1955-12-30,0.0
1955-12-31,0.0
1956-01-01,20.0
1956-01-02,150.2
1956-01-03,0.0
1956-01-04,0.0
1956-01-05,0.0
1956-01-06,0.0
1956-01-07,0.0
1956-01-08,0.0
1956-01-09,0.0
1956-01-10,0.0
1956-01-11,0.0
1956-01-12,0.0
1956-01-13,0.0
1956-01-14,0.0
1956-01-15,0.0
1956-01-16,0.0
1956-01-17,0.0
1956-01-18,0.0
1956-01-19,0.0
1956-01-20,0.0
1956-01-21,4.3
1956-01-22,0.0
1956-01-23,0.0
1956-01-24,0.0
1956-01-25,0.0
1956-01-26,0.0
1956-01-27,0.0
1956-01-28,0.0
1956-01-29,0.0
1956-01-30,0.0
1956-01-31,0.0
1956-02-01,0.0
1956-02-02,0.0
1956-02-03,0.0
1956-02-04,0.0
1956-02-05,0.0
1956-02-06,0.0
1956-02-07,0.0
1956-02-08,0.0
1956-02-09,0.0
1956-02-10,0.0
1956-02-11,0.0
1956-02-12,0.0
1956-02-13,0.0
1956-02-14,9.8
1956-02-15,24.1
1956-02-16,0.0
1956-02-17,90.5
1956-02-18,36.5
1956-02-19,0.0
1956-02-20,13.2
1956-02-21,9.3
1956-02-22,0.0
1956-02-23,0.0
1956-02-24,4.0
1956-02-25,2.2
1956-02-26,8.4
1956-02-27,7.0
1956-02-28,0.0
1956-02-29,0.0
1956-03-01,0.0
1956-03-02,110.6
1956-03-03,44.2
1956-03-04,6.0
1956-03-05,0.0
1956-03-06,0.0
1956-03-07,0.0
1956-03-08,22.5
1956-03-09,0.0
1956-03-10,0.0
1956-03-11,22.2
1956-03-12,0.0
1956-03-13,12.4
1956-03-14,5.5
1956-03-15,0.0
1956-03-16,0.0
1956-03-17,0.0
1956-03-18,18.2
1956-03-19,28.6
1956-03-20,32.4
1956-03-21,33.2
1956-03-22,0.0
1956-03-23,0.0
1956-03-24,0.0
1956-03-25,0.0
1956-03-26,18.4
1956-03-27,0.0
1956-03-28,0.0
1956-03-29,0.0
1956-03-30,0.0
1956-03-31,32.5
1956-04-01,0.0
1956-04-02,0.0
1956-04-03,0.0
1956-04-04,0.0
1956-04-05,0.0
1956-04-06,0.0
1956-04-07,0.0
1956-04-08,0.0
1956-04-09,0.0
1956-04-10,0.0
1956-04-11,0.0
1956-04-12,60.0
1956-04-13,19.1
1956-04-14,11.0
1956-04-15,0.0
1956-04-16,9.2
1956-04-17,0.0
1956-04-18,18.3
1956-04-19,6.0
1956-04-20,8.2
1956-04-21,0.0
1956-04-22,11.0
1956-04-23,0.0
1956-04-24,4.6
1956-04-25,9.0
1956-04-26,0.0
1956-04-27,0.0
1956-04-28,18.0
1956-04-29,13.1
1956-04-30,0.0
1956-05-01,0.0
1956-05-02,32.0
1956-05-03,0.0
1956-05-04,0.5
1956-05-05,0.0
1956-05-06,0.0
1956-05-07,2.0
1956-05-08,3.6
1956-05-09,0.0
1956-05-10,0.0
1956-05-11,0.0
1956-05-12,0.0
1956-05-13,3.1
1956-05-14,0.0
1956-05-15,0.0
1956-05-16,9.2
1956-05-17,0.0
1956-05-18,0.5
1956-05-19,0.0
1956-05-20,0.0
1956-05-21,0.0
1956-05-22,9.3
1956-05-23,0.0
1956-05-24,1.0
1956-05-25,9.3
1956-05-26,5.0
1956-05-27,9.0
1956-05-28,0.0
1956-05-29,0.0
1956-05-30,0.0
1956-05-31,0.0
1956-06-01,0.0
1956-06-02,0.0
1956-06-03,0.0
1956-06-04,0.0
1956-06-05,0.0
1956-06-06,0.0
1956-06-07,0.0
1956-06-08,9.5
1956-06-09,0.0
1956-06-10,0.0
1956-06-11,0.0
1956-06-12,9.0
1956-06-13,9.3
1956-06-14,18.0
1956-06-15,6.7
1956-06-16,0.0
1956-06-17,0.0
1956-06-18,0.0
1956-06-19,3.0
1956-06-20,1.8
1956-06-21,0.0
1956-06-22,15.0
1956-06-23,9.4
1956-06-24,0.0
1956-06-25,0.0
1956-06-26,0.0
1956-06-27,0.0
1956-06-28,3.1
1956-06-29,0.0
1956-06-30,17.4
1956-07-01,0.0
1956-07-02,9.5
1956-07-03,0.0
1956-07-04,0.0
1956-07-05,0.0
1956-07-06,0.0
1956-07-07,19.1
1956-07-08,0.0
1956-07-09,0.0
1956-07-10,0.0
1956-07-11,0.0
1956-07-12,0.0
1956-07-13,0.0
1956-07-14,0.0
1956-07-15,0.0
1956-07-16,0.0
1956-07-17,0.0
1956-07-18,0.0
1956-07-19,0.0
1956-07-20,4.3
1956-07-21,5.5
1956-07-22,0.0
1956-07-23,7.0
1956-07-24,9.0
1956-07-25,0.0
1956-07-26,0.0
1956-07-27,0.0
1956-07-28,0.0
1956-07-29,0.0
1956-07-30,0.0
1956-07-31,6.5
1956-08-01,5.0
1956-08-02,0.0
1956-08-03,20.0
1956-08-04,16.0
1956-08-05,30.4
1956-08-06,15.6
1956-08-07,0.0
1956-08-08,0.0
1956-08-09,0.0
1956-08-10,6.3
1956-08-11,0.0
1956-08-12,0.0
1956-08-13,0.0
1956-08-14,15.2
1956-08-15,0.0
1956-08-16,0.0
1956-08-17,0.0
1956-08-18,0.0
1956-08-19,0.0
1956-08-20,0.0
1956-08-21,0.0
1956-08-22,0.0
1956-08-23,0.0
1956-08-24,0.0
1956-08-25,31.0
1956-08-26,0.0
1956-08-27,0.0
1956-08-28,0.0
1956-08-29,0.0
1956-08-30,0.0
1956-08-31,0.0
1956-09-01,0.0
1956-09-02,0.0
1956-09-03,0.0
1956-09-04,0.0
1956-09-05,0.0
1956-09-06,0.0
1956-09-07,0.0
1956-09-08,0.0
1956-09-09,0.0
1956-09-10,0.0
1956-09-11,13.3
1956-09-12,9.7
1956-09-13,33.3
1956-09-14,5.0
1956-09-15,0.0
1956-09-16,0.0
1956-09-17,0.0
1956-09-18,0.0
1956-09-19,0.0
1956-09-20,11.7
1956-09-21,0.0
1956-09-22,0.0
1956-09-23,0.0
1956-09-24,0.0
1956-09-25,0.0
1956-09-26,0.0
1956-09-27,8.2
1956-09-28,0.0
1956-09-29,11.1
1956-09-30,0.0
1956-10-01,0.0
1956-10-02,0.0
1956-10-03,0.0
1956-10-04,0.0
1956-10-05,0.0
1956-10-06,0.0
1956-10-07,0.0
1956-10-08,0.0
1956-10-09,0.0
1956-10-10,20.0
1956-10-11,43.0
1956-10-12,60.5
1956-10-13,0.0
1956-10-14,0.0
1956-10-15,0.0
1956-10-16,14.6
1956-10-17,0.0
1956-10-18,0.0
1956-10-19,0.0
1956-10-20,0.0
1956-10-21,0.0
1956-10-22,0.0
1956-10-23,26.0
1956-10-24,9.0
1956-10-25,0.0
1956-10-26,0.0
1956-10-27,0.0
1956-10-28,11.1
1956-10-29,0.0
1956-10-30,5.0
1956-10-31,5.1
1956-11-01,0.0
1956-11-02,18.5
1956-11-03,0.0
1956-11-04,0.0
1956-11-05,22.4
1956-11-06,0.0
1956-11-07,0.0
1956-11-08,0.0
1956-11-09,9.0
1956-11-10,23.0
1956-11-11,0.0
1956-11-12,0.0
1956-11-13,0.0
1956-11-14,9.5
1956-11-15,13.1
1956-11-16,7.0
1956-11-17,9.0
1956-11-18,0.0
1956-11-19,0.0
1956-11-20,0.0
1956-11-21,22.2
1956-11-22,0.0
1956-11-23,0.0
1956-11-24,0.0
1956-11-25,0.0
1956-11-26,0.0
1956-11-27,58.6
1956-11-28,60.0
1956-11-29,0.0
1956-11-30,0.0
1956-12-01,0.0
1956-12-02,0.0
1956-12-03,0.0
1956-12-04,0.0
1956-12-05,0.0
1956-12-06,0.0
1956-12-07,5.0
1956-12-08,6.2
1956-12-09,9.0
1956-12-10,0.0
1956-12-11,0.0
1956-12-12,0.0
1956-12-13,0.0
1956-12-14,6.0
1956-12-15,11.2
1956-12-16,0.0
1956-12-17,0.0
1956-12-18,0.0
1956-12-19,0.0
1956-12-20,0.0
1956-12-21,0.0
1956-12-22,21.3
1956-12-23,0.0
1956-12-24,0.0
1956-12-25,0.0
1956-12-26,46.3
1956-12-27,0.0
1956-12-28,0.0
1956-12-29,0.0
1956-12-30,5.0
1956-12-31,0.0
1957-01-01,0.0
1957-01-02,0.0
1957-01-03,0.0
1957-01-04,0.0
1957-01-05,0.0
1957-01-06,0.0
1957-01-07,0.0
1957-01-08,0.0
1957-01-09,0.0
1957-01-10,12.0
1957-01-11,9.0
1957-01-12,0.0
1957-01-13,0.0
1957-01-14,0.0
1957-01-15,25.8
1957-01-16,28.0
1957-01-17,21.5
1957-01-18,45.6
1957-01-19,0.0
1957-01-20,0.0
1957-01-21,0.0
1957-01-22,0.0
1957-01-23,0.0
1957-01-24,0.0
1957-01-25,5.3
1957-01-26,18.0
1957-01-27,0.0
1957-01-28,0.0
1957-01-29,0.0
1957-01-30,0.0
1957-01-31,0.0
1957-02-01,0.0
1957-02-02,0.0
1957-02-03,0.0
1957-02-04,0.0
1957-02-05,36.6
1957-02-06,0.0
1957-02-07,0.0
1957-02-08,6.5
1957-02-09,9.0
1957-02-10,0.0
1957-02-11,14.0
1957-02-12,20.2
1957-02-13,0.0
1957-02-14,0.0
1957-02-15,0.0
1957-02-16,0.0
1957-02-17,0.0
1957-02-18,0.0
1957-02-19,0.0
1957-02-20,29.4
1957-02-21,9.0
1957-02-22,17.0
1957-02-23,20.3
1957-02-24,35.0
1957-02-25,14.0
1957-02-26,0.0
1957-02-27,20.3
1957-02-28,0.0
1957-03-01,0.0
1957-03-02,0.0
1957-03-03,0.0
1957-03-04,0.0
1957-03-05,0.0
1957-03-06,0.0
1957-03-07,13.6
1957-03-08,0.0
1957-03-09,0.0
1957-03-10,0.0
1957-03-11,4.0
1957-03-12,0.0
1957-03-13,3.3
1957-03-14,9.5
1957-03-15,11.0
1957-03-16,0.0
1957-03-17,8.0
1957-03-18,21.3
1957-03-19,0.0
1957-03-20,7.2
1957-03-21,21.0
1957-03-22,9.3
1957-03-23,5.0
1957-03-24,7.5
1957-03-25,0.0
1957-03-26,0.0
1957-03-27,0.0
1957-03-28,5.2
1957-03-29,0.0
1957-03-30,0.0
1957-03-31,0.0
1957-04-01,0.0
1957-04-02,5.2
1957-04-03,0.0
1957-04-04,5.3
1957-04-05,186.3
1957-04-06,14.7
1957-04-07,50.0
1957-04-08,0.0
1957-04-09,0.0
1957-04-10,0.0
1957-04-11,21.0
1957-04-12,0.0
1957-04-13,0.0
1957-04-14,34.7
1957-04-15,0.0
1957-04-16,0.0
1957-04-17,0.0
1957-04-18,0.0
1957-04-19,0.0
1957-04-20,6.8
1957-04-21,0.0
1957-04-22,0.0
1957-04-23,0.0
1957-04-24,0.0
1957-04-25,0.0
1957-04-26,0.0
1957-04-27,0.0
1957-04-28,0.0
1957-04-29,0.0
1957-04-30,0.0
1957-05-01,0.0
1957-05-02,5.2
1957-05-03,0.0
1957-05-04,5.7
1957-05-05,17.8
1957-05-06,0.0
1957-05-07,0.0
1957-05-08,0.0
1957-05-09,0.0
1957-05-10,0.0
1957-05-11,14.5
1957-05-12,0.0
1957-05-13,0.0
1957-05-14,1.1
1957-05-15,0.0
1957-05-16,0.0
1957-05-17,0.0
1957-05-18,0.0
1957-05-19,0.0
1957-05-20,0.0
1957-05-21,0.0
1957-05-22,0.0
1957-05-23,0.0
1957-05-24,0.0
1957-05-25,0.0
1957-05-26,0.0
1957-05-27,0.0
1957-05-28,0.0
1957-05-29,0.0
1957-05-30,0.0
1957-05-31,0.0
1957-06-01,0.0
1957-06-02,0.0
1957-06-03,0.0
1957-06-04,0.0
1957-06-05,0.0
1957-06-06,0.0
1957-06-07,12.8
1957-06-08,0.0
1957-06-09,0.0
1957-06-10,0.0
1957-06-11,0.0
1957-06-12,0.0
1957-06-13,0.0
1957-06-14,17.3
1957-06-15,11.0
1957-06-16,0.0
1957-06-17,0.0
1957-06-18,0.0
1957-06-19,0.0
1957-06-20,0.0
1957-06-21,0.0
1957-06-22,0.0
1957-06-23,0.0
1957-06-24,0.0
1957-06-25,0.0
1957-06-26,0.0
1957-06-27,0.0
1957-06-28,0.0
1957-06-29,0.0
1957-06-30,0.0
1957-07-01,0.0
1957-07-02,0.0
1957-07-03,21.0
1957-07-04,19.0
1957-07-05,5.5
1957-07-06,0.0
1957-07-07,0.0
1957-07-08,0.0
1957-07-09,0.0
1957-07-10,0.0
1957-07-11,0.0
1957-07-12,0.0
1957-07-13,0.0
1957-07-14,0.0
1957-07-15,0.0
1957-07-16,0.0
1957-07-17,4.3
1957-07-18,0.0
1957-07-19,0.0
1957-07-20,0.0
1957-07-21,0.0
1957-07-22,0.0
1957-07-23,0.0
1957-07-24,0.0
1957-07-25,4.0
1957-07-26,0.0
1957-07-27,0.0
1957-07-28,0.0
1957-07-29,0.0
1957-07-30,0.0
1957-07-31,0.0
1957-08-01,0.0
1957-08-02,0.0
1957-08-03,0.0
1957-08-04,0.0
1957-08-05,0.0
1957-08-06,0.0
1957-08-07,0.0
1957-08-08,0.0
1957-08-09,0.0
1957-08-10,0.0
1957-08-11,0.0
1957-08-12,0.0
1957-08-13,0.0
1957-08-14,0.0
1957-08-15,18.2
1957-08-16,0.0
1957-08-17,0.0
1957-08-18,0.0
1957-08-19,0.0
1957-08-20,0.0
1957-08-21,0.0
1957-08-22,0.0
1957-08-23,0.0
1957-08-24,0.0
1957-08-25,0.0
1957-08-26,0.0
1957-08-27,0.0
1957-08-28,0.0
1957-08-29,0.0
1957-08-30,0.0
1957-08-31,3.4
1957-09-01,41.7
1957-09-02,0.0
1957-09-03,30.0
1957-09-04,54.0
1957-09-05,2.0
1957-09-06,0.0
1957-09-07,0.0
1957-09-08,0.0
1957-09-09,5.2
1957-09-10,0.0
1957-09-11,0.0
1957-09-12,0.0
1957-09-13,0.0
1957-09-14,13.0
1957-09-15,0.0
1957-09-16,11.0
1957-09-17,8.1
1957-09-18,0.0
1957-09-19,0.0
1957-09-20,0.0
1957-09-21,0.0
1957-09-22,5.0
1957-09-23,0.0
1957-09-24,5.0
1957-09-25,0.0
1957-09-26,0.2
1957-09-27,8.0
1957-09-28,6.6
1957-09-29,0.0
1957-09-30,2.1
1957-10-01,0.0
1957-10-02,0.0
1957-10-03,0.0
1957-10-04,0.0
1957-10-05,0.0
1957-10-06,0.0
1957-10-07,0.0
1957-10-08,0.0
1957-10-09,0.0
1957-10-10,19.0
1957-10-11,0.0
1957-10-12,11.2
1957-10-13,9.6
1957-10-14,0.0
1957-10-15,0.0
1957-10-16,0.0
1957-10-17,16.0
1957-10-18,11.6
1957-10-19,0.0
1957-10-20,0.0
1957-10-21,0.0
1957-10-22,3.1
1957-10-23,0.0
1957-10-24,0.0
1957-10-25,7.2
1957-10-26,0.0
1957-10-27,40.0
1957-10-28,14.8
1957-10-29,23.0
1957-10-30,75.0
1957-10-31,23.5
1957-11-01,0.0
1957-11-02,0.0
1957-11-03,0.0
1957-11-04,140.0
1957-11-05,21.3
1957-11-06,0.0
1957-11-07,0.0
1957-11-08,6.0
1957-11-09,18.5
1957-11-10,26.0
1957-11-11,16.0
1957-11-12,0.0
1957-11-13,5.7
1957-11-14,0.0
1957-11-15,0.0
1957-11-16,0.0
1957-11-17,0.0
1957-11-18,0.0
1957-11-19,0.0
1957-11-20,0.0
1957-11-21,8.6
1957-11-22,0.0
1957-11-23,0.0
1957-11-24,0.0
1957-11-25,21.0
1957-11-26,0.0
1957-11-27,0.0
1957-11-28,0.0
1957-11-29,7.6
1957-11-30,0.0
1957-12-01,0.0
1957-12-02,0.0
1957-12-03,2.0
1957-12-04,28.8
1957-12-05,11.3
1957-12-06,0.0
1957-12-07,0.0
1957-12-08,0.0
1957-12-09,0.0
1957-12-10,11.0
1957-12-11,8.0
1957-12-12,0.0
1957-12-13,0.0
1957-12-14,2.0
1957-12-15,5.0
1957-12-16,0.0
1957-12-17,18.0
1957-12-18,9.1
1957-12-19,0.0
1957-12-20,0.0
1957-12-21,0.0
1957-12-22,0.0
1957-12-23,25.5
1957-12-24,0.0
1957-12-25,0.0
1957-12-26,0.0
1957-12-27,0.0
1957-12-28,0.0
1957-12-29,0.0
1957-12-30,0.0
1957-12-31,0.0
1958-01-01,0.0
1958-01-02,0.0
1958-01-03,0.0
1958-01-04,0.0
1958-01-05,0.0
1958-01-06,0.0
1958-01-07,0.0
1958-01-08,0.0
1958-01-09,0.0
1958-01-10,0.0
1958-01-11,0.0
1958-01-12,0.0
1958-01-13,0.0
1958-01-14,0.0
1958-01-15,0.0
1958-01-16,0.0
1958-01-17,0.0
1958-01-18,30.5
1958-01-19,0.0
1958-01-20,0.0
1958-01-21,0.0
1958-01-22,3.2
1958-01-23,0.0
1958-01-24,0.0
1958-01-25,0.0
1958-01-26,39.2
1958-01-27,0.0
1958-01-28,7.2
1958-01-29,100.0
1958-01-30,0.0
1958-01-31,0.0
1958-02-01,0.0
1958-02-02,0.0
1958-02-03,0.0
1958-02-04,0.0
1958-02-05,0.0
1958-02-06,8.6
1958-02-07,30.0
1958-02-08,0.0
1958-02-09,0.0
1958-02-10,22.0
1958-02-11,0.0
1958-02-12,0.0
1958-02-13,0.0
1958-02-14,0.0
1958-02-15,0.0
1958-02-16,0.0
1958-02-17,0.0
1958-02-18,0.0
1958-02-19,0.0
1958-02-20,0.0
1958-02-21,0.0
1958-02-22,0.0
1958-02-23,0.0
1958-02-24,0.0
1958-02-25,9.5
1958-02-26,0.0
1958-02-27,6.5
1958-02-28,0.0
1958-03-01,192.4
1958-03-02,2.6
1958-03-03,0.0
1958-03-04,0.0
1958-03-05,0.0
1958-03-06,0.0
1958-03-07,0.0
1958-03-08,40.5
1958-03-09,19.0
1958-03-10,0.0
1958-03-11,0.0
1958-03-12,0.0
1958-03-13,0.0
1958-03-14,0.0
1958-03-15,0.0
1958-03-16,7.8
1958-03-17,0.0
1958-03-18,35.3
1958-03-19,50.0
1958-03-20,0.0
1958-03-21,0.0
1958-03-22,0.0
1958-03-23,0.0
1958-03-24,44.0
1958-03-25,80.3
1958-03-26,0.0
1958-03-27,15.6
1958-03-28,0.0
1958-03-29,0.0
1958-03-30,0.0
1958-03-31,13.0
1958-04-01,0.0
1958-04-02,45.5
1958-04-03,0.0
1958-04-04,0.0
1958-04-05,0.0
1958-04-06,0.0
1958-04-07,0.0
1958-04-08,0.0
1958-04-09,0.0
1958-04-10,0.0
1958-04-11,0.0
1958-04-12,0.0
1958-04-13,0.0
1958-04-14,27.0
1958-04-15,0.0
1958-04-16,0.0
1958-04-17,0.0
1958-04-18,0.0
1958-04-19,24.5
1958-04-20,44.5
1958-04-21,0.0
1958-04-22,0.0
1958-04-23,0.0
1958-04-24,15.0
1958-04-25,0.8
1958-04-26,0.0
1958-04-27,0.0
1958-04-28,0.0
1958-04-29,0.0
1958-04-30,0.0
1958-05-01,0.0
1958-05-02,0.0
1958-05-03,221.8
1958-05-04,9.0
1958-05-05,11.0
1958-05-06,9.0
1958-05-07,7.5
1958-05-08,0.0
1958-05-09,0.0
1958-05-10,0.0
1958-05-11,0.0
1958-05-12,0.0
1958-05-13,0.0
1958-05-14,94.8
1958-05-15,0.0
1958-05-16,0.0
1958-05-17,0.0
1958-05-18,0.0
1958-05-19,0.0
1958-05-20,0.0
1958-05-21,0.0
1958-05-22,0.0
1958-05-23,14.0
1958-05-24,71.8
1958-05-25,5.0
1958-05-26,8.0
1958-05-27,5.8
1958-05-28,0.0
1958-05-29,0.0
1958-05-30,0.0
1958-05-31,0.0
1958-06-01,0.0
1958-06-02,0.0
1958-06-03,0.0
1958-06-04,0.0
1958-06-05,0.0
1958-06-06,0.0
1958-06-07,0.0
1958-06-08,0.0
1958-06-09,0.0
1958-06-10,0.0
1958-06-11,0.0
1958-06-12,0.0
1958-06-13,11.0
1958-06-14,30.5
1958-06-15,0.0
1958-06-16,0.0
1958-06-17,0.0
1958-06-18,9.0
1958-06-19,5.2
1958-06-20,9.0
1958-06-21,12.4
1958-06-22,0.0
1958-06-23,0.0
1958-06-24,0.0
1958-06-25,0.0
1958-06-26,0.0
1958-06-27,0.0
1958-06-28,0.0
1958-06-29,0.0
1958-06-30,0.0
1958-07-01,0.0
1958-07-02,0.0
1958-07-03,0.0
1958-07-04,0.0
1958-07-05,0.0
1958-07-06,0.0
1958-07-07,0.0
1958-07-08,0.0
1958-07-09,0.0
1958-07-10,22.1
1958-07-11,19.0
1958-07-12,0.0
1958-07-13,0.0
1958-07-14,0.0
1958-07-15,0.0
1958-07-16,0.0
1958-07-17,2.0
1958-07-18,2.0
1958-07-19,0.0
1958-07-20,11.0
1958-07-21,19.1
1958-07-22,0.0
1958-07-23,0.0
1958-07-24,0.0
1958-07-25,0.0
1958-07-26,0.0
1958-07-27,0.0
1958-07-28,0.0
1958-07-29,0.0
1958-07-30,0.0
1958-07-31,0.0
1958-08-01,0.0
1958-08-02,0.0
1958-08-03,0.0
1958-08-04,37.5
1958-08-05,0.0
1958-08-06,0.0
1958-08-07,0.0
1958-08-08,0.0
1958-08-09,0.0
1958-08-10,0.0
1958-08-11,0.0
1958-08-12,0.0
1958-08-13,0.0
1958-08-14,0.0
1958-08-15,0.0
1958-08-16,0.0
1958-08-17,0.0
1958-08-18,0.0
1958-08-19,0.0
1958-08-20,0.0
1958-08-21,0.0
1958-08-22,0.0
1958-08-23,7.5
1958-08-24,0.0
1958-08-25,0.0
1958-08-26,0.0
1958-08-27,0.0
1958-08-28,22.1
1958-08-29,30.0
1958-08-30,8.0
1958-08-31,0.0
1958-09-01,0.0
1958-09-02,0.0
1958-09-03,0.0
1958-09-04,0.0
1958-09-05,0.0
1958-09-06,0.0
1958-09-07,0.0
1958-09-08,0.0
1958-09-09,57.0
1958-09-10,0.0
1958-09-11,36.5
1958-09-12,0.0
1958-09-13,0.0
1958-09-14,29.0
1958-09-15,0.0
1958-09-16,0.0
1958-09-17,0.0
1958-09-18,0.0
1958-09-19,0.0
1958-09-20,0.0
1958-09-21,0.0
1958-09-22,0.0
1958-09-23,0.0
1958-09-24,0.0
1958-09-25,0.0
1958-09-26,0.0
1958-09-27,0.0
1958-09-28,0.0
1958-09-29,0.0
1958-09-30,0.0
1958-10-01,0.0
1958-10-02,0.0
1958-10-03,0.0
1958-10-04,0.0
1958-10-05,0.0
1958-10-06,0.0
1958-10-07,65.8
1958-10-08,0.0
1958-10-09,0.0
1958-10-10,0.0
1958-10-11,5.4
1958-10-12,0.0
1958-10-13,0.0
1958-10-14,28.4
1958-10-15,0.0
1958-10-16,7.8
1958-10-17,0.0
1958-10-18,9.0
1958-10-19,0.0
1958-10-20,0.0
1958-10-21,0.0
1958-10-22,0.0
1958-10-23,0.0
1958-10-24,0.0
1958-10-25,0.0
1958-10-26,0.0
1958-10-27,0.0
1958-10-28,9.0
1958-10-29,12.5
1958-10-30,9.0
1958-10-31,15.0
1958-11-01,11.5
1958-11-02,0.0
1958-11-03,0.0
1958-11-04,0.0
1958-11-05,0.0
1958-11-06,0.0
1958-11-07,0.0
1958-11-08,0.0
1958-11-09,0.0
1958-11-10,0.0
1958-11-11,5.0
1958-11-12,6.3
1958-11-13,0.0
1958-11-14,0.0
1958-11-15,0.0
1958-11-16,0.3
1958-11-17,0.0
1958-11-18,28.5
1958-11-19,0.0
1958-11-20,11.8
1958-11-21,0.0
1958-11-22,0.0
1958-11-23,0.0
1958-11-24,0.0
1958-11-25,90.0
1958-11-26,42.7
1958-11-27,28.0
1958-11-28,0.0
1958-11-29,0.0
1958-11-30,0.0
1958-12-01,0.0
1958-12-02,0.0
1958-12-03,0.0
1958-12-04,0.0
1958-12-05,0.0
1958-12-06,0.0
1958-12-07,0.0
1958-12-08,0.0
1958-12-09,8.7
1958-12-10,0.0
1958-12-11,0.0
1958-12-12,9.0
1958-12-13,0.0
1958-12-14,0.0
1958-12-15,0.0
1958-12-16,41.0
1958-12-17,90.5
1958-12-18,0.0
1958-12-19,0.0
1958-12-20,20.0
1958-12-21,11.0
1958-12-22,45.2
1958-12-23,6.0
1958-12-24,20.4
1958-12-25,0.0
1958-12-26,0.0
1958-12-27,0.0
1958-12-28,0.0
1958-12-29,0.0
1958-12-30,0.0
1958-12-31,12.0
1959-01-01,0.0
1959-01-02,0.0
1959-01-03,0.0
1959-01-04,0.0
1959-01-05,5.4
1959-01-06,80.0
1959-01-07,22.3
1959-01-08,0.0
1959-01-09,15.6
1959-01-10,0.0
1959-01-11,0.0
1959-01-12,24.6
1959-01-13,9.0
1959-01-14,0.0
1959-01-15,0.0
1959-01-16,0.0
1959-01-17,0.0
1959-01-18,0.0
1959-01-19,0.0
1959-01-20,0.0
1959-01-21,11.0
1959-01-22,0.0
1959-01-23,0.0
1959-01-24,0.0
1959-01-25,0.0
1959-01-26,0.0
1959-01-27,4.0
1959-01-28,0.0
1959-01-29,0.0
1959-01-30,0.0
1959-01-31,0.0
1959-02-01,0.0
1959-02-02,28.0
1959-02-03,40.0
1959-02-04,11.4
1959-02-05,0.0
1959-02-06,4.7
1959-02-07,0.0
1959-02-08,0.0
1959-02-09,0.0
1959-02-10,0.0
1959-02-11,4.0
1959-02-12,11.5
1959-02-13,26.7
1959-02-14,0.0
1959-02-15,4.6
1959-02-16,313.8
1959-02-17,161.0
1959-02-18,8.5
1959-02-19,0.0
1959-02-20,0.0
1959-02-21,0.0
1959-02-22,0.0
1959-02-23,0.0
1959-02-24,0.0
1959-02-25,0.0
1959-02-26,0.0
1959-02-27,25.8
1959-02-28,28.2
1959-03-01,15.0
1959-03-02,9.5
1959-03-03,0.0
1959-03-04,0.0
1959-03-05,0.0
1959-03-06,0.0
1959-03-07,0.0
1959-03-08,0.0
1959-03-09,54.9
1959-03-10,0.0
1959-03-11,0.0
1959-03-12,0.0
1959-03-13,0.0
1959-03-14,0.0
1959-03-15,0.0
1959-03-16,0.0
1959-03-17,0.0
1959-03-18,46.4
1959-03-19,9.7
1959-03-20,0.0
1959-03-21,0.0
1959-03-22,0.0
1959-03-23,8.6
1959-03-24,2.7
1959-03-25,0.0
1959-03-26,0.0
1959-03-27,5.1
1959-03-28,0.0
1959-03-29,0.0
1959-03-30,4.0
1959-03-31,2.1
1959-04-01,16.7
1959-04-02,0.0
1959-04-03,0.0
1959-04-04,0.0
1959-04-05,0.0
1959-04-06,30.9
1959-04-07,0.0
1959-04-08,0.0
1959-04-09,0.0
1959-04-10,0.0
1959-04-11,0.0
1959-04-12,0.0
1959-04-13,0.0
1959-04-14,0.0
1959-04-15,0.0
1959-04-16,0.0
1959-04-17,0.0
1959-04-18,0.0
1959-04-19,0.0
1959-04-20,0.0
1959-04-21,0.0
1959-04-22,0.0
1959-04-23,0.0
1959-04-24,0.0
1959-04-25,0.0
1959-04-26,0.0
1959-04-27,0.8
1959-04-28,11.8
1959-04-29,0.0
1959-04-30,0.0
1959-05-01,0.0
1959-05-02,0.0
1959-05-03,0.0
1959-05-04,0.0
1959-05-05,0.0
1959-05-06,63.5
1959-05-07,0.0
1959-05-08,0.0
1959-05-09,0.0
1959-05-10,0.0
1959-05-11,0.0
1959-05-12,41.0
1959-05-13,25.0
1959-05-14,28.0
1959-05-15,40.1
1959-05-16,0.0
1959-05-17,0.0
1959-05-18,0.0
1959-05-19,0.0
1959-05-20,90.1
1959-05-21,50.0
1959-05-22,0.0
1959-05-23,0.0
1959-05-24,7.7
1959-05-25,0.0
1959-05-26,0.0
1959-05-27,0.0
1959-05-28,0.0
1959-05-29,0.0
1959-05-30,0.0
1959-05-31,0.0
1959-06-01,0.0
1959-06-02,0.0
1959-06-03,0.0
1959-06-04,0.0
1959-06-05,0.0
1959-06-06,0.0
1959-06-07,0.0
1959-06-08,0.0
1959-06-09,0.0
1959-06-10,12.0
1959-06-11,0.0
1959-06-12,0.0
1959-06-13,0.0
1959-06-14,0.0
1959-06-15,0.0
1959-06-16,0.0
1959-06-17,0.0
1959-06-18,0.0
1959-06-19,0.0
1959-06-20,0.0
1959-06-21,0.0
1959-06-22,0.0
1959-06-23,0.0
1959-06-24,0.0
1959-06-25,0.0
1959-06-26,0.0
1959-06-27,33.9
1959-06-28,0.0
1959-06-29,0.0
1959-06-30,0.0
1959-07-01,0.0
1959-07-02,0.0
1959-07-03,34.0
1959-07-04,40.3
1959-07-05,0.0
1959-07-06,0.0
1959-07-07,0.0
1959-07-08,0.0
1959-07-09,0.0
1959-07-10,0.0
1959-07-11,0.0
1959-07-12,0.0
1959-07-13,0.0
1959-07-14,0.0
1959-07-15,0.0
1959-07-16,0.0
1959-07-17,7.3
1959-07-18,0.0
1959-07-19,0.0
1959-07-20,0.0
1959-07-21,0.0
1959-07-22,0.0
1959-07-23,0.0
1959-07-24,0.0
1959-07-25,0.0
1959-07-26,0.0
1959-07-27,0.0
1959-07-28,0.0
1959-07-29,0.0
1959-07-30,0.0
1959-07-31,0.0
1959-08-01,0.0
1959-08-02,0.0
1959-08-03,0.0
1959-08-04,32.8
1959-08-05,0.0
1959-08-06,0.0
1959-08-07,0.0
1959-08-08,9.0
1959-08-09,41.0
1959-08-10,0.0
1959-08-11,0.0
1959-08-12,0.0
1959-08-13,26.5
1959-08-14,0.0
1959-08-15,35.0
1959-08-16,0.0
1959-08-17,0.0
1959-08-18,0.0
1959-08-19,21.2
1959-08-20,0.0
1959-08-21,0.0
1959-08-22,0.0
1959-08-23,0.0
1959-08-24,0.0
1959-08-25,0.0
1959-08-26,0.0
1959-08-27,0.0
1959-08-28,0.0
1959-08-29,0.0
1959-08-30,0.0
1959-08-31,24.8
1959-09-01,0.0
1959-09-02,0.0
1959-09-03,0.0
1959-09-04,32.0
1959-09-05,28.3
1959-09-06,0.0
1959-09-07,0.0
1959-09-08,0.0
1959-09-09,0.0
1959-09-10,0.0
1959-09-11,0.0
1959-09-12,22.0
1959-09-13,40.3
1959-09-14,0.0
1959-09-15,0.0
1959-09-16,0.0
1959-09-17,9.6
1959-09-18,0.0
1959-09-19,0.0
1959-09-20,0.0
1959-09-21,0.0
1959-09-22,0.0
1959-09-23,0.0
1959-09-24,0.0
1959-09-25,0.0
1959-09-26,0.0
1959-09-27,0.0
1959-09-28,0.0
1959-09-29,0.0
1959-09-30,0.0
1959-10-01,0.0
1959-10-02,0.0
1959-10-03,0.0
1959-10-04,0.0
1959-10-05,0.0
1959-10-06,13.5
1959-10-07,0.0
1959-10-08,0.0
1959-10-09,0.0
1959-10-10,0.0
1959-10-11,24.4
1959-10-12,0.0
1959-10-13,2.7
1959-10-14,0.0
1959-10-15,0.0
1959-10-16,0.0
1959-10-17,0.0
1959-10-18,0.0
1959-10-19,0.0
1959-10-20,0.0
1959-10-21,26.5
1959-10-22,0.0
1959-10-23,0.0
1959-10-24,0.0
1959-10-25,0.0
1959-10-26,0.0
1959-10-27,0.0
1959-10-28,0.0
1959-10-29,19.0
1959-10-30,0.0
1959-10-31,0.0
1959-11-01,6.7
1959-11-02,0.4
1959-11-03,0.0
1959-11-04,7.1
1959-11-05,0.0
1959-11-06,0.0
1959-11-07,45.4
1959-11-08,0.0
1959-11-09,0.0
1959-11-10,0.1
1959-11-11,0.0
1959-11-12,0.6
1959-11-13,64.9
1959-11-14,2.3
1959-11-15,2.5
1959-11-16,1.3
1959-11-17,0.0
1959-11-18,0.0
1959-11-19,7.5
1959-11-20,5.5
1959-11-21,3.2
1959-11-22,3.6
1959-11-23,3.3
1959-11-24,0.0
1959-11-25,0.5
1959-11-26,10.6
1959-11-27,12.2
1959-11-28,0.0
1959-11-29,0.0
1959-11-30,0.0
1959-12-01,0.0
1959-12-02,0.0
1959-12-03,9.2
1959-12-04,0.0
1959-12-05,0.0
1959-12-06,25.8
1959-12-07,9.2
1959-12-08,0.0
1959-12-09,12.8
1959-12-10,0.0
1959-12-11,0.0
1959-12-12,0.0
1959-12-13,0.0
1959-12-14,27.7
1959-12-15,0.0
1959-12-16,0.0
1959-12-17,0.0
1959-12-18,5.5
1959-12-19,0.0
1959-12-20,0.0
1959-12-21,0.0
1959-12-22,0.0
1959-12-23,9.2
1959-12-24,0.0
1959-12-25,5.0
1959-12-26,2.0
1959-12-27,0.0
1959-12-28,0.0
1959-12-29,0.0
1959-12-30,9.5
1959-12-31,0.0
1960-01-01,0.0
1960-01-02,25.0
1960-01-03,1.0
1960-01-04,0.0
1960-01-05,0.0
1960-01-06,0.0
1960-01-07,5.2
1960-01-08,9.0
1960-01-09,0.0
1960-01-10,0.0
1960-01-11,0.0
1960-01-12,25.0
1960-01-13,0.0
1960-01-14,102.4
1960-01-15,0.0
1960-01-16,0.0
1960-01-17,0.0
1960-01-18,0.0
1960-01-19,11.0
1960-01-20,19.6
1960-01-21,13.5
1960-01-22,0.0
1960-01-23,0.0
1960-01-24,18.6
1960-01-25,0.0
1960-01-26,0.0
1960-01-27,0.0
1960-01-28,0.0
1960-01-29,0.0
1960-01-30,2.8
1960-01-31,0.0
1960-02-01,0.0
1960-02-02,0.0
1960-02-03,0.0
1960-02-04,25.0
1960-02-05,0.0
1960-02-06,0.0
1960-02-07,11.5
1960-02-08,99.5
1960-02-09,0.0
1960-02-10,0.0
1960-02-11,0.0
1960-02-12,0.0
1960-02-13,23.3
1960-02-14,0.0
1960-02-15,3.6
1960-02-16,0.0
1960-02-17,0.0
1960-02-18,0.0
1960-02-19,0.0
1960-02-20,0.0
1960-02-21,80.0
1960-02-22,8.7
1960-02-23,0.0
1960-02-24,58.3
1960-02-25,4.0
1960-02-26,8.7
1960-02-27,61.1
1960-02-28,10.0
1960-02-29,20.3
1960-03-01,0.0
1960-03-02,0.0
1960-03-03,0.0
1960-03-04,0.0
1960-03-05,8.5
1960-03-06,6.0
1960-03-07,0.0
1960-03-08,0.0
1960-03-09,0.0
1960-03-10,0.0
1960-03-11,0.0
1960-03-12,0.0
1960-03-13,0.0
1960-03-14,0.0
1960-03-15,0.0
1960-03-16,27.0
1960-03-17,0.0
1960-03-18,0.0
1960-03-19,0.0
1960-03-20,0.0
1960-03-21,0.0
1960-03-22,8.1
1960-03-23,0.0
1960-03-24,30.0
1960-03-25,62.0
1960-03-26,38.5
1960-03-27,0.0
1960-03-28,0.0
1960-03-29,0.0
1960-03-30,0.0
1960-03-31,0.0
1960-04-01,0.0
1960-04-02,0.0
1960-04-03,0.0
1960-04-04,0.0
1960-04-05,0.0
1960-04-06,0.0
1960-04-07,0.0
1960-04-08,0.0
1960-04-09,0.0
1960-04-10,0.0
1960-04-11,30.0
1960-04-12,28.6
1960-04-13,0.0
1960-04-14,0.0
1960-04-15,0.0
1960-04-16,0.0
1960-04-17,0.0
1960-04-18,0.0
1960-04-19,0.0
1960-04-20,0.0
1960-04-21,0.0
1960-04-22,0.0
1960-04-23,0.0
1960-04-24,0.0
1960-04-25,0.0
1960-04-26,0.0
1960-04-27,9.5
1960-04-28,19.0
1960-04-29,0.0
1960-04-30,7.0
1960-05-01,0.0
1960-05-02,0.0
1960-05-03,0.0
1960-05-04,0.0
1960-05-05,0.0
1960-05-06,0.0
1960-05-07,0.0
1960-05-08,0.0
1960-05-09,0.0
1960-05-10,0.0
1960-05-11,11.0
1960-05-12,7.2
1960-05-13,0.0
1960-05-14,0.0
1960-05-15,0.0
1960-05-16,12.6
1960-05-17,0.0
1960-05-18,0.0
1960-05-19,0.0
1960-05-20,18.4
1960-05-21,0.0
1960-05-22,0.0
1960-05-23,0.0
1960-05-24,0.0
1960-05-25,9.0
1960-05-26,0.0
1960-05-27,0.0
1960-05-28,0.0
1960-05-29,0.0
1960-05-30,0.0
1960-05-31,19.0
1960-06-01,4.4
1960-06-02,0.0
1960-06-03,0.0
1960-06-04,0.0
1960-06-05,0.0
1960-06-06,0.0
1960-06-07,0.0
1960-06-08,0.0
1960-06-09,0.0
1960-06-10,0.0
1960-06-11,0.0
1960-06-12,0.0
1960-06-13,0.0
1960-06-14,9.0
1960-06-15,3.1
1960-06-16,0.0
1960-06-17,0.0
1960-06-18,0.0
1960-06-19,0.0
1960-06-20,0.0
1960-06-21,5.2
1960-06-22,0.0
1960-06-23,0.0
1960-06-24,6.2
1960-06-25,43.0
1960-06-26,0.0
1960-06-27,0.0
1960-06-28,50.0
1960-06-29,46.3
1960-06-30,0.0
1960-07-01,0.0
1960-07-02,0.0
1960-07-03,0.0
1960-07-04,0.0
1960-07-05,0.0
1960-07-06,0.0
1960-07-07,0.0
1960-07-08,0.0
1960-07-09,0.0
1960-07-10,0.0
1960-07-11,29.0
1960-07-12,4.4
1960-07-13,0.0
1960-07-14,0.0
1960-07-15,0.0
1960-07-16,0.0
1960-07-17,0.0
1960-07-18,0.0
1960-07-19,0.0
1960-07-20,24.3
1960-07-21,0.0
1960-07-22,0.0
1960-07-23,0.0
1960-07-24,0.0
1960-07-25,48.0
1960-07-26,0.0
1960-07-27,0.0
1960-07-28,0.0
1960-07-29,0.0
1960-07-30,0.0
1960-07-31,0.0
1960-08-01,0.0
1960-08-02,0.0
1960-08-03,0.0
1960-08-04,0.0
1960-08-05,0.0
1960-08-06,0.0
1960-08-07,0.0
1960-08-08,0.0
1960-08-09,0.0
1960-08-10,9.5
1960-08-11,0.0
1960-08-12,0.0
1960-08-13,12.0
1960-08-14,0.0
1960-08-15,0.0
1960-08-16,0.0
1960-08-17,0.0
1960-08-18,0.0
1960-08-19,0.0
1960-08-20,0.0
1960-08-21,19.2
1960-08-22,0.0
1960-08-23,9.1
1960-08-24,24.6
1960-08-25,0.0
1960-08-26,0.0
1960-08-27,0.0
1960-08-28,0.0
1960-08-29,0.0
1960-08-30,0.0
1960-08-31,4.0
1960-09-01,2.0
1960-09-02,0.0
1960-09-03,0.0
1960-09-04,0.0
1960-09-05,0.0
1960-09-06,0.0
1960-09-07,0.0
1960-09-08,0.0
1960-09-09,0.0
1960-09-10,0.0
1960-09-11,0.0
1960-09-12,0.0
1960-09-13,0.0
1960-09-14,0.0
1960-09-15,0.0
1960-09-16,0.0
1960-09-17,0.0
1960-09-18,0.0
1960-09-19,0.0
1960-09-20,5.5
1960-09-21,0.0
1960-09-22,0.0
1960-09-23,0.0
1960-09-24,0.0
1960-09-25,0.0
1960-09-26,11.0
1960-09-27,0.0
1960-09-28,9.0
1960-09-29,9.0
1960-09-30,8.0
1960-10-01,9.0
1960-10-02,0.0
1960-10-03,0.0
1960-10-04,0.0
1960-10-05,0.0
1960-10-06,0.0
1960-10-07,0.0
1960-10-08,0.0
1960-10-09,0.0
1960-10-10,9.0
1960-10-11,0.0
1960-10-12,0.0
1960-10-13,8.0
1960-10-14,11.0
1960-10-15,28.3
1960-10-16,0.0
1960-10-17,0.0
1960-10-18,9.0
1960-10-19,1.3
1960-10-20,0.0
1960-10-21,0.0
1960-10-22,0.0
1960-10-23,0.0
1960-10-24,0.0
1960-10-25,0.0
1960-10-26,48.5
1960-10-27,26.0
1960-10-28,64.2
1960-10-29,21.0
1960-10-30,0.0
1960-10-31,0.0
1960-11-01,0.0
1960-11-02,0.0
1960-11-03,0.0
1960-11-04,0.0
1960-11-05,9.5
1960-11-06,11.0
1960-11-07,0.0
1960-11-08,0.0
1960-11-09,0.0
1960-11-10,0.0
1960-11-11,0.0
1960-11-12,1.0
1960-11-13,8.4
1960-11-14,2.0
1960-11-15,0.0
1960-11-16,40.0
1960-11-17,6.3
1960-11-18,0.0
1960-11-19,0.0
1960-11-20,0.0
1960-11-21,0.0
1960-11-22,9.2
1960-11-23,4.5
1960-11-24,0.0
1960-11-25,0.0
1960-11-26,3.0
1960-11-27,0.0
1960-11-28,0.0
1960-11-29,0.0
1960-11-30,21.0
1960-12-01,1.0
1960-12-02,25.3
1960-12-03,49.5
1960-12-04,0.0
1960-12-05,0.0
1960-12-06,14.1
1960-12-07,0.9
1960-12-08,40.8
1960-12-09,0.0
1960-12-10,0.0
1960-12-11,0.0
1960-12-12,8.2
1960-12-13,0.2
1960-12-14,4.6
1960-12-15,0.0
1960-12-16,0.0
1960-12-17,0.9
1960-12-18,4.4
1960-12-19,111.0
1960-12-20,52.0
1960-12-21,31.5
1960-12-22,12.3
1960-12-23,0.1
1960-12-24,1.7
1960-12-25,0.1
1960-12-26,7.0
1960-12-27,19.0
1960-12-28,6.5
1960-12-29,0.0
1960-12-30,15.5
1960-12-31,91.8
1961-01-01,18.0
1961-01-02,51.2
1961-01-03,0.0
1961-01-04,0.0
1961-01-05,0.0
1961-01-06,9.0
1961-01-07,39.0
1961-01-08,0.0
1961-01-09,8.0
1961-01-10,0.0
1961-01-11,6.7
1961-01-12,28.0
1961-01-13,0.0
1961-01-14,0.0
1961-01-15,0.0
1961-01-16,0.0
1961-01-17,0.0
1961-01-18,0.0
1961-01-19,0.0
1961-01-20,0.0
1961-01-21,0.0
1961-01-22,0.0
1961-01-23,21.0
1961-01-24,52.0
1961-01-25,48.3
1961-01-26,13.4
1961-01-27,0.0
1961-01-28,6.2
1961-01-29,0.0
1961-01-30,0.0
1961-01-31,30.0
1961-02-01,0.0
1961-02-02,0.0
1961-02-03,0.0
1961-02-04,7.7
1961-02-05,0.0
1961-02-06,13.2
1961-02-07,0.0
1961-02-08,0.0
1961-02-09,0.0
1961-02-10,32.0
1961-02-11,28.0
1961-02-12,8.8
1961-02-13,38.3
1961-02-14,21.9
1961-02-15,0.7
1961-02-16,87.0
1961-02-17,0.0
1961-02-18,9.5
1961-02-19,0.0
1961-02-20,0.0
1961-02-21,0.0
1961-02-22,0.0
1961-02-23,0.0
1961-02-24,15.5
1961-02-25,0.0
1961-02-26,0.0
1961-02-27,0.0
1961-02-28,15.0
1961-03-01,0.0
1961-03-02,61.2
1961-03-03,0.0
1961-03-04,0.0
1961-03-05,0.0
1961-03-06,0.0
1961-03-07,0.0
1961-03-08,17.6
1961-03-09,0.0
1961-03-10,0.0
1961-03-11,0.0
1961-03-12,5.6
1961-03-13,0.0
1961-03-14,0.0
1961-03-15,0.0
1961-03-16,8.5
1961-03-17,9.2
1961-03-18,0.0
1961-03-19,0.0
1961-03-20,72.8
1961-03-21,0.0
1961-03-22,0.0
1961-03-23,0.0
1961-03-24,0.0
1961-03-25,0.0
1961-03-26,0.0
1961-03-27,45.5
1961-03-28,60.0
1961-03-29,19.2
1961-03-30,8.1
1961-03-31,0.1
1961-04-01,0.0
1961-04-02,0.0
1961-04-03,0.0
1961-04-04,0.0
1961-04-05,0.0
1961-04-06,16.1
1961-04-07,25.3
1961-04-08,0.0
1961-04-09,0.0
1961-04-10,0.0
1961-04-11,0.0
1961-04-12,0.0
1961-04-13,0.0
1961-04-14,0.0
1961-04-15,0.0
1961-04-16,0.0
1961-04-17,0.0
1961-04-18,0.0
1961-04-19,28.0
1961-04-20,11.0
1961-04-21,0.0
1961-04-22,0.0
1961-04-23,0.0
1961-04-24,0.0
1961-04-25,0.0
1961-04-26,25.3
1961-04-27,45.6
1961-04-28,0.0
1961-04-29,0.0
1961-04-30,0.0
1961-05-01,0.0
1961-05-02,0.0
1961-05-03,0.0
1961-05-04,0.0
1961-05-05,6.4
1961-05-06,30.2
1961-05-07,0.0
1961-05-08,0.0
1961-05-09,9.0
1961-05-10,8.1
1961-05-11,0.0
1961-05-12,0.0
1961-05-13,0.0
1961-05-14,0.0
1961-05-15,0.0
1961-05-16,0.0
1961-05-17,9.1
1961-05-18,0.0
1961-05-19,0.0
1961-05-20,15.5
1961-05-21,0.0
1961-05-22,0.0
1961-05-23,0.0
1961-05-24,0.0
1961-05-25,0.0
1961-05-26,0.0
1961-05-27,9.3
1961-05-28,0.0
1961-05-29,0.0
1961-05-30,0.0
1961-05-31,0.0
1961-06-01,0.0
1961-06-02,0.0
1961-06-03,0.0
1961-06-04,0.0
1961-06-05,0.0
1961-06-06,0.0
1961-06-07,0.0
1961-06-08,0.0
1961-06-09,0.0
1961-06-10,0.0
1961-06-11,0.0
1961-06-12,0.0
1961-06-13,8.2
1961-06-14,62.0
1961-06-15,0.0
1961-06-16,19.0
1961-06-17,0.0
1961-06-18,0.0
1961-06-19,0.0
1961-06-20,0.0
1961-06-21,0.0
1961-06-22,0.0
1961-06-23,0.0
1961-06-24,0.0
1961-06-25,0.0
1961-06-26,0.0
1961-06-27,0.0
1961-06-28,0.0
1961-06-29,0.0
1961-06-30,0.0
1961-07-01,0.0
1961-07-02,0.0
1961-07-03,0.0
1961-07-04,0.0
1961-07-05,0.0
1961-07-06,0.0
1961-07-07,0.0
1961-07-08,0.0
1961-07-09,72.3
1961-07-10,12.4
1961-07-11,0.0
1961-07-12,0.0
1961-07-13,0.0
1961-07-14,0.0
1961-07-15,1.8
1961-07-16,0.0
1961-07-17,0.0
1961-07-18,0.0
1961-07-19,0.0
1961-07-20,0.0
1961-07-21,0.0
1961-07-22,0.0
1961-07-23,90.0
1961-07-24,34.3
1961-07-25,0.0
1961-07-26,0.0
1961-07-27,0.0
1961-07-28,32.2
1961-07-29,73.0
1961-07-30,30.0
1961-07-31,0.0
1961-08-01,0.0
1961-08-02,0.0
1961-08-03,0.0
1961-08-04,0.0
1961-08-05,0.0
1961-08-06,0.0
1961-08-07,0.0
1961-08-08,0.0
1961-08-09,0.0
1961-08-10,0.0
1961-08-11,0.0
1961-08-12,0.0
1961-08-13,0.0
1961-08-14,0.0
1961-08-15,0.0
1961-08-16,0.0
1961-08-17,0.0
1961-08-18,0.0
1961-08-19,0.0
1961-08-20,0.0
1961-08-21,0.0
1961-08-22,31.8
1961-08-23,0.0
1961-08-24,0.0
1961-08-25,0.0
1961-08-26,17.1
1961-08-27,0.0
1961-08-28,0.0
1961-08-29,0.0
1961-08-30,0.0
1961-08-31,0.0
1961-09-01,0.0
1961-09-02,0.0
1961-09-03,0.0
1961-09-04,0.0
1961-09-05,0.0
1961-09-06,16.5
1961-09-07,30.0
1961-09-08,0.0
1961-09-09,0.0
1961-09-10,0.0
1961-09-11,0.0
1961-09-12,0.0
1961-09-13,0.0
1961-09-14,0.0
1961-09-15,0.0
1961-09-16,0.0
1961-09-17,0.0
1961-09-18,0.0
1961-09-19,0.0
1961-09-20,4.0
1961-09-21,0.0
1961-09-22,9.0
1961-09-23,21.2
1961-09-24,0.0
1961-09-25,0.0
1961-09-26,0.0
1961-09-27,0.0
1961-09-28,0.0
1961-09-29,0.0
1961-09-30,0.0
1961-10-01,0.0
1961-10-02,0.0
1961-10-03,0.0
1961-10-04,0.0
1961-10-05,0.0
1961-10-06,0.0
1961-10-07,0.0
1961-10-08,0.0
1961-10-09,0.0
1961-10-10,0.0
1961-10-11,0.0
1961-10-12,0.0
1961-10-13,0.0
1961-10-14,0.0
1961-10-15,0.0
1961-10-16,0.0
1961-10-17,14.6
1961-10-18,0.0
1961-10-19,0.0
1961-10-20,0.0
1961-10-21,0.0
1961-10-22,9.3
1961-10-23,0.0
1961-10-24,0.0
1961-10-25,0.0
1961-10-26,21.0
1961-10-27,0.0
1961-10-28,0.0
1961-10-29,0.0
1961-10-30,0.0
1961-10-31,0.0
1961-11-01,0.0
1961-11-02,0.0
1961-11-03,0.0
1961-11-04,13.2
1961-11-05,0.0
1961-11-06,0.0
1961-11-07,23.3
1961-11-08,0.0
1961-11-09,0.0
1961-11-10,0.0
1961-11-11,0.0
1961-11-12,0.0
1961-11-13,0.0
1961-11-14,0.0
1961-11-15,0.0
1961-11-16,0.0
1961-11-17,13.1
1961-11-18,0.0
1961-11-19,0.0
1961-11-20,0.0
1961-11-21,0.0
1961-11-22,0.0
1961-11-23,0.0
1961-11-24,0.0
1961-11-25,0.0
1961-11-26,0.0
1961-11-27,24.0
1961-11-28,0.0
1961-11-29,15.3
1961-11-30,0.0
1961-12-01,0.0
1961-12-02,0.0
1961-12-03,0.0
1961-12-04,41.3
1961-12-05,52.0
1961-12-06,0.0
1961-12-07,0.0
1961-12-08,0.0
1961-12-09,0.0
1961-12-10,0.0
1961-12-11,0.0
1961-12-12,0.0
1961-12-13,0.0
1961-12-14,0.0
1961-12-15,0.0
1961-12-16,0.0
1961-12-17,0.0
1961-12-18,8.0
1961-12-19,20.0
1961-12-20,0.0
1961-12-21,0.0
1961-12-22,0.0
1961-12-23,0.0
1961-12-24,8.8
1961-12-25,0.0
1961-12-26,30.0
1961-12-27,24.5
1961-12-28,0.0
1961-12-29,0.0
1961-12-30,9.2
1961-12-31,0.0
1962-01-01,9.6
1962-01-02,0.0
1962-01-03,0.0
1962-01-04,9.1
1962-01-05,0.0
1962-01-06,0.0
1962-01-07,0.0
1962-01-08,0.0
1962-01-09,0.0
1962-01-10,0.0
1962-01-11,0.0
1962-01-12,0.0
1962-01-13,0.0
1962-01-14,0.0
1962-01-15,0.0
1962-01-16,103.0
1962-01-17,36.0
1962-01-18,0.0
1962-01-19,17.0
1962-01-20,43.5
1962-01-21,21.0
1962-01-22,0.0
1962-01-23,0.0
1962-01-24,0.0
1962-01-25,7.0
1962-01-26,42.0
1962-01-27,8.3
1962-01-28,50.1
1962-01-29,0.0
1962-01-30,4.0
1962-01-31,0.0
1962-02-01,0.0
1962-02-02,8.1
1962-02-03,5.0
1962-02-04,11.1
1962-02-05,8.0
1962-02-06,0.0
1962-02-07,0.0
1962-02-08,32.4
1962-02-09,0.0
1962-02-10,61.3
1962-02-11,0.0
1962-02-12,0.0
1962-02-13,18.6
1962-02-14,0.0
1962-02-15,0.0
1962-02-16,4.3
1962-02-17,0.0
1962-02-18,0.0
1962-02-19,38.1
1962-02-20,44.0
1962-02-21,38.0
1962-02-22,0.0
1962-02-23,0.0
1962-02-24,0.0
1962-02-25,37.4
1962-02-26,0.0
1962-02-27,0.0
1962-02-28,9.3
1962-03-01,0.0
1962-03-02,0.0
1962-03-03,6.4
1962-03-04,0.0
1962-03-05,0.0
1962-03-06,0.0
1962-03-07,0.0
1962-03-08,0.0
1962-03-09,0.0
1962-03-10,0.0
1962-03-11,0.0
1962-03-12,0.0
1962-03-13,27.5
1962-03-14,8.2
1962-03-15,60.0
1962-03-16,0.0
1962-03-17,0.0
1962-03-18,0.0
1962-03-19,0.0
1962-03-20,0.0
1962-03-21,0.0
1962-03-22,9.3
1962-03-23,0.0
1962-03-24,0.0
1962-03-25,0.0
1962-03-26,0.0
1962-03-27,0.0
1962-03-28,0.0
1962-03-29,0.0
1962-03-30,0.0
1962-03-31,0.0
1962-04-01,0.0
1962-04-02,0.0
1962-04-03,0.0
1962-04-04,60.3
1962-04-05,0.0
1962-04-06,0.0
1962-04-07,0.0
1962-04-08,0.0
1962-04-09,0.0
1962-04-10,20.0
1962-04-11,0.0
1962-04-12,0.0
1962-04-13,0.0
1962-04-14,0.0
1962-04-15,4.0
1962-04-16,0.0
1962-04-17,0.0
1962-04-18,0.0
1962-04-19,0.0
1962-04-20,0.0
1962-04-21,0.0
1962-04-22,0.0
1962-04-23,0.0
1962-04-24,0.0
1962-04-25,0.0
1962-04-26,5.3
1962-04-27,0.0
1962-04-28,0.0
1962-04-29,0.0
1962-04-30,2.0
1962-05-01,28.0
1962-05-02,13.6
1962-05-03,0.0
1962-05-04,11.6
1962-05-05,0.0
1962-05-06,0.0
1962-05-07,0.0
1962-05-08,0.0
1962-05-09,13.4
1962-05-10,0.0
1962-05-11,0.0
1962-05-12,0.0
1962-05-13,0.0
1962-05-14,0.0
1962-05-15,9.1
1962-05-16,0.0
1962-05-17,0.0
1962-05-18,0.0
1962-05-19,0.0
1962-05-20,0.0
1962-05-21,0.0
1962-05-22,0.0
1962-05-23,0.0
1962-05-24,4.1
1962-05-25,0.0
1962-05-26,0.0
1962-05-27,0.0
1962-05-28,0.0
1962-05-29,9.0
1962-05-30,0.0
1962-05-31,7.5
1962-06-01,0.0
1962-06-02,0.0
1962-06-03,0.7
1962-06-04,0.0
1962-06-05,4.0
1962-06-06,0.0
1962-06-07,3.0
1962-06-08,0.0
1962-06-09,2.5
1962-06-10,0.0
1962-06-11,0.0
1962-06-12,0.0
1962-06-13,0.0
1962-06-14,9.3
1962-06-15,0.0
1962-06-16,0.0
1962-06-17,0.0
1962-06-18,0.0
1962-06-19,0.0
1962-06-20,0.0
1962-06-21,0.0
1962-06-22,0.0
1962-06-23,0.0
1962-06-24,22.4
1962-06-25,0.0
1962-06-26,0.0
1962-06-27,0.0
1962-06-28,0.0
1962-06-29,0.0
1962-06-30,0.0
1962-07-01,0.0
1962-07-02,0.0
1962-07-03,0.0
1962-07-04,0.0
1962-07-05,0.0
1962-07-06,0.0
1962-07-07,0.0
1962-07-08,0.0
1962-07-09,0.0
1962-07-10,0.0
1962-07-11,0.0
1962-07-12,0.0
1962-07-13,0.0
1962-07-14,0.0
1962-07-15,0.0
1962-07-16,0.0
1962-07-17,0.0
1962-07-18,3.6
1962-07-19,0.0
1962-07-20,12.3
1962-07-21,0.0
1962-07-22,0.0
1962-07-23,0.0
1962-07-24,0.0
1962-07-25,0.0
1962-07-26,0.0
1962-07-27,0.0
1962-07-28,0.0
1962-07-29,9.0
1962-07-30,2.0
1962-07-31,0.0
1962-08-01,0.0
1962-08-02,0.0
1962-08-03,0.0
1962-08-04,0.0
1962-08-05,0.0
1962-08-06,0.0
1962-08-07,0.0
1962-08-08,0.0
1962-08-09,0.0
1962-08-10,0.0
1962-08-11,0.0
1962-08-12,0.0
1962-08-13,0.0
1962-08-14,0.0
1962-08-15,0.0
1962-08-16,0.0
1962-08-17,0.0
1962-08-18,6.4
1962-08-19,0.0
1962-08-20,0.0
1962-08-21,0.0
1962-08-22,0.0
1962-08-23,16.0
1962-08-24,19.0
1962-08-25,0.0
1962-08-26,0.0
1962-08-27,0.0
1962-08-28,0.0
1962-08-29,0.0
1962-08-30,0.0
1962-08-31,0.0
1962-09-01,0.0
1962-09-02,0.0
1962-09-03,0.0
1962-09-04,0.0
1962-09-05,0.0
1962-09-06,0.0
1962-09-07,0.0
1962-09-08,4.0
1962-09-09,0.0
1962-09-10,0.0
1962-09-11,9.5
1962-09-12,0.0
1962-09-13,0.0
1962-09-14,21.0
1962-09-15,0.0
1962-09-16,0.0
1962-09-17,0.0
1962-09-18,28.0
1962-09-19,8.2
1962-09-20,0.0
1962-09-21,0.0
1962-09-22,0.0
1962-09-23,0.0
1962-09-24,0.0
1962-09-25,15.5
1962-09-26,0.0
1962-09-27,0.0
1962-09-28,0.0
1962-09-29,0.0
1962-09-30,0.0
1962-10-01,0.0
1962-10-02,6.5
1962-10-03,0.0
1962-10-04,0.0
1962-10-05,4.6
1962-10-06,9.1
1962-10-07,0.0
1962-10-08,0.0
1962-10-09,21.0
1962-10-10,0.5
1962-10-11,9.0
1962-10-12,5.8
1962-10-13,21.0
1962-10-14,0.0
1962-10-15,6.1
1962-10-16,0.0
1962-10-17,8.2
1962-10-18,0.0
1962-10-19,18.4
1962-10-20,15.0
1962-10-21,5.0
1962-10-22,0.0
1962-10-23,0.0
1962-10-24,0.0
1962-10-25,14.2
1962-10-26,0.0
1962-10-27,0.0
1962-10-28,0.0
1962-10-29,14.0
1962-10-30,19.0
1962-10-31,0.0
1962-11-01,9.6
1962-11-02,0.0
1962-11-03,0.0
1962-11-04,0.0
1962-11-05,0.0
1962-11-06,0.0
1962-11-07,0.0
1962-11-08,16.0
1962-11-09,19.0
1962-11-10,5.0
1962-11-11,11.5
1962-11-12,9.0
1962-11-13,0.0
1962-11-14,0.0
1962-11-15,0.0
1962-11-16,0.0
1962-11-17,0.0
1962-11-18,0.0
1962-11-19,9.7
1962-11-20,20.0
1962-11-21,2.0
1962-11-22,18.5
1962-11-23,12.0
1962-11-24,0.0
1962-11-25,0.0
1962-11-26,6.2
1962-11-27,0.0
1962-11-28,0.0
1962-11-29,0.0
1962-11-30,0.0
1962-12-01,0.0
1962-12-02,0.0
1962-12-03,0.0
1962-12-04,21.0
1962-12-05,29.6
1962-12-06,19.4
1962-12-07,36.0
1962-12-08,0.0
1962-12-09,0.0
1962-12-10,0.0
1962-12-11,0.0
1962-12-12,5.0
1962-12-13,22.1
1962-12-14,18.3
1962-12-15,0.0
1962-12-16,11.6
1962-12-17,0.0
1962-12-18,0.0
1962-12-19,0.0
1962-12-20,0.0
1962-12-21,30.5
1962-12-22,0.0
1962-12-23,0.0
1962-12-24,0.0
1962-12-25,0.0
1962-12-26,0.0
1962-12-27,4.8
1962-12-28,120.5
1962-12-29,46.0
1962-12-30,21.0
1962-12-31,23.6
1963-01-01,5.6
1963-01-02,4.3
1963-01-03,0.0
1963-01-04,1.1
1963-01-05,0.0
1963-01-06,0.0
1963-01-07,0.0
1963-01-08,0.0
1963-01-09,0.0
1963-01-10,2.2
1963-01-11,0.0
1963-01-12,27.0
1963-01-13,1.0
1963-01-14,0.0
1963-01-15,3.9
1963-01-16,32.5
1963-01-17,2.5
1963-01-18,18.6
1963-01-19,2.0
1963-01-20,6.6
1963-01-21,0.2
1963-01-22,0.0
1963-01-23,5.0
1963-01-24,26.1
1963-01-25,0.0
1963-01-26,4.0
1963-01-27,0.0
1963-01-28,0.0
1963-01-29,0.0
1963-01-30,0.0
1963-01-31,3.5
1963-02-01,0.0
1963-02-02,1.4
1963-02-03,2.2
1963-02-04,6.4
1963-02-05,4.5
1963-02-06,5.0
1963-02-07,61.7
1963-02-08,55.8
1963-02-09,25.0
1963-02-10,0.0
1963-02-11,0.0
1963-02-12,0.0
1963-02-13,0.0
1963-02-14,0.4
1963-02-15,0.0
1963-02-16,0.0
1963-02-17,0.0
1963-02-18,0.0
1963-02-19,0.0
1963-02-20,2.5
1963-02-21,5.0
1963-02-22,15.0
1963-02-23,0.7
1963-02-24,0.1
1963-02-25,6.2
1963-02-26,0.8
1963-02-27,0.0
1963-02-28,0.0
1963-03-01,0.0
1963-03-02,0.0
1963-03-03,0.0
1963-03-04,0.0
1963-03-05,0.0
1963-03-06,0.0
1963-03-07,0.0
1963-03-08,0.0
1963-03-09,0.0
1963-03-10,0.0
1963-03-11,0.0
1963-03-12,0.0
1963-03-13,0.0
1963-03-14,0.0
1963-03-15,0.0
1963-03-16,0.0
1963-03-17,0.0
1963-03-18,0.0
1963-03-19,0.0
1963-03-20,0.0
1963-03-21,0.0
1963-03-22,0.0
1963-03-23,0.0
1963-03-24,0.0
1963-03-25,0.0
1963-03-26,0.0
1963-03-27,0.0
1963-03-28,0.0
1963-03-29,200.6
1963-03-30,100.8
1963-03-31,96.0
1963-04-01,0.0
1963-04-02,0.0
1963-04-03,0.0
1963-04-04,0.0
1963-04-05,0.0
1963-04-06,0.0
1963-04-07,0.0
1963-04-08,0.0
1963-04-09,0.0
1963-04-10,0.0
1963-04-11,0.0
1963-04-12,15.3
1963-04-13,3.0
1963-04-14,0.0
1963-04-15,0.0
1963-04-16,0.0
1963-04-17,0.0
1963-04-18,0.0
1963-04-19,0.0
1963-04-20,0.0
1963-04-21,0.0
1963-04-22,0.0
1963-04-23,0.0
1963-04-24,0.0
1963-04-25,0.0
1963-04-26,0.0
1963-04-27,0.0
1963-04-28,0.0
1963-04-29,0.0
1963-04-30,0.0
1963-05-01,0.0
1963-05-02,0.0
1963-05-03,0.0
1963-05-04,0.0
1963-05-05,0.0
1963-05-06,0.0
1963-05-07,0.0
1963-05-08,0.0
1963-05-09,0.0
1963-05-10,0.0
1963-05-11,0.0
1963-05-12,0.0
1963-05-13,0.0
1963-05-14,0.0
1963-05-15,35.2
1963-05-16,3.0
1963-05-17,0.0
1963-05-18,0.0
1963-05-19,0.0
1963-05-20,0.0
1963-05-21,0.0
1963-05-22,0.0
1963-05-23,0.0
1963-05-24,0.0
1963-05-25,0.0
1963-05-26,0.0
1963-05-27,0.0
1963-05-28,0.0
1963-05-29,0.0
1963-05-30,0.0
1963-05-31,0.0
1963-06-01,21.0
1963-06-02,17.2
1963-06-03,7.7
1963-06-04,0.0
1963-06-05,0.0
1963-06-06,0.0
1963-06-07,0.0
1963-06-08,0.0
1963-06-09,0.0
1963-06-10,0.0
1963-06-11,0.0
1963-06-12,0.0
1963-06-13,18.3
1963-06-14,6.1
1963-06-15,0.0
1963-06-16,0.0
1963-06-17,0.0
1963-06-18,0.0
1963-06-19,0.0
1963-06-20,0.0
1963-06-21,0.0
1963-06-22,0.0
1963-06-23,0.0
1963-06-24,0.0
1963-06-25,0.0
1963-06-26,0.0
1963-06-27,0.0
1963-06-28,0.0
1963-06-29,0.0
1963-06-30,0.0
1963-07-01,0.0
1963-07-02,0.0
1963-07-03,0.0
1963-07-04,0.0
1963-07-05,36.0
1963-07-06,0.0
1963-07-07,0.0
1963-07-08,0.0
1963-07-09,0.0
1963-07-10,0.0
1963-07-11,0.0
1963-07-12,0.0
1963-07-13,0.0
1963-07-14,0.0
1963-07-15,0.0
1963-07-16,0.0
1963-07-17,0.0
1963-07-18,0.0
1963-07-19,0.0
1963-07-20,8.0
1963-07-21,0.0
1963-07-22,0.0
1963-07-23,0.0
1963-07-24,0.0
1963-07-25,0.0
1963-07-26,0.0
1963-07-27,0.0
1963-07-28,0.0
1963-07-29,0.0
1963-07-30,0.0
1963-07-31,0.0
1963-08-01,0.0
1963-08-02,0.0
1963-08-03,0.0
1963-08-04,0.0
1963-08-05,0.0
1963-08-06,0.0
1963-08-07,0.0
1963-08-08,0.0
1963-08-09,0.0
1963-08-10,0.0
1963-08-11,0.0
1963-08-12,0.0
1963-08-13,0.0
1963-08-14,0.0
1963-08-15,0.0
1963-08-16,23.0
1963-08-17,12.4
1963-08-18,0.0
1963-08-19,0.0
1963-08-20,0.0
1963-08-21,0.0
1963-08-22,0.0
1963-08-23,0.0
1963-08-24,0.0
1963-08-25,0.0
1963-08-26,0.0
1963-08-27,0.0
1963-08-28,0.0
1963-08-29,0.0
1963-08-30,0.0
1963-08-31,0.0
1963-09-01,0.0
1963-09-02,0.0
1963-09-03,0.0
1963-09-04,0.0
1963-09-05,0.0
1963-09-06,0.0
1963-09-07,0.0
1963-09-08,0.0
1963-09-09,0.0
1963-09-10,0.0
1963-09-11,0.0
1963-09-12,0.0
1963-09-13,0.0
1963-09-14,0.0
1963-09-15,0.0
1963-09-16,0.0
1963-09-17,9.6
1963-09-18,0.0
1963-09-19,0.0
1963-09-20,0.0
1963-09-21,0.0
1963-09-22,0.0
1963-09-23,0.0
1963-09-24,0.0
1963-09-25,0.0
1963-09-26,0.0
1963-09-27,0.0
1963-09-28,0.0
1963-09-29,0.0
1963-09-30,12.5
1963-10-01,0.0
1963-10-02,9.2
1963-10-03,0.4
1963-10-04,13.0
1963-10-05,7.0
1963-10-06,0.0
1963-10-07,0.0
1963-10-08,0.0
1963-10-09,13.1
1963-10-10,0.0
1963-10-11,0.0
1963-10-12,0.0
1963-10-13,0.0
1963-10-14,0.0
1963-10-15,0.0
1963-10-16,0.0
1963-10-17,0.0
1963-10-18,22.3
1963-10-19,8.1
1963-10-20,5.0
1963-10-21,32.0
1963-10-22,19.2
1963-10-23,23.0
1963-10-24,8.3
1963-10-25,5.0
1963-10-26,0.0
1963-10-27,0.0
1963-10-28,0.0
1963-10-29,5.5
1963-10-30,0.0
1963-10-31,0.0
1963-11-01,0.0
1963-11-02,0.0
1963-11-03,12.3
1963-11-04,0.0
1963-11-05,0.0
1963-11-06,0.0
1963-11-07,0.0
1963-11-08,0.0
1963-11-09,0.0
1963-11-10,0.0
1963-11-11,31.6
1963-11-12,0.0
1963-11-13,26.2
1963-11-14,8.0
1963-11-15,8.4
1963-11-16,63.3
1963-11-17,0.0
1963-11-18,0.0
1963-11-19,0.0
1963-11-20,0.0
1963-11-21,29.1
1963-11-22,7.0
1963-11-23,0.0
1963-11-24,0.0
1963-11-25,0.0
1963-11-26,0.0
1963-11-27,0.0
1963-11-28,0.0
1963-11-29,0.0
1963-11-30,0.0
1963-12-01,0.0
1963-12-02,0.0
1963-12-03,0.0
1963-12-04,0.0
1963-12-05,0.0
1963-12-06,17.5
1963-12-07,0.0
1963-12-08,0.0
1963-12-09,0.0
1963-12-10,0.0
1963-12-11,0.0
1963-12-12,0.0
1963-12-13,0.0
1963-12-14,0.0
1963-12-15,0.0
1963-12-16,0.0
1963-12-17,0.0
1963-12-18,0.0
1963-12-19,0.0
1963-12-20,29.2
1963-12-21,12.0
1963-12-22,0.0
1963-12-23,0.0
1963-12-24,0.0
1963-12-25,0.0
1963-12-26,0.0
1963-12-27,24.0
1963-12-28,0.0
1963-12-29,0.0
1963-12-30,9.8
1963-12-31,0.0
1964-01-01,0.0
1964-01-02,0.0
1964-01-03,0.0
1964-01-04,0.0
1964-01-05,0.0
1964-01-06,0.0
1964-01-07,0.0
1964-01-08,0.0
1964-01-09,0.0
1964-01-10,0.0
1964-01-11,0.0
1964-01-12,0.0
1964-01-13,9.2
1964-01-14,0.0
1964-01-15,0.0
1964-01-16,0.0
1964-01-17,0.0
1964-01-18,0.0
1964-01-19,0.0
1964-01-20,0.0
1964-01-21,0.0
1964-01-22,0.0
1964-01-23,11.0
1964-01-24,6.7
1964-01-25,0.0
1964-01-26,0.0
1964-01-27,0.0
1964-01-28,0.0
1964-01-29,0.0
1964-01-30,0.0
1964-01-31,0.0
1964-02-01,0.0
1964-02-02,0.0
1964-02-03,0.0
1964-02-04,22.3
1964-02-05,12.4
1964-02-06,7.0
1964-02-07,0.0
1964-02-08,0.0
1964-02-09,0.0
1964-02-10,0.0
1964-02-11,0.0
1964-02-12,0.0
1964-02-13,0.0
1964-02-14,6.0
1964-02-15,0.0
1964-02-16,0.0
1964-02-17,26.6
1964-02-18,1.0
1964-02-19,15.7
1964-02-20,100.4
1964-02-21,46.0
1964-02-22,0.0
1964-02-23,12.5
1964-02-24,0.0
1964-02-25,0.0
1964-02-26,0.0
1964-02-27,0.0
1964-02-28,0.0
1964-02-29,0.0
1964-03-01,0.0
1964-03-02,0.0
1964-03-03,0.0
1964-03-04,0.0
1964-03-05,0.0
1964-03-06,61.3
1964-03-07,0.0
1964-03-08,0.0
1964-03-09,0.0
1964-03-10,0.0
1964-03-11,0.0
1964-03-12,0.0
1964-03-13,0.0
1964-03-14,0.0
1964-03-15,0.0
1964-03-16,36.1
1964-03-17,14.0
1964-03-18,0.0
1964-03-19,0.0
1964-03-20,0.0
1964-03-21,0.0
1964-03-22,0.0
1964-03-23,0.0
1964-03-24,0.0
1964-03-25,0.0
1964-03-26,0.0
1964-03-27,0.0
1964-03-28,0.0
1964-03-29,0.0
1964-03-30,2.2
1964-03-31,30.0
1964-04-01,50.0
1964-04-02,36.0
1964-04-03,14.3
1964-04-04,6.8
1964-04-05,0.0
1964-04-06,0.0
1964-04-07,0.0
1964-04-08,0.0
1964-04-09,0.0
1964-04-10,0.0
1964-04-11,0.0
1964-04-12,0.0
1964-04-13,0.0
1964-04-14,0.0
1964-04-15,0.0
1964-04-16,0.0
1964-04-17,0.0
1964-04-18,0.0
1964-04-19,0.0
1964-04-20,0.0
1964-04-21,0.0
1964-04-22,0.0
1964-04-23,0.0
1964-04-24,0.0
1964-04-25,62.4
1964-04-26,0.0
1964-04-27,0.0
1964-04-28,0.0
1964-04-29,26.4
1964-04-30,36.3
1964-05-01,62.0
1964-05-02,0.0
1964-05-03,11.0
1964-05-04,0.0
1964-05-05,0.0
1964-05-06,0.0
1964-05-07,18.0
1964-05-08,0.0
1964-05-09,0.0
1964-05-10,0.0
1964-05-11,0.0
1964-05-12,0.0
1964-05-13,0.0
1964-05-14,47.6
1964-05-15,0.0
1964-05-16,0.0
1964-05-17,0.0
1964-05-18,0.0
1964-05-19,0.0
1964-05-20,0.0
1964-05-21,0.0
1964-05-22,0.0
1964-05-23,0.0
1964-05-24,0.0
1964-05-25,0.0
1964-05-26,0.0
1964-05-27,12.0
1964-05-28,8.1
1964-05-29,45.3
1964-05-30,25.0
1964-05-31,19.2
1964-06-01,0.0
1964-06-02,0.0
1964-06-03,0.0
1964-06-04,0.0
1964-06-05,0.0
1964-06-06,0.0
1964-06-07,0.0
1964-06-08,0.0
1964-06-09,0.0
1964-06-10,0.0
1964-06-11,0.0
1964-06-12,0.0
1964-06-13,14.5
1964-06-14,0.0
1964-06-15,12.3
1964-06-16,0.0
1964-06-17,0.0
1964-06-18,0.0
1964-06-19,0.0
1964-06-20,0.0
1964-06-21,0.0
1964-06-22,0.0
1964-06-23,0.0
1964-06-24,0.0
1964-06-25,0.0
1964-06-26,18.4
1964-06-27,9.0
1964-06-28,4.0
1964-06-29,6.3
1964-06-30,20.0
1964-07-01,0.0
1964-07-02,19.2
1964-07-03,7.4
1964-07-04,2.0
1964-07-05,12.0
1964-07-06,7.5
1964-07-07,29.0
1964-07-08,0.0
1964-07-09,0.0
1964-07-10,0.2
1964-07-11,9.0
1964-07-12,0.3
1964-07-13,0.0
1964-07-14,6.5
1964-07-15,0.0
1964-07-16,3.0
1964-07-17,8.5
1964-07-18,0.0
1964-07-19,0.7
1964-07-20,0.0
1964-07-21,12.1
1964-07-22,5.0
1964-07-23,2.0
1964-07-24,0.3
1964-07-25,0.0
1964-07-26,0.0
1964-07-27,0.0
1964-07-28,16.0
1964-07-29,0.0
1964-07-30,0.0
1964-07-31,0.0
1964-08-01,0.0
1964-08-02,0.0
1964-08-03,0.0
1964-08-04,6.0
1964-08-05,15.3
1964-08-06,18.2
1964-08-07,0.0
1964-08-08,0.0
1964-08-09,0.0
1964-08-10,0.0
1964-08-11,0.0
1964-08-12,0.0
1964-08-13,0.0
1964-08-14,0.0
1964-08-15,0.0
1964-08-16,0.0
1964-08-17,9.0
1964-08-18,0.0
1964-08-19,0.0
1964-08-20,0.0
1964-08-21,0.0
1964-08-22,9.0
1964-08-23,1.0
1964-08-24,2.1
1964-08-25,0.0
1964-08-26,0.0
1964-08-27,2.6
1964-08-28,0.0
1964-08-29,0.0
1964-08-30,0.0
1964-08-31,0.0
1964-09-01,0.0
1964-09-02,6.0
1964-09-03,50.3
1964-09-04,30.2
1964-09-05,0.0
1964-09-06,0.0
1964-09-07,0.0
1964-09-08,0.0
1964-09-09,0.0
1964-09-10,0.0
1964-09-11,0.0
1964-09-12,39.2
1964-09-13,7.0
1964-09-14,0.0
1964-09-15,0.0
1964-09-16,0.0
1964-09-17,0.0
1964-09-18,0.0
1964-09-19,0.0
1964-09-20,0.0
1964-09-21,0.0
1964-09-22,0.0
1964-09-23,0.0
1964-09-24,0.0
1964-09-25,0.0
1964-09-26,0.0
1964-09-27,9.3
1964-09-28,20.5
1964-09-29,0.0
1964-09-30,0.0
1964-10-01,0.0
1964-10-02,0.0
1964-10-03,28.3
1964-10-04,7.0
1964-10-05,0.0
1964-10-06,0.0
1964-10-07,12.8
1964-10-08,6.8
1964-10-09,40.0
1964-10-10,0.0
1964-10-11,0.0
1964-10-12,0.0
1964-10-13,0.0
1964-10-14,24.5
1964-10-15,0.0
1964-10-16,0.0
1964-10-17,0.0
1964-10-18,0.0
1964-10-19,0.0
1964-10-20,0.0
1964-10-21,0.0
1964-10-22,0.0
1964-10-23,0.0
1964-10-24,0.0
1964-10-25,0.0
1964-10-26,0.0
1964-10-27,14.0
1964-10-28,0.0
1964-10-29,0.0
1964-10-30,6.0
1964-10-31,0.0
1964-11-01,7.0
1964-11-02,15.2
1964-11-03,8.0
1964-11-04,6.0
1964-11-05,0.0
1964-11-06,0.0
1964-11-07,0.0
1964-11-08,0.0
1964-11-09,0.0
1964-11-10,0.0
1964-11-11,27.4
1964-11-12,0.0
1964-11-13,0.0
1964-11-14,0.0
1964-11-15,16.4
1964-11-16,0.0
1964-11-17,0.0
1964-11-18,0.0
1964-11-19,37.7
1964-11-20,22.1
1964-11-21,67.0
1964-11-22,11.0
1964-11-23,14.6
1964-11-24,0.0
1964-11-25,0.0
1964-11-26,0.0
1964-11-27,0.0
1964-11-28,0.0
1964-11-29,0.0
1964-11-30,0.0
1964-12-01,5.0
1964-12-02,10.0
1964-12-03,0.0
1964-12-04,31.6
1964-12-05,0.0
1964-12-06,0.0
1964-12-07,0.0
1964-12-08,0.0
1964-12-09,18.0
1964-12-10,3.0
1964-12-11,0.0
1964-12-12,0.0
1964-12-13,0.0
1964-12-14,42.8
1964-12-15,0.0
1964-12-16,0.0
1964-12-17,0.0
1964-12-18,100.0
1964-12-19,4.3
1964-12-20,0.0
1964-12-21,0.0
1964-12-22,0.0
1964-12-23,8.7
1964-12-24,0.0
1964-12-25,0.0
1964-12-26,17.3
1964-12-27,0.0
1964-12-28,0.0
1964-12-29,13.3
1964-12-30,21.0
1964-12-31,2.0
1965-01-01,0.0
1965-01-02,2.8
1965-01-03,0.0
1965-01-04,0.0
1965-01-05,90.2
1965-01-06,4.6
1965-01-07,0.0
1965-01-08,0.0
1965-01-09,9.6
1965-01-10,39.0
1965-01-11,0.0
1965-01-12,0.0
1965-01-13,0.0
1965-01-14,0.0
1965-01-15,0.0
1965-01-16,0.0
1965-01-17,0.0
1965-01-18,0.0
1965-01-19,0.0
1965-01-20,44.0
1965-01-21,40.5
1965-01-22,0.0
1965-01-23,0.0
1965-01-24,0.0
1965-01-25,0.0
1965-01-26,0.0
1965-01-27,2.0
1965-01-28,19.3
1965-01-29,11.0
1965-01-30,0.0
1965-01-31,0.0
1965-02-01,0.0
1965-02-02,0.0
1965-02-03,0.0
1965-02-04,0.0
1965-02-05,0.0
1965-02-06,0.0
1965-02-07,0.0
1965-02-08,0.0
1965-02-09,0.0
1965-02-10,0.0
1965-02-11,0.0
1965-02-12,4.5
1965-02-13,0.0
1965-02-14,0.0
1965-02-15,23.0
1965-02-16,0.0
1965-02-17,23.5
1965-02-18,0.0
1965-02-19,0.0
1965-02-20,0.0
1965-02-21,20.0
1965-02-22,6.8
1965-02-23,0.0
1965-02-24,0.0
1965-02-25,81.6
1965-02-26,0.0
1965-02-27,16.0
1965-02-28,0.0
1965-03-01,0.0
1965-03-02,0.0
1965-03-03,86.0
1965-03-04,100.0
1965-03-05,0.0
1965-03-06,0.0
1965-03-07,0.0
1965-03-08,5.2
1965-03-09,0.0
1965-03-10,2.0
1965-03-11,9.3
1965-03-12,4.0
1965-03-13,28.3
1965-03-14,13.0
1965-03-15,42.0
1965-03-16,9.0
1965-03-17,7.0
1965-03-18,2.0
1965-03-19,0.0
1965-03-20,72.2
1965-03-21,0.0
1965-03-22,21.3
1965-03-23,0.0
1965-03-24,0.0
1965-03-25,0.0
1965-03-26,13.9
1965-03-27,0.0
1965-03-28,42.2
1965-03-29,0.0
1965-03-30,0.0
1965-03-31,4.3
1965-04-01,4.9
1965-04-02,0.2
1965-04-03,12.0
1965-04-04,0.1
1965-04-05,0.1
1965-04-06,0.1
1965-04-07,0.9
1965-04-08,0.1
1965-04-09,0.1
1965-04-10,5.4
1965-04-11,0.1
1965-04-12,1.1
1965-04-13,2.0
1965-04-14,10.0
1965-04-15,41.4
1965-04-16,1.1
1965-04-17,0.1
1965-04-18,0.1
1965-04-19,0.0
1965-04-20,120.9
1965-04-21,38.5
1965-04-22,26.6
1965-04-23,0.1
1965-04-24,0.2
1965-04-25,0.2
1965-04-26,0.1
1965-04-27,4.5
1965-04-28,3.7
1965-04-29,57.4
1965-04-30,12.3
1965-05-01,0.0
1965-05-02,32.7
1965-05-03,0.0
1965-05-04,0.0
1965-05-05,0.0
1965-05-06,0.0
1965-05-07,0.0
1965-05-08,0.0
1965-05-09,0.0
1965-05-10,0.0
1965-05-11,0.0
1965-05-12,48.2
1965-05-13,4.0
1965-05-14,0.0
1965-05-15,0.0
1965-05-16,98.0
1965-05-17,22.1
1965-05-18,8.5
1965-05-19,81.0
1965-05-20,50.9
1965-05-21,11.0
1965-05-22,0.0
1965-05-23,0.0
1965-05-24,0.0
1965-05-25,0.0
1965-05-26,0.0
1965-05-27,0.0
1965-05-28,0.0
1965-05-29,0.0
1965-05-30,0.0
1965-05-31,0.0
1965-06-01,0.0
1965-06-02,0.0
1965-06-03,0.0
1965-06-04,0.0
1965-06-05,7.5
1965-06-06,0.0
1965-06-07,0.0
1965-06-08,0.0
1965-06-09,0.0
1965-06-10,0.0
1965-06-11,0.0
1965-06-12,34.7
1965-06-13,0.0
1965-06-14,20.0
1965-06-15,0.0
1965-06-16,0.0
1965-06-17,64.4
1965-06-18,0.0
1965-06-19,0.0
1965-06-20,0.0
1965-06-21,4.1
1965-06-22,9.0
1965-06-23,0.0
1965-06-24,0.0
1965-06-25,2.3
1965-06-26,0.0
1965-06-27,5.0
1965-06-28,0.0
1965-06-29,0.0
1965-06-30,0.0
1965-07-01,0.0
1965-07-02,0.0
1965-07-03,0.0
1965-07-04,0.0
1965-07-05,0.0
1965-07-06,5.8
1965-07-07,80.0
1965-07-08,0.0
1965-07-09,0.0
1965-07-10,14.0
1965-07-11,0.0
1965-07-12,0.0
1965-07-13,0.0
1965-07-14,0.0
1965-07-15,0.0
1965-07-16,51.0
1965-07-17,69.2
1965-07-18,6.4
1965-07-19,0.0
1965-07-20,0.0
1965-07-21,0.0
1965-07-22,0.0
1965-07-23,0.0
1965-07-24,0.0
1965-07-25,0.0
1965-07-26,0.0
1965-07-27,0.0
1965-07-28,0.0
1965-07-29,0.0
1965-07-30,0.0
1965-07-31,0.0
1965-08-01,0.0
1965-08-02,0.0
1965-08-03,0.0
1965-08-04,51.5
1965-08-05,0.0
1965-08-06,0.0
1965-08-07,0.0
1965-08-08,0.0
1965-08-09,0.0
1965-08-10,0.0
1965-08-11,0.0
1965-08-12,0.0
1965-08-13,0.0
1965-08-14,0.0
1965-08-15,0.0
1965-08-16,0.0
1965-08-17,0.0
1965-08-18,0.0
1965-08-19,0.0
1965-08-20,14.3
1965-08-21,0.0
1965-08-22,0.0
1965-08-23,0.0
1965-08-24,0.0
1965-08-25,0.0
1965-08-26,0.0
1965-08-27,0.0
1965-08-28,0.0
1965-08-29,0.0
1965-08-30,0.0
1965-08-31,0.0
1965-09-01,0.0
1965-09-02,0.0
1965-09-03,0.0
1965-09-04,0.0
1965-09-05,16.3
1965-09-06,0.0
1965-09-07,0.0
1965-09-08,0.0
1965-09-09,0.0
1965-09-10,0.0
1965-09-11,0.0
1965-09-12,0.0
1965-09-13,51.7
1965-09-14,39.0
1965-09-15,0.0
1965-09-16,0.0
1965-09-17,0.0
1965-09-18,0.0
1965-09-19,0.0
1965-09-20,0.0
1965-09-21,0.0
1965-09-22,0.0
1965-09-23,0.0
1965-09-24,0.0
1965-09-25,0.0
1965-09-26,0.0
1965-09-27,52.0
1965-09-28,67.3
1965-09-29,0.0
1965-09-30,0.0
1965-10-01,7.2
1965-10-02,28.0
1965-10-03,32.5
1965-10-04,0.0
1965-10-05,0.0
1965-10-06,0.0
1965-10-07,0.0
1965-10-08,0.0
1965-10-09,0.0
1965-10-10,0.0
1965-10-11,0.0
1965-10-12,92.8
1965-10-13,0.0
1965-10-14,0.0
1965-10-15,16.0
1965-10-16,0.0
1965-10-17,0.0
1965-10-18,0.0
1965-10-19,0.0
1965-10-20,0.0
1965-10-21,0.0
1965-10-22,0.0
1965-10-23,0.0
1965-10-24,0.0
1965-10-25,0.0
1965-10-26,70.0
1965-10-27,6.7
1965-10-28,0.0
1965-10-29,70.0
1965-10-30,11.0
1965-10-31,0.0
1965-11-01,52.4
1965-11-02,0.0
1965-11-03,0.0
1965-11-04,0.0
1965-11-05,0.0
1965-11-06,0.0
1965-11-07,0.0
1965-11-08,0.0
1965-11-09,0.0
1965-11-10,0.0
1965-11-11,26.6
1965-11-12,0.0
1965-11-13,0.0
1965-11-14,0.0
1965-11-15,0.0
1965-11-16,0.0
1965-11-17,0.0
1965-11-18,0.0
1965-11-19,0.0
1965-11-20,0.0
1965-11-21,0.0
1965-11-22,0.0
1965-11-23,0.0
1965-11-24,0.0
1965-11-25,0.0
1965-11-26,26.3
1965-11-27,0.0
1965-11-28,0.0
1965-11-29,0.0
1965-11-30,17.2
1965-12-01,0.0
1965-12-02,0.0
1965-12-03,0.0
1965-12-04,0.0
1965-12-05,0.0
1965-12-06,0.0
1965-12-07,0.0
1965-12-08,0.0
1965-12-09,70.0
1965-12-10,7.8
1965-12-11,0.0
1965-12-12,0.0
1965-12-13,6.0
1965-12-14,0.0
1965-12-15,0.0
1965-12-16,300.0
1965-12-17,51.0
1965-12-18,0.0
1965-12-19,0.0
1965-12-20,0.0
1965-12-21,16.0
1965-12-22,0.0
1965-12-23,76.2
1965-12-24,4.0
1965-12-25,0.0
1965-12-26,0.0
1965-12-27,22.7
1965-12-28,0.0
1965-12-29,6.6
1965-12-30,20.0
1965-12-31,46.5
1966-01-01,0.0
1966-01-02,0.0
1966-01-03,0.0
1966-01-04,0.0
1966-01-05,0.0
1966-01-06,0.0
1966-01-07,0.0
1966-01-08,0.0
1966-01-09,0.0
1966-01-10,0.0
1966-01-11,228.2
1966-01-12,10.0
1966-01-13,8.0
1966-01-14,0.0
1966-01-15,0.0
1966-01-16,0.0
1966-01-17,0.0
1966-01-18,0.0
1966-01-19,0.0
1966-01-20,0.0
1966-01-21,0.0
1966-01-22,0.0
1966-01-23,0.0
1966-01-24,0.0
1966-01-25,0.0
1966-01-26,0.0
1966-01-27,78.8
1966-01-28,43.5
1966-01-29,0.0
1966-01-30,0.0
1966-01-31,0.0
1966-02-01,0.0
1966-02-02,0.0
1966-02-03,0.0
1966-02-04,0.0
1966-02-05,0.0
1966-02-06,0.0
1966-02-07,0.0
1966-02-08,0.0
1966-02-09,9.5
1966-02-10,0.0
1966-02-11,0.0
1966-02-12,0.0
1966-02-13,0.0
1966-02-14,12.2
1966-02-15,0.0
1966-02-16,0.0
1966-02-17,0.0
1966-02-18,0.0
1966-02-19,0.0
1966-02-20,90.3
1966-02-21,0.0
1966-02-22,0.0
1966-02-23,0.0
1966-02-24,27.8
1966-02-25,0.0
1966-02-26,0.0
1966-02-27,16.3
1966-02-28,3.8
1966-03-01,0.0
1966-03-02,0.0
1966-03-03,0.0
1966-03-04,0.0
1966-03-05,0.0
1966-03-06,0.0
1966-03-07,100.0
1966-03-08,14.0
1966-03-09,52.5
1966-03-10,28.1
1966-03-11,0.0
1966-03-12,0.0
1966-03-13,0.0
1966-03-14,0.0
1966-03-15,0.0
1966-03-16,0.0
1966-03-17,0.0
1966-03-18,0.0
1966-03-19,0.0
1966-03-20,0.0
1966-03-21,0.0
1966-03-22,0.0
1966-03-23,0.0
1966-03-24,0.0
1966-03-25,0.0
1966-03-26,0.0
1966-03-27,100.0
1966-03-28,11.2
1966-03-29,0.0
1966-03-30,0.0
1966-03-31,0.0
1966-04-01,0.0
1966-04-02,0.0
1966-04-03,0.0
1966-04-04,100.2
1966-04-05,5.7
1966-04-06,0.3
1966-04-07,0.0
1966-04-08,51.0
1966-04-09,82.3
1966-04-10,58.0
1966-04-11,20.0
1966-04-12,0.0
1966-04-13,0.0
1966-04-14,0.0
1966-04-15,0.0
1966-04-16,0.0
1966-04-17,0.0
1966-04-18,0.0
1966-04-19,0.0
1966-04-20,0.0
1966-04-21,0.0
1966-04-22,58.0
1966-04-23,0.0
1966-04-24,0.0
1966-04-25,0.0
1966-04-26,0.0
1966-04-27,0.0
1966-04-28,0.0
1966-04-29,0.0
1966-04-30,0.0
1966-05-01,0.0
1966-05-02,0.0
1966-05-03,0.0
1966-05-04,0.0
1966-05-05,70.0
1966-05-06,25.2
1966-05-07,0.0
1966-05-08,0.0
1966-05-09,0.0
1966-05-10,0.0
1966-05-11,0.0
1966-05-12,0.0
1966-05-13,25.0
1966-05-14,0.0
1966-05-15,0.0
1966-05-16,0.0
1966-05-17,0.0
1966-05-18,0.0
1966-05-19,0.0
1966-05-20,0.0
1966-05-21,0.0
1966-05-22,0.0
1966-05-23,0.0
1966-05-24,0.0
1966-05-25,29.3
1966-05-26,0.0
1966-05-27,6.0
1966-05-28,0.0
1966-05-29,0.0
1966-05-30,0.0
1966-05-31,0.0
1966-06-01,0.0
1966-06-02,0.0
1966-06-03,0.0
1966-06-04,0.0
1966-06-05,0.0
1966-06-06,0.0
1966-06-07,0.0
1966-06-08,10.6
1966-06-09,0.0
1966-06-10,0.0
1966-06-11,0.0
1966-06-12,0.0
1966-06-13,0.0
1966-06-14,0.0
1966-06-15,0.0
1966-06-16,0.0
1966-06-17,0.0
1966-06-18,0.0
1966-06-19,0.0
1966-06-20,0.0
1966-06-21,0.0
1966-06-22,0.0
1966-06-23,0.0
1966-06-24,0.0
1966-06-25,28.1
1966-06-26,0.0
1966-06-27,0.0
1966-06-28,0.0
1966-06-29,0.0
1966-06-30,7.0
1966-07-01,44.0
1966-07-02,32.2
1966-07-03,24.0
1966-07-04,1.0
1966-07-05,0.0
1966-07-06,0.0
1966-07-07,0.0
1966-07-08,0.0
1966-07-09,0.0
1966-07-10,0.0
1966-07-11,0.0
1966-07-12,0.0
1966-07-13,0.0
1966-07-14,0.0
1966-07-15,0.0
1966-07-16,0.0
1966-07-17,0.0
1966-07-18,0.0
1966-07-19,0.0
1966-07-20,0.0
1966-07-21,0.0
1966-07-22,14.4
1966-07-23,0.0
1966-07-24,0.0
1966-07-25,0.0
1966-07-26,0.0
1966-07-27,0.0
1966-07-28,0.0
1966-07-29,0.0
1966-07-30,0.0
1966-07-31,15.2
1966-08-01,55.0
1966-08-02,0.0
1966-08-03,0.0
1966-08-04,0.0
1966-08-05,0.0
1966-08-06,0.0
1966-08-07,0.0
1966-08-08,0.0
1966-08-09,0.0
1966-08-10,31.8
1966-08-11,0.0
1966-08-12,0.0
1966-08-13,0.0
1966-08-14,0.0
1966-08-15,12.0
1966-08-16,0.0
1966-08-17,0.0
1966-08-18,0.0
1966-08-19,0.0
1966-08-20,0.0
1966-08-21,0.0
1966-08-22,0.0
1966-08-23,0.0
1966-08-24,0.0
1966-08-25,0.0
1966-08-26,107.7
1966-08-27,0.0
1966-08-28,0.0
1966-08-29,0.0
1966-08-30,0.0
1966-08-31,0.0
1966-09-01,0.0
1966-09-02,0.0
1966-09-03,0.0
1966-09-04,0.0
1966-09-05,0.0
1966-09-06,0.0
1966-09-07,0.0
1966-09-08,26.3
1966-09-09,0.0
1966-09-10,0.0
1966-09-11,0.0
1966-09-12,0.0
1966-09-13,0.0
1966-09-14,0.0
1966-09-15,0.0
1966-09-16,38.0
1966-09-17,0.0
1966-09-18,0.0
1966-09-19,0.0
1966-09-20,0.0
1966-09-21,0.0
1966-09-22,0.0
1966-09-23,0.0
1966-09-24,0.0
1966-09-25,0.0
1966-09-26,0.0
1966-09-27,0.0
1966-09-28,26.8
1966-09-29,0.0
1966-09-30,0.0
1966-10-01,0.0
1966-10-02,0.0
1966-10-03,0.0
1966-10-04,0.0
1966-10-05,0.0
1966-10-06,0.0
1966-10-07,34.7
1966-10-08,39.0
1966-10-09,0.0
1966-10-10,0.0
1966-10-11,0.0
1966-10-12,0.0
1966-10-13,15.6
1966-10-14,0.0
1966-10-15,0.0
1966-10-16,0.0
1966-10-17,65.9
1966-10-18,0.0
1966-10-19,25.0
1966-10-20,0.0
1966-10-21,0.0
1966-10-22,0.0
1966-10-23,0.0
1966-10-24,0.0
1966-10-25,0.0
1966-10-26,0.0
1966-10-27,0.0
1966-10-28,7.3
1966-10-29,1.0
1966-10-30,10.0
1966-10-31,24.0
1966-11-01,0.0
1966-11-02,69.0
1966-11-03,4.5
1966-11-04,0.0
1966-11-05,0.0
1966-11-06,0.0
1966-11-07,0.0
1966-11-08,15.2
1966-11-09,0.0
1966-11-10,0.0
1966-11-11,0.0
1966-11-12,0.0
1966-11-13,68.8
1966-11-14,33.0
1966-11-15,0.0
1966-11-16,0.0
1966-11-17,0.0
1966-11-18,0.0
1966-11-19,0.0
1966-11-20,5.1
1966-11-21,0.0
1966-11-22,0.0
1966-11-23,0.0
1966-11-24,0.0
1966-11-25,11.3
1966-11-26,0.0
1966-11-27,0.0
1966-11-28,0.0
1966-11-29,0.0
1966-11-30,0.0
1966-12-01,0.0
1966-12-02,0.0
1966-12-03,0.0
1966-12-04,21.2
1966-12-05,0.0
1966-12-06,0.0
1966-12-07,0.0
1966-12-08,21.8
1966-12-09,0.0
1966-12-10,0.0
1966-12-11,0.0
1966-12-12,0.0
1966-12-13,0.0
1966-12-14,15.8
1966-12-15,0.0
1966-12-16,6.0
1966-12-17,0.0
1966-12-18,0.0
1966-12-19,0.0
1966-12-20,0.0
1966-12-21,0.0
1966-12-22,126.0
1966-12-23,100.4
1966-12-24,62.0
1966-12-25,90.4
1966-12-26,20.0
1966-12-27,0.0
1966-12-28,0.0
1966-12-29,0.0
1966-12-30,5.0
1966-12-31,0.0
1967-01-01,0.0
1967-01-02,0.0
1967-01-03,0.0
1967-01-04,0.0
1967-01-05,0.0
1967-01-06,75.4
1967-01-07,6.2
1967-01-08,0.0
1967-01-09,0.0
1967-01-10,58.2
1967-01-11,0.0
1967-01-12,5.8
1967-01-13,40.2
1967-01-14,1.2
1967-01-15,8.9
1967-01-16,38.0
1967-01-17,7.1
1967-01-18,1.5
1967-01-19,0.0
1967-01-20,131.7
1967-01-21,0.0
1967-01-22,0.0
1967-01-23,303.0
1967-01-24,82.0
1967-01-25,72.9
1967-01-26,0.0
1967-01-27,6.0
1967-01-28,0.0
1967-01-29,0.4
1967-01-30,60.1
1967-01-31,24.8
1967-02-01,9.0
1967-02-02,40.0
1967-02-03,1.0
1967-02-04,0.0
1967-02-05,30.8
1967-02-06,5.5
1967-02-07,0.0
1967-02-08,0.0
1967-02-09,0.0
1967-02-10,0.0
1967-02-11,8.5
1967-02-12,0.0
1967-02-13,0.0
1967-02-14,11.8
1967-02-15,0.0
1967-02-16,0.0
1967-02-17,0.0
1967-02-18,0.0
1967-02-19,81.3
1967-02-20,100.0
1967-02-21,0.0
1967-02-22,0.0
1967-02-23,0.0
1967-02-24,0.0
1967-02-25,0.0
1967-02-26,0.0
1967-02-27,0.0
1967-02-28,0.0
1967-03-01,0.0
1967-03-02,0.0
1967-03-03,122.4
1967-03-04,0.0
1967-03-05,0.0
1967-03-06,39.4
1967-03-07,294.8
1967-03-08,38.0
1967-03-09,52.6
1967-03-10,0.0
1967-03-11,0.0
1967-03-12,0.0
1967-03-13,0.0
1967-03-14,4.4
1967-03-15,180.0
1967-03-16,0.0
1967-03-17,0.0
1967-03-18,0.0
1967-03-19,82.0
1967-03-20,100.0
1967-03-21,0.0
1967-03-22,0.0
1967-03-23,0.0
1967-03-24,0.0
1967-03-25,0.0
1967-03-26,37.0
1967-03-27,5.0
1967-03-28,0.0
1967-03-29,0.0
1967-03-30,0.0
1967-03-31,0.0
1967-04-01,0.0
1967-04-02,0.0
1967-04-03,0.0
1967-04-04,0.0
1967-04-05,7.0
1967-04-06,3.0
1967-04-07,0.0
1967-04-08,0.0
1967-04-09,0.0
1967-04-10,0.0
1967-04-11,0.0
1967-04-12,0.0
1967-04-13,0.0
1967-04-14,0.0
1967-04-15,38.0
1967-04-16,105.0
1967-04-17,0.0
1967-04-18,0.0
1967-04-19,0.0
1967-04-20,0.0
1967-04-21,0.0
1967-04-22,0.0
1967-04-23,0.0
1967-04-24,0.0
1967-04-25,0.0
1967-04-26,61.8
1967-04-27,39.0
1967-04-28,0.0
1967-04-29,0.0
1967-04-30,0.0
1967-05-01,0.0
1967-05-02,0.0
1967-05-03,0.0
1967-05-04,0.0
1967-05-05,0.0
1967-05-06,0.0
1967-05-07,0.0
1967-05-08,0.6
1967-05-09,1.0
1967-05-10,0.0
1967-05-11,0.0
1967-05-12,0.0
1967-05-13,0.0
1967-05-14,0.0
1967-05-15,0.0
1967-05-16,20.5
1967-05-17,0.0
1967-05-18,0.0
1967-05-19,0.0
1967-05-20,0.0
1967-05-21,0.0
1967-05-22,0.0
1967-05-23,0.0
1967-05-24,0.0
1967-05-25,0.0
1967-05-26,0.0
1967-05-27,0.0
1967-05-28,0.0
1967-05-29,0.0
1967-05-30,0.0
1967-05-31,0.0
1967-06-01,0.0
1967-06-02,0.0
1967-06-03,0.0
1967-06-04,0.0
1967-06-05,4.8
1967-06-06,0.0
1967-06-07,0.0
1967-06-08,0.0
1967-06-09,0.0
1967-06-10,0.0
1967-06-11,0.0
1967-06-12,0.0
1967-06-13,70.0
1967-06-14,0.0
1967-06-15,0.0
1967-06-16,0.0
1967-06-17,0.0
1967-06-18,0.0
1967-06-19,0.0
1967-06-20,0.0
1967-06-21,0.0
1967-06-22,0.0
1967-06-23,0.0
1967-06-24,0.0
1967-06-25,0.0
1967-06-26,5.1
1967-06-27,0.0
1967-06-28,0.0
1967-06-29,0.0
1967-06-30,0.0
1967-07-01,0.0
1967-07-02,0.0
1967-07-03,0.0
1967-07-04,0.0
1967-07-05,0.0
1967-07-06,0.0
1967-07-07,0.0
1967-07-08,0.0
1967-07-09,0.0
1967-07-10,0.0
1967-07-11,0.0
1967-07-12,0.0
1967-07-13,104.0
1967-07-14,0.0
1967-07-15,0.0
1967-07-16,44.8
1967-07-17,0.0
1967-07-18,0.0
1967-07-19,0.0
1967-07-20,0.0
1967-07-21,0.0
1967-07-22,0.0
1967-07-23,0.0
1967-07-24,0.0
1967-07-25,0.0
1967-07-26,0.0
1967-07-27,0.0
1967-07-28,0.0
1967-07-29,0.0
1967-07-30,0.0
1967-07-31,0.0
1967-08-01,0.0
1967-08-02,0.0
1967-08-03,0.0
1967-08-04,0.0
1967-08-05,40.0
1967-08-06,16.7
1967-08-07,0.0
1967-08-08,0.0
1967-08-09,0.0
1967-08-10,0.0
1967-08-11,0.0
1967-08-12,0.0
1967-08-13,0.0
1967-08-14,0.0
1967-08-15,0.0
1967-08-16,0.0
1967-08-17,0.0
1967-08-18,0.0
1967-08-19,0.0
1967-08-20,0.0
1967-08-21,0.0
1967-08-22,0.0
1967-08-23,0.0
1967-08-24,0.0
1967-08-25,0.0
1967-08-26,0.0
1967-08-27,0.0
1967-08-28,0.0
1967-08-29,0.0
1967-08-30,0.0
1967-08-31,0.0
1967-09-01,0.0
1967-09-02,0.0
1967-09-03,0.0
1967-09-04,0.0
1967-09-05,0.0
1967-09-06,0.0
1967-09-07,0.0
1967-09-08,0.0
1967-09-09,0.0
1967-09-10,0.0
1967-09-11,15.0
1967-09-12,0.0
1967-09-13,7.1
1967-09-14,40.0
1967-09-15,0.0
1967-09-16,0.0
1967-09-17,0.0
1967-09-18,0.0
1967-09-19,0.0
1967-09-20,0.0
1967-09-21,0.0
1967-09-22,15.0
1967-09-23,104.0
1967-09-24,0.0
1967-09-25,0.0
1967-09-26,0.0
1967-09-27,0.0
1967-09-28,0.0
1967-09-29,0.0
1967-09-30,0.0
1967-10-01,0.0
1967-10-02,0.0
1967-10-03,0.0
1967-10-04,0.0
1967-10-05,0.0
1967-10-06,0.0
1967-10-07,0.0
1967-10-08,0.0
1967-10-09,0.0
1967-10-10,0.0
1967-10-11,0.0
1967-10-12,0.0
1967-10-13,0.0
1967-10-14,0.0
1967-10-15,0.0
1967-10-16,0.0
1967-10-17,0.0
1967-10-18,0.0
1967-10-19,0.0
1967-10-20,0.0
1967-10-21,34.0
1967-10-22,0.6
1967-10-23,0.0
1967-10-24,80.0
1967-10-25,0.0
1967-10-26,35.3
1967-10-27,0.0
1967-10-28,0.0
1967-10-29,0.0
1967-10-30,24.7
1967-10-31,0.0
1967-11-01,0.0
1967-11-02,0.0
1967-11-03,0.0
1967-11-04,0.0
1967-11-05,0.0
1967-11-06,0.0
1967-11-07,0.0
1967-11-08,0.0
1967-11-09,0.0
1967-11-10,0.0
1967-11-11,0.0
1967-11-12,0.0
1967-11-13,0.0
1967-11-14,0.0
1967-11-15,0.0
1967-11-16,0.0
1967-11-17,0.0
1967-11-18,0.0
1967-11-19,0.0
1967-11-20,102.8
1967-11-21,0.0
1967-11-22,34.6
1967-11-23,0.0
1967-11-24,0.0
1967-11-25,12.0
1967-11-26,8.3
1967-11-27,0.0
1967-11-28,0.0
1967-11-29,15.2
1967-11-30,0.0
1967-12-01,0.0
1967-12-02,0.0
1967-12-03,0.4
1967-12-04,56.3
1967-12-05,16.0
1967-12-06,1.2
1967-12-07,0.2
1967-12-08,17.9
1967-12-09,83.5
1967-12-10,9.6
1967-12-11,4.2
1967-12-12,3.4
1967-12-13,0.0
1967-12-14,0.3
1967-12-15,0.7
1967-12-16,3.9
1967-12-17,5.5
1967-12-18,3.7
1967-12-19,0.4
1967-12-20,24.9
1967-12-21,4.6
1967-12-22,36.4
1967-12-23,51.8
1967-12-24,1.2
1967-12-25,3.5
1967-12-26,5.6
1967-12-27,12.2
1967-12-28,8.0
1967-12-29,27.4
1967-12-30,6.0
1967-12-31,0.6
1968-01-01,0.0
1968-01-02,0.0
1968-01-03,36.6
1968-01-04,48.0
1968-01-05,35.0
1968-01-06,0.0
1968-01-07,0.0
1968-01-08,0.0
1968-01-09,0.0
1968-01-10,0.0
1968-01-11,0.0
1968-01-12,5.5
1968-01-13,10.5
1968-01-14,3.5
1968-01-15,1.5
1968-01-16,8.4
1968-01-17,4.0
1968-01-18,1.5
1968-01-19,44.7
1968-01-20,17.0
1968-01-21,1.4
1968-01-22,15.2
1968-01-23,1.1
1968-01-24,19.4
1968-01-25,0.0
1968-01-26,0.0
1968-01-27,0.0
1968-01-28,0.0
1968-01-29,0.0
1968-01-30,0.0
1968-01-31,0.0
1968-02-01,181.6
1968-02-02,0.0
1968-02-03,0.0
1968-02-04,0.0
1968-02-05,0.0
1968-02-06,0.0
1968-02-07,0.0
1968-02-08,0.0
1968-02-09,0.0
1968-02-10,0.0
1968-02-11,0.0
1968-02-12,0.0
1968-02-13,0.0
1968-02-14,4.1
1968-02-15,18.5
1968-02-16,0.0
1968-02-17,0.0
1968-02-18,0.0
1968-02-19,0.0
1968-02-20,0.0
1968-02-21,1.6
1968-02-22,0.0
1968-02-23,6.0
1968-02-24,19.1
1968-02-25,32.8
1968-02-26,42.2
1968-02-27,0.0
1968-02-28,0.0
1968-02-29,0.0
1968-03-01,10.2
1968-03-02,0.0
1968-03-03,0.0
1968-03-04,0.0
1968-03-05,5.5
1968-03-06,0.0
1968-03-07,0.0
1968-03-08,0.0
1968-03-09,0.0
1968-03-10,0.0
1968-03-11,6.0
1968-03-12,0.0
1968-03-13,0.0
1968-03-14,7.2
1968-03-15,0.0
1968-03-16,0.0
1968-03-17,160.0
1968-03-18,0.0
1968-03-19,0.0
1968-03-20,0.0
1968-03-21,0.0
1968-03-22,0.0
1968-03-23,0.0
1968-03-24,0.0
1968-03-25,0.0
1968-03-26,0.0
1968-03-27,0.0
1968-03-28,0.0
1968-03-29,47.5
1968-03-30,0.0
1968-03-31,0.0
1968-04-01,36.8
1968-04-02,41.3
1968-04-03,0.0
1968-04-04,10.5
1968-04-05,66.0
1968-04-06,51.0
1968-04-07,0.0
1968-04-08,0.0
1968-04-09,0.0
1968-04-10,0.0
1968-04-11,0.0
1968-04-12,0.0
1968-04-13,0.0
1968-04-14,0.0
1968-04-15,0.0
1968-04-16,0.0
1968-04-17,0.0
1968-04-18,0.0
1968-04-19,0.0
1968-04-20,0.0
1968-04-21,53.0
1968-04-22,40.0
1968-04-23,0.0
1968-04-24,0.0
1968-04-25,0.0
1968-04-26,1.0
1968-04-27,0.0
1968-04-28,0.0
1968-04-29,1.0
1968-04-30,0.0
1968-05-01,0.0
1968-05-02,0.0
1968-05-03,0.0
1968-05-04,0.0
1968-05-05,0.0
1968-05-06,0.0
1968-05-07,0.0
1968-05-08,0.0
1968-05-09,0.0
1968-05-10,0.0
1968-05-11,26.5
1968-05-12,0.0
1968-05-13,51.0
1968-05-14,0.0
1968-05-15,0.0
1968-05-16,0.0
1968-05-17,0.0
1968-05-18,0.0
1968-05-19,0.0
1968-05-20,0.0
1968-05-21,0.0
1968-05-22,0.0
1968-05-23,29.0
1968-05-24,0.0
1968-05-25,0.0
1968-05-26,0.0
1968-05-27,0.0
1968-05-28,0.0
1968-05-29,0.0
1968-05-30,11.0
1968-05-31,0.0
1968-06-01,0.0
1968-06-02,0.0
1968-06-03,0.0
1968-06-04,0.0
1968-06-05,0.0
1968-06-06,0.0
1968-06-07,0.0
1968-06-08,0.0
1968-06-09,0.0
1968-06-10,16.7
1968-06-11,0.0
1968-06-12,0.0
1968-06-13,0.0
1968-06-14,0.0
1968-06-15,0.0
1968-06-16,0.0
1968-06-17,0.0
1968-06-18,0.0
1968-06-19,0.0
1968-06-20,0.0
1968-06-21,53.6
1968-06-22,0.0
1968-06-23,0.0
1968-06-24,0.0
1968-06-25,0.0
1968-06-26,40.8
1968-06-27,0.0
1968-06-28,0.0
1968-06-29,0.0
1968-06-30,0.0
1968-07-01,0.0
1968-07-02,0.0
1968-07-03,0.0
1968-07-04,0.0
1968-07-05,0.0
1968-07-06,0.0
1968-07-07,27.5
1968-07-08,0.0
1968-07-09,0.0
1968-07-10,0.0
1968-07-11,24.9
1968-07-12,0.0
1968-07-13,0.0
1968-07-14,0.0
1968-07-15,0.0
1968-07-16,0.0
1968-07-17,0.0
1968-07-18,0.0
1968-07-19,0.0
1968-07-20,0.0
1968-07-21,0.0
1968-07-22,11.0
1968-07-23,9.0
1968-07-24,0.0
1968-07-25,40.0
1968-07-26,0.0
1968-07-27,0.0
1968-07-28,0.0
1968-07-29,0.0
1968-07-30,0.0
1968-07-31,0.0
1968-08-01,0.0
1968-08-02,0.0
1968-08-03,0.0
1968-08-04,0.0
1968-08-05,0.0
1968-08-06,0.0
1968-08-07,0.0
1968-08-08,0.0
1968-08-09,0.0
1968-08-10,0.0
1968-08-11,0.0
1968-08-12,0.0
1968-08-13,0.0
1968-08-14,0.0
1968-08-15,0.0
1968-08-16,0.0
1968-08-17,0.0
1968-08-18,0.0
1968-08-19,0.0
1968-08-20,0.0
1968-08-21,0.0
1968-08-22,0.0
1968-08-23,0.0
1968-08-24,37.0
1968-08-25,0.0
1968-08-26,0.0
1968-08-27,0.0
1968-08-28,0.0
1968-08-29,0.0
1968-08-30,0.0
1968-08-31,0.0
1968-09-01,9.7
1968-09-02,0.0
1968-09-03,0.0
1968-09-04,27.5
1968-09-05,0.0
1968-09-06,0.0
1968-09-07,0.0
1968-09-08,0.0
1968-09-09,0.0
1968-09-10,0.0
1968-09-11,0.0
1968-09-12,0.0
1968-09-13,0.0
1968-09-14,0.0
1968-09-15,39.2
1968-09-16,0.0
1968-09-17,0.0
1968-09-18,0.0
1968-09-19,0.0
1968-09-20,0.0
1968-09-21,0.0
1968-09-22,26.5
1968-09-23,0.0
1968-09-24,0.0
1968-09-25,0.0
1968-09-26,0.0
1968-09-27,0.0
1968-09-28,0.0
1968-09-29,0.0
1968-09-30,0.0
1968-10-01,2.7
1968-10-02,0.0
1968-10-03,13.3
1968-10-04,16.0
1968-10-05,1.9
1968-10-06,1.1
1968-10-07,0.0
1968-10-08,0.0
1968-10-09,0.0
1968-10-10,0.0
1968-10-11,0.0
1968-10-12,0.0
1968-10-13,0.0
1968-10-14,67.6
1968-10-15,39.6
1968-10-16,0.0
1968-10-17,1.0
1968-10-18,4.6
1968-10-19,0.0
1968-10-20,0.0
1968-10-21,0.0
1968-10-22,11.2
1968-10-23,0.0
1968-10-24,0.0
1968-10-25,0.0
1968-10-26,0.9
1968-10-27,0.0
1968-10-28,0.0
1968-10-29,0.0
1968-10-30,4.0
1968-10-31,0.0
1968-11-01,0.0
1968-11-02,0.0
1968-11-03,0.0
1968-11-04,0.0
1968-11-05,1.0
1968-11-06,0.0
1968-11-07,0.0
1968-11-08,0.0
1968-11-09,0.0
1968-11-10,0.0
1968-11-11,0.0
1968-11-12,38.3
1968-11-13,0.0
1968-11-14,0.0
1968-11-15,0.0
1968-11-16,0.0
1968-11-17,0.0
1968-11-18,17.6
1968-11-19,20.0
1968-11-20,0.0
1968-11-21,0.0
1968-11-22,0.0
1968-11-23,0.0
1968-11-24,0.0
1968-11-25,0.0
1968-11-26,0.0
1968-11-27,0.0
1968-11-28,0.0
1968-11-29,12.5
1968-11-30,10.0
1968-12-01,0.0
1968-12-02,30.0
1968-12-03,15.2
1968-12-04,0.0
1968-12-05,0.0
1968-12-06,0.0
1968-12-07,0.0
1968-12-08,0.0
1968-12-09,0.0
1968-12-10,0.0
1968-12-11,0.0
1968-12-12,0.0
1968-12-13,0.0
1968-12-14,0.0
1968-12-15,0.0
1968-12-16,0.0
1968-12-17,19.7
1968-12-18,0.0
1968-12-19,0.0
1968-12-20,0.0
1968-12-21,0.0
1968-12-22,0.0
1968-12-23,0.0
1968-12-24,0.0
1968-12-25,0.0
1968-12-26,22.0
1968-12-27,20.0
1968-12-28,19.0
1968-12-29,6.0
1968-12-30,35.6
1968-12-31,0.0
1969-01-01,0.0
1969-01-02,0.0
1969-01-03,0.0
1969-01-04,30.4
1969-01-05,0.0
1969-01-06,0.0
1969-01-07,6.8
1969-01-08,0.0
1969-01-09,36.6
1969-01-10,0.0
1969-01-11,20.0
1969-01-12,6.3
1969-01-13,16.7
1969-01-14,0.0
1969-01-15,0.7
1969-01-16,25.7
1969-01-17,1.5
1969-01-18,0.0
1969-01-19,8.0
1969-01-20,110.2
1969-01-21,6.0
1969-01-22,0.0
1969-01-23,6.6
1969-01-24,10.4
1969-01-25,65.6
1969-01-26,26.2
1969-01-27,60.7
1969-01-28,7.4
1969-01-29,3.5
1969-01-30,0.0
1969-01-31,0.0
1969-02-01,0.0
1969-02-02,0.0
1969-02-03,27.0
1969-02-04,26.1
1969-02-05,0.0
1969-02-06,0.0
1969-02-07,0.0
1969-02-08,0.0
1969-02-09,0.0
1969-02-10,0.0
1969-02-11,0.0
1969-02-12,0.0
1969-02-13,0.0
1969-02-14,0.0
1969-02-15,0.0
1969-02-16,0.0
1969-02-17,0.0
1969-02-18,0.0
1969-02-19,0.0
1969-02-20,200.6
1969-02-21,53.8
1969-02-22,0.0
1969-02-23,3.0
1969-02-24,8.0
1969-02-25,0.0
1969-02-26,0.0
1969-02-27,0.0
1969-02-28,0.0
1969-03-01,55.6
1969-03-02,0.0
1969-03-03,15.1
1969-03-04,5.8
1969-03-05,53.0
1969-03-06,39.0
1969-03-07,20.4
1969-03-08,0.0
1969-03-09,0.0
1969-03-10,0.0
1969-03-11,4.4
1969-03-12,9.6
1969-03-13,12.2
1969-03-14,6.6
1969-03-15,0.0
1969-03-16,0.0
1969-03-17,0.0
1969-03-18,0.0
1969-03-19,0.0
1969-03-20,0.0
1969-03-21,0.1
1969-03-22,0.0
1969-03-23,0.0
1969-03-24,0.0
1969-03-25,0.0
1969-03-26,0.0
1969-03-27,64.6
1969-03-28,42.1
1969-03-29,28.8
1969-03-30,75.6
1969-03-31,10.6
1969-04-01,0.6
1969-04-02,12.3
1969-04-03,17.4
1969-04-04,50.0
1969-04-05,1.3
1969-04-06,0.6
1969-04-07,42.0
1969-04-08,0.0
1969-04-09,8.2
1969-04-10,0.0
1969-04-11,0.0
1969-04-12,0.0
1969-04-13,0.0
1969-04-14,0.0
1969-04-15,4.7
1969-04-16,0.0
1969-04-17,0.0
1969-04-18,0.0
1969-04-19,0.0
1969-04-20,0.0
1969-04-21,0.0
1969-04-22,0.0
1969-04-23,13.3
1969-04-24,0.0
1969-04-25,7.7
1969-04-26,0.0
1969-04-27,0.0
1969-04-28,0.0
1969-04-29,0.0
1969-04-30,0.0
1969-05-01,0.0
1969-05-02,0.0
1969-05-03,0.0
1969-05-04,0.0
1969-05-05,12.5
1969-05-06,0.0
1969-05-07,0.0
1969-05-08,0.0
1969-05-09,0.0
1969-05-10,0.0
1969-05-11,0.0
1969-05-12,0.0
1969-05-13,0.0
1969-05-14,0.0
1969-05-15,11.0
1969-05-16,0.0
1969-05-17,0.0
1969-05-18,0.0
1969-05-19,0.0
1969-05-20,0.0
1969-05-21,0.0
1969-05-22,11.1
1969-05-23,0.0
1969-05-24,0.0
1969-05-25,0.0
1969-05-26,6.0
1969-05-27,0.0
1969-05-28,0.0
1969-05-29,0.0
1969-05-30,19.1
1969-05-31,0.0
1969-06-01,0.0
1969-06-02,18.3
1969-06-03,0.0
1969-06-04,0.0
1969-06-05,0.0
1969-06-06,0.0
1969-06-07,0.0
1969-06-08,0.0
1969-06-09,0.0
1969-06-10,0.0
1969-06-11,0.0
1969-06-12,0.0
1969-06-13,0.0
1969-06-14,0.0
1969-06-15,0.0
1969-06-16,0.0
1969-06-17,0.0
1969-06-18,0.0
1969-06-19,50.3
1969-06-20,10.2
1969-06-21,1.3
1969-06-22,113.8
1969-06-23,0.0
1969-06-24,0.0
1969-06-25,9.0
1969-06-26,0.0
1969-06-27,0.0
1969-06-28,0.0
1969-06-29,0.0
1969-06-30,0.0
1969-07-01,41.0
1969-07-02,0.0
1969-07-03,0.0
1969-07-04,0.0
1969-07-05,0.0
1969-07-06,0.0
1969-07-07,0.0
1969-07-08,38.2
1969-07-09,0.0
1969-07-10,0.0
1969-07-11,0.0
1969-07-12,0.0
1969-07-13,0.0
1969-07-14,0.0
1969-07-15,0.0
1969-07-16,9.0
1969-07-17,0.0
1969-07-18,0.0
1969-07-19,0.0
1969-07-20,0.0
1969-07-21,0.0
1969-07-22,0.0
1969-07-23,0.0
1969-07-24,19.2
1969-07-25,0.0
1969-07-26,0.0
1969-07-27,0.0
1969-07-28,0.0
1969-07-29,0.0
1969-07-30,0.0
1969-07-31,0.0
1969-08-01,0.0
1969-08-02,0.0
1969-08-03,14.3
1969-08-04,50.0
1969-08-05,0.0
1969-08-06,0.0
1969-08-07,4.6
1969-08-08,29.0
1969-08-09,0.0
1969-08-10,0.0
1969-08-11,0.0
1969-08-12,0.0
1969-08-13,0.0
1969-08-14,0.0
1969-08-15,0.0
1969-08-16,0.0
1969-08-17,0.0
1969-08-18,0.0
1969-08-19,0.0
1969-08-20,8.3
1969-08-21,40.0
1969-08-22,0.0
1969-08-23,0.0
1969-08-24,0.0
1969-08-25,0.0
1969-08-26,0.0
1969-08-27,0.0
1969-08-28,0.0
1969-08-29,24.5
1969-08-30,12.0
1969-08-31,0.0
1969-09-01,0.0
1969-09-02,0.0
1969-09-03,0.0
1969-09-04,0.0
1969-09-05,0.0
1969-09-06,0.0
1969-09-07,0.0
1969-09-08,0.0
1969-09-09,24.5
1969-09-10,0.0
1969-09-11,0.0
1969-09-12,2.5
1969-09-13,8.9
1969-09-14,3.9
1969-09-15,9.5
1969-09-16,0.0
1969-09-17,0.0
1969-09-18,0.0
1969-09-19,0.0
1969-09-20,0.0
1969-09-21,0.0
1969-09-22,0.0
1969-09-23,0.0
1969-09-24,0.0
1969-09-25,0.0
1969-09-26,0.0
1969-09-27,0.0
1969-09-28,0.0
1969-09-29,0.0
1969-09-30,15.5
1969-10-01,0.0
1969-10-02,30.2
1969-10-03,0.0
1969-10-04,7.6
1969-10-05,2.5
1969-10-06,0.0
1969-10-07,5.3
1969-10-08,50.5
1969-10-09,0.0
1969-10-10,0.0
1969-10-11,5.0
1969-10-12,11.0
1969-10-13,0.0
1969-10-14,0.0
1969-10-15,0.0
1969-10-16,0.0
1969-10-17,11.5
1969-10-18,30.0
1969-10-19,0.0
1969-10-20,38.3
1969-10-21,6.3
1969-10-22,0.0
1969-10-23,10.5
1969-10-24,40.0
1969-10-25,8.0
1969-10-26,0.0
1969-10-27,0.0
1969-10-28,0.0
1969-10-29,0.0
1969-10-30,0.0
1969-10-31,12.6
1969-11-01,8.6
1969-11-02,2.5
1969-11-03,6.4
1969-11-04,0.0
1969-11-05,0.0
1969-11-06,0.0
1969-11-07,9.3
1969-11-08,0.0
1969-11-09,4.0
1969-11-10,22.8
1969-11-11,60.0
1969-11-12,0.0
1969-11-13,14.6
1969-11-14,4.6
1969-11-15,0.0
1969-11-16,0.0
1969-11-17,2.6
1969-11-18,2.7
1969-11-19,4.5
1969-11-20,6.5
1969-11-21,107.3
1969-11-22,0.0
1969-11-23,30.6
1969-11-24,0.0
1969-11-25,0.0
1969-11-26,0.0
1969-11-27,0.0
1969-11-28,0.0
1969-11-29,6.6
1969-11-30,14.5
1969-12-01,21.0
1969-12-02,60.4
1969-12-03,0.0
1969-12-04,0.0
1969-12-05,2.8
1969-12-06,0.0
1969-12-07,50.6
1969-12-08,13.2
1969-12-09,48.3
1969-12-10,7.6
1969-12-11,4.2
1969-12-12,0.0
1969-12-13,0.0
1969-12-14,71.7
1969-12-15,31.0
1969-12-16,0.0
1969-12-17,0.0
1969-12-18,0.0
1969-12-19,0.0
1969-12-20,0.0
1969-12-21,0.0
1969-12-22,0.0
1969-12-23,0.0
1969-12-24,44.5
1969-12-25,100.3
1969-12-26,3.0
1969-12-27,0.0
1969-12-28,0.0
1969-12-29,0.0
1969-12-30,0.0
1969-12-31,0.0
1970-01-01,0.0
1970-01-02,0.0
1970-01-03,0.0
1970-01-04,0.0
1970-01-05,0.0
1970-01-06,0.0
1970-01-07,0.0
1970-01-08,0.0
1970-01-09,0.0
1970-01-10,106.3
1970-01-11,0.0
1970-01-12,0.0
1970-01-13,0.0
1970-01-14,0.0
1970-01-15,5.7
1970-01-16,0.0
1970-01-17,35.5
1970-01-18,2.3
1970-01-19,0.0
1970-01-20,0.0
1970-01-21,21.0
1970-01-22,0.0
1970-01-23,0.0
1970-01-24,0.0
1970-01-25,0.0
1970-01-26,0.0
1970-01-27,22.0
1970-01-28,0.0
1970-01-29,0.0
1970-01-30,0.0
1970-01-31,1.0
1970-02-01,1.2
1970-02-02,0.0
1970-02-03,0.0
1970-02-04,0.0
1970-02-05,0.0
1970-02-06,0.0
1970-02-07,0.0
1970-02-08,0.0
1970-02-09,30.1
1970-02-10,9.0
1970-02-11,4.2
1970-02-12,8.2
1970-02-13,16.8
1970-02-14,8.6
1970-02-15,16.2
1970-02-16,0.0
1970-02-17,5.1
1970-02-18,12.2
1970-02-19,8.7
1970-02-20,1.0
1970-02-21,8.1
1970-02-22,8.6
1970-02-23,76.6
1970-02-24,0.0
1970-02-25,0.0
1970-02-26,0.0
1970-02-27,0.0
1970-02-28,0.0
1970-03-01,0.0
1970-03-02,0.0
1970-03-03,0.0
1970-03-04,0.0
1970-03-05,0.0
1970-03-06,0.0
1970-03-07,0.0
1970-03-08,0.0
1970-03-09,0.0
1970-03-10,0.0
1970-03-11,0.0
1970-03-12,0.0
1970-03-13,76.3
1970-03-14,2.3
1970-03-15,0.0
1970-03-16,0.0
1970-03-17,0.0
1970-03-18,7.0
1970-03-19,0.0
1970-03-20,0.0
1970-03-21,0.0
1970-03-22,0.0
1970-03-23,0.0
1970-03-24,30.0
1970-03-25,0.0
1970-03-26,0.0
1970-03-27,0.0
1970-03-28,0.0
1970-03-29,0.0
1970-03-30,0.0
1970-03-31,0.0
1970-04-01,0.0
1970-04-02,0.0
1970-04-03,5.3
1970-04-04,7.0
1970-04-05,11.3
1970-04-06,17.1
1970-04-07,0.0
1970-04-08,0.0
1970-04-09,0.0
1970-04-10,0.0
1970-04-11,0.0
1970-04-12,0.0
1970-04-13,0.0
1970-04-14,0.0
1970-04-15,0.0
1970-04-16,0.0
1970-04-17,0.0
1970-04-18,0.0
1970-04-19,0.0
1970-04-20,0.0
1970-04-21,0.0
1970-04-22,0.0
1970-04-23,0.0
1970-04-24,0.0
1970-04-25,0.0
1970-04-26,0.0
1970-04-27,0.0
1970-04-28,10.0
1970-04-29,0.0
1970-04-30,20.4
1970-05-01,0.0
1970-05-02,0.0
1970-05-03,0.0
1970-05-04,0.0
1970-05-05,0.0
1970-05-06,0.0
1970-05-07,0.0
1970-05-08,23.3
1970-05-09,0.0
1970-05-10,0.0
1970-05-11,0.0
1970-05-12,0.0
1970-05-13,0.0
1970-05-14,0.0
1970-05-15,0.0
1970-05-16,0.0
1970-05-17,0.0
1970-05-18,0.0
1970-05-19,0.0
1970-05-20,0.0
1970-05-21,12.5
1970-05-22,0.0
1970-05-23,0.0
1970-05-24,12.0
1970-05-25,0.0
1970-05-26,0.0
1970-05-27,0.0
1970-05-28,0.0
1970-05-29,0.0
1970-05-30,0.0
1970-05-31,0.0
1970-06-01,0.0
1970-06-02,0.0
1970-06-03,0.0
1970-06-04,0.0
1970-06-05,0.0
1970-06-06,0.0
1970-06-07,0.0
1970-06-08,0.0
1970-06-09,0.0
1970-06-10,0.0
1970-06-11,0.0
1970-06-12,0.0
1970-06-13,0.0
1970-06-14,0.0
1970-06-15,15.5
1970-06-16,38.2
1970-06-17,0.0
1970-06-18,0.0
1970-06-19,0.0
1970-06-20,0.0
1970-06-21,0.0
1970-06-22,0.0
1970-06-23,0.0
1970-06-24,55.6
1970-06-25,10.0
1970-06-26,0.0
1970-06-27,0.0
1970-06-28,0.0
1970-06-29,0.0
1970-06-30,0.0
1970-07-01,0.0
1970-07-02,0.0
1970-07-03,14.1
1970-07-04,0.0
1970-07-05,0.0
1970-07-06,0.0
1970-07-07,0.0
1970-07-08,35.3
1970-07-09,0.0
1970-07-10,0.0
1970-07-11,11.2
1970-07-12,0.0
1970-07-13,0.0
1970-07-14,9.2
1970-07-15,0.0
1970-07-16,36.5
1970-07-17,0.0
1970-07-18,0.0
1970-07-19,0.0
1970-07-20,0.0
1970-07-21,0.0
1970-07-22,0.0
1970-07-23,0.0
1970-07-24,0.0
1970-07-25,8.5
1970-07-26,6.1
1970-07-27,0.0
1970-07-28,0.0
1970-07-29,0.0
1970-07-30,0.0
1970-07-31,0.0
1970-08-01,0.0
1970-08-02,0.0
1970-08-03,14.1
1970-08-04,0.0
1970-08-05,0.0
1970-08-06,0.0
1970-08-07,0.0
1970-08-08,35.3
1970-08-09,0.0
1970-08-10,0.0
1970-08-11,11.2
1970-08-12,0.0
1970-08-13,0.0
1970-08-14,9.2
1970-08-15,0.0
1970-08-16,36.5
1970-08-17,0.0
1970-08-18,0.0
1970-08-19,0.0
1970-08-20,0.0
1970-08-21,0.0
1970-08-22,0.0
1970-08-23,0.0
1970-08-24,0.0
1970-08-25,0.0
1970-08-26,15.2
1970-08-27,15.4
1970-08-28,16.3
1970-08-29,6.6
1970-08-30,7.0
1970-08-31,30.2
1970-09-01,0.0
1970-09-02,0.0
1970-09-03,0.0
1970-09-04,0.0
1970-09-05,0.0
1970-09-06,0.0
1970-09-07,0.0
1970-09-08,26.0
1970-09-09,25.1
1970-09-10,0.0
1970-09-11,0.0
1970-09-12,0.0
1970-09-13,0.0
1970-09-14,4.5
1970-09-15,10.4
1970-09-16,10.5
1970-09-17,12.0
1970-09-18,0.0
1970-09-19,0.0
1970-09-20,0.0
1970-09-21,0.0
1970-09-22,8.0
1970-09-23,1.7
1970-09-24,0.0
1970-09-25,0.0
1970-09-26,23.7
1970-09-27,0.0
1970-09-28,0.0
1970-09-29,0.0
1970-09-30,0.0
1970-10-01,0.0
1970-10-02,0.0
1970-10-03,0.0
1970-10-04,20.4
1970-10-05,23.0
1970-10-06,0.0
1970-10-07,0.0
1970-10-08,0.0
1970-10-09,39.0
1970-10-10,0.0
1970-10-11,0.0
1970-10-12,0.0
1970-10-13,0.0
1970-10-14,10.1
1970-10-15,0.0
1970-10-16,0.0
1970-10-17,0.0
1970-10-18,0.0
1970-10-19,30.0
1970-10-20,0.0
1970-10-21,7.5
1970-10-22,0.0
1970-10-23,16.3
1970-10-24,8.0
1970-10-25,0.0
1970-10-26,0.0
1970-10-27,13.0
1970-10-28,20.6
1970-10-29,0.0
1970-10-30,5.5
1970-10-31,0.0
1970-11-01,0.0
1970-11-02,0.0
1970-11-03,0.0
1970-11-04,6.1
1970-11-05,9.0
1970-11-06,0.6
1970-11-07,2.4
1970-11-08,8.7
1970-11-09,11.0
1970-11-10,0.0
1970-11-11,0.0
1970-11-12,0.0
1970-11-13,0.0
1970-11-14,15.6
1970-11-15,14.4
1970-11-16,0.0
1970-11-17,0.0
1970-11-18,0.0
1970-11-19,10.0
1970-11-20,17.6
1970-11-21,0.0
1970-11-22,0.0
1970-11-23,48.6
1970-11-24,0.0
1970-11-25,0.0
1970-11-26,0.0
1970-11-27,0.0
1970-11-28,0.0
1970-11-29,0.0
1970-11-30,4.2
1970-12-01,5.1
1970-12-02,12.3
1970-12-03,18.5
1970-12-04,0.0
1970-12-05,6.0
1970-12-06,0.0
1970-12-07,0.0
1970-12-08,0.0
1970-12-09,0.0
1970-12-10,11.3
1970-12-11,0.0
1970-12-12,7.0
1970-12-13,0.0
1970-12-14,6.2
1970-12-15,0.0
1970-12-16,1.1
1970-12-17,0.0
1970-12-18,0.0
1970-12-19,0.0
1970-12-20,10.0
1970-12-21,7.5
1970-12-22,0.0
1970-12-23,0.0
1970-12-24,0.0
1970-12-25,0.0
1970-12-26,0.0
1970-12-27,0.0
1970-12-28,0.0
1970-12-29,0.0
1970-12-30,15.2
1970-12-31,14.5
1971-01-01,10.3
1971-01-02,9.2
1971-01-03,60.0
1971-01-04,1.4
1971-01-05,0.0
1971-01-06,7.3
1971-01-07,0.0
1971-01-08,0.0
1971-01-09,0.0
1971-01-10,0.0
1971-01-11,0.0
1971-01-12,0.0
1971-01-13,0.0
1971-01-14,41.0
1971-01-15,27.8
1971-01-16,2.8
1971-01-17,0.0
1971-01-18,0.0
1971-01-19,0.0
1971-01-20,0.0
1971-01-21,0.0
1971-01-22,0.0
1971-01-23,0.0
1971-01-24,0.0
1971-01-25,0.0
1971-01-26,0.0
1971-01-27,0.0
1971-01-28,0.0
1971-01-29,0.0
1971-01-30,0.0
1971-01-31,0.0
1971-02-01,61.5
1971-02-02,14.3
1971-02-03,0.0
1971-02-04,0.0
1971-02-05,0.0
1971-02-06,0.0
1971-02-07,0.0
1971-02-08,0.0
1971-02-09,0.0
1971-02-10,0.0
1971-02-11,0.0
1971-02-12,0.0
1971-02-13,0.0
1971-02-14,0.0
1971-02-15,0.0
1971-02-16,7.7
1971-02-17,0.0
1971-02-18,0.0
1971-02-19,0.0
1971-02-20,0.0
1971-02-21,49.0
1971-02-22,0.0
1971-02-23,11.5
1971-02-24,0.0
1971-02-25,12.8
1971-02-26,179.2
1971-02-27,26.7
1971-02-28,9.2
1971-03-01,0.0
1971-03-02,6.6
1971-03-03,10.0
1971-03-04,4.3
1971-03-05,0.0
1971-03-06,11.1
1971-03-07,3.3
1971-03-08,0.0
1971-03-09,0.0
1971-03-10,0.0
1971-03-11,0.0
1971-03-12,0.0
1971-03-13,0.0
1971-03-14,0.0
1971-03-15,0.0
1971-03-16,0.0
1971-03-17,0.0
1971-03-18,0.0
1971-03-19,0.0
1971-03-20,0.0
1971-03-21,10.0
1971-03-22,0.0
1971-03-23,0.0
1971-03-24,24.2
1971-03-25,19.0
1971-03-26,28.2
1971-03-27,23.0
1971-03-28,0.0
1971-03-29,2.0
1971-03-30,5.1
1971-03-31,0.0
1971-04-01,0.0
1971-04-02,0.0
1971-04-03,17.0
1971-04-04,0.0
1971-04-05,28.0
1971-04-06,6.0
1971-04-07,0.0
1971-04-08,0.0
1971-04-09,9.5
1971-04-10,14.0
1971-04-11,0.5
1971-04-12,0.0
1971-04-13,15.6
1971-04-14,3.0
1971-04-15,0.0
1971-04-16,0.0
1971-04-17,1.6
1971-04-18,14.0
1971-04-19,16.3
1971-04-20,0.0
1971-04-21,0.0
1971-04-22,5.0
1971-04-23,4.0
1971-04-24,91.2
1971-04-25,0.0
1971-04-26,0.0
1971-04-27,0.0
1971-04-28,0.0
1971-04-29,0.0
1971-04-30,0.0
1971-05-01,0.0
1971-05-02,0.0
1971-05-03,0.0
1971-05-04,36.0
1971-05-05,0.5
1971-05-06,0.0
1971-05-07,7.6
1971-05-08,0.0
1971-05-09,18.0
1971-05-10,13.0
1971-05-11,0.0
1971-05-12,1.8
1971-05-13,0.0
1971-05-14,0.0
1971-05-15,0.0
1971-05-16,0.0
1971-05-17,0.0
1971-05-18,0.0
1971-05-19,3.8
1971-05-20,0.0
1971-05-21,0.0
1971-05-22,0.0
1971-05-23,0.0
1971-05-24,0.0
1971-05-25,0.0
1971-05-26,5.2
1971-05-27,0.0
1971-05-28,113.0
1971-05-29,14.6
1971-05-30,0.0
1971-05-31,0.0
1971-06-01,0.0
1971-06-02,0.0
1971-06-03,0.0
1971-06-04,0.0
1971-06-05,0.0
1971-06-06,0.0
1971-06-07,0.0
1971-06-08,3.6
1971-06-09,0.0
1971-06-10,0.0
1971-06-11,0.0
1971-06-12,20.8
1971-06-13,25.0
1971-06-14,0.0
1971-06-15,0.0
1971-06-16,0.0
1971-06-17,17.6
1971-06-18,0.0
1971-06-19,0.0
1971-06-20,7.0
1971-06-21,8.5
1971-06-22,0.0
1971-06-23,0.0
1971-06-24,0.0
1971-06-25,0.0
1971-06-26,0.0
1971-06-27,0.0
1971-06-28,0.0
1971-06-29,0.0
1971-06-30,0.0
1971-07-01,0.0
1971-07-02,42.0
1971-07-03,30.5
1971-07-04,0.0
1971-07-05,0.0
1971-07-06,0.0
1971-07-07,0.0
1971-07-08,0.0
1971-07-09,0.0
1971-07-10,0.0
1971-07-11,0.0
1971-07-12,0.0
1971-07-13,0.0
1971-07-14,0.0
1971-07-15,0.0
1971-07-16,16.3
1971-07-17,0.0
1971-07-18,0.0
1971-07-19,0.0
1971-07-20,0.0
1971-07-21,0.0
1971-07-22,0.0
1971-07-23,0.0
1971-07-24,0.0
1971-07-25,0.0
1971-07-26,0.0
1971-07-27,0.0
1971-07-28,0.0
1971-07-29,0.0
1971-07-30,0.0
1971-07-31,0.0
1971-08-01,0.0
1971-08-02,0.0
1971-08-03,0.0
1971-08-04,0.0
1971-08-05,0.0
1971-08-06,0.0
1971-08-07,0.0
1971-08-08,0.0
1971-08-09,0.0
1971-08-10,0.0
1971-08-11,0.0
1971-08-12,0.0
1971-08-13,0.0
1971-08-14,0.0
1971-08-15,25.5
1971-08-16,9.0
1971-08-17,14.4
1971-08-18,0.0
1971-08-19,0.0
1971-08-20,0.0
1971-08-21,0.0
1971-08-22,0.0
1971-08-23,0.0
1971-08-24,0.0
1971-08-25,0.0
1971-08-26,33.5
1971-08-27,60.0
1971-08-28,51.5
1971-08-29,18.5
1971-08-30,0.0
1971-08-31,0.0
1971-09-01,0.0
1971-09-02,0.0
1971-09-03,0.0
1971-09-04,0.0
1971-09-05,0.0
1971-09-06,0.0
1971-09-07,0.0
1971-09-08,0.0
1971-09-09,28.5
1971-09-10,0.0
1971-09-11,0.0
1971-09-12,0.0
1971-09-13,9.7
1971-09-14,0.0
1971-09-15,0.0
1971-09-16,0.0
1971-09-17,0.0
1971-09-18,0.0
1971-09-19,0.0
1971-09-20,0.0
1971-09-21,0.0
1971-09-22,0.0
1971-09-23,0.0
1971-09-24,0.0
1971-09-25,19.3
1971-09-26,0.0
1971-09-27,0.0
1971-09-28,0.0
1971-09-29,25.4
1971-09-30,5.0
1971-10-01,0.0
1971-10-02,0.0
1971-10-03,0.0
1971-10-04,0.0
1971-10-05,10.5
1971-10-06,28.4
1971-10-07,10.1
1971-10-08,0.0
1971-10-09,0.0
1971-10-10,0.0
1971-10-11,20.4
1971-10-12,64.3
1971-10-13,3.0
1971-10-14,0.0
1971-10-15,0.0
1971-10-16,0.0
1971-10-17,16.5
1971-10-18,0.0
1971-10-19,0.0
1971-10-20,0.0
1971-10-21,0.0
1971-10-22,0.0
1971-10-23,0.0
1971-10-24,0.0
1971-10-25,0.0
1971-10-26,23.0
1971-10-27,0.0
1971-10-28,0.0
1971-10-29,0.0
1971-10-30,14.0
1971-10-31,0.0
1971-11-01,0.0
1971-11-02,0.0
1971-11-03,28.5
1971-11-04,0.0
1971-11-05,0.0
1971-11-06,0.0
1971-11-07,0.0
1971-11-08,6.4
1971-11-09,0.0
1971-11-10,0.0
1971-11-11,24.7
1971-11-12,0.0
1971-11-13,0.0
1971-11-14,0.0
1971-11-15,4.0
1971-11-16,0.0
1971-11-17,0.0
1971-11-18,0.0
1971-11-19,0.0
1971-11-20,76.0
1971-11-21,0.0
1971-11-22,0.0
1971-11-23,17.5
1971-11-24,11.0
1971-11-25,20.6
1971-11-26,8.3
1971-11-27,30.6
1971-11-28,0.0
1971-11-29,9.6
1971-11-30,4.0
1971-12-01,10.6
1971-12-02,0.0
1971-12-03,0.0
1971-12-04,15.0
1971-12-05,55.5
1971-12-06,5.5
1971-12-07,0.0
1971-12-08,0.0
1971-12-09,2.5
1971-12-10,0.0
1971-12-11,0.0
1971-12-12,0.0
1971-12-13,0.0
1971-12-14,9.1
1971-12-15,71.0
1971-12-16,0.0
1971-12-17,0.0
1971-12-18,0.0
1971-12-19,0.0
1971-12-20,0.0
1971-12-21,0.0
1971-12-22,0.0
1971-12-23,45.2
1971-12-24,20.0
1971-12-25,98.6
1971-12-26,0.0
1971-12-27,0.0
1971-12-28,0.0
1971-12-29,0.0
1971-12-30,0.0
1971-12-31,0.0
1972-01-01,
1972-01-02,
1972-01-03,
1972-01-04,
1972-01-05,
1972-01-06,
1972-01-07,
1972-01-08,
1972-01-09,
1972-01-10,
1972-01-11,
1972-01-12,
1972-01-13,
1972-01-14,
1972-01-15,
1972-01-16,
1972-01-17,
1972-01-18,
1972-01-19,
1972-01-20,
1972-01-21,
1972-01-22,
1972-01-23,
1972-01-24,
1972-01-25,
1972-01-26,
1972-01-27,
1972-01-28,
1972-01-29,
1972-01-30,
1972-01-31,
1972-02-01,
1972-02-02,
1972-02-03,
1972-02-04,
1972-02-05,
1972-02-06,
1972-02-07,
1972-02-08,
1972-02-09,
1972-02-10,
1972-02-11,
1972-02-12,
1972-02-13,
1972-02-14,
1972-02-15,
1972-02-16,
1972-02-17,
1972-02-18,
1972-02-19,
1972-02-20,
1972-02-21,
1972-02-22,
1972-02-23,
1972-02-24,
1972-02-25,
1972-02-26,
1972-02-27,
1972-02-28,
1972-02-29,
1972-03-01,
1972-03-02,
1972-03-03,
1972-03-04,
1972-03-05,
1972-03-06,
1972-03-07,
1972-03-08,
1972-03-09,
1972-03-10,
1972-03-11,
1972-03-12,
1972-03-13,
1972-03-14,
1972-03-15,
1972-03-16,
1972-03-17,
1972-03-18,
1972-03-19,
1972-03-20,
1972-03-21,
1972-03-22,
1972-03-23,
1972-03-24,
1972-03-25,
1972-03-26,
1972-03-27,
1972-03-28,
1972-03-29,
1972-03-30,
1972-03-31,
1972-04-01,
1972-04-02,
1972-04-03,
1972-04-04,
1972-04-05,
1972-04-06,
1972-04-07,
1972-04-08,
1972-04-09,
1972-04-10,
1972-04-11,
1972-04-12,
1972-04-13,
1972-04-14,
1972-04-15,
1972-04-16,
1972-04-17,
1972-04-18,
1972-04-19,
1972-04-20,
1972-04-21,
1972-04-22,
1972-04-23,
1972-04-24,
1972-04-25,
1972-04-26,
1972-04-27,
1972-04-28,
1972-04-29,
1972-04-30,
1972-05-01,
1972-05-02,
1972-05-03,
1972-05-04,
1972-05-05,
1972-05-06,
1972-05-07,
1972-05-08,
1972-05-09,
1972-05-10,
1972-05-11,
1972-05-12,
1972-05-13,
1972-05-14,
1972-05-15,
1972-05-16,
1972-05-17,
1972-05-18,
1972-05-19,
1972-05-20,
1972-05-21,
1972-05-22,
1972-05-23,
1972-05-24,
1972-05-25,
1972-05-26,
1972-05-27,
1972-05-28,
1972-05-29,
1972-05-30,
1972-05-31,
1972-06-01,
1972-06-02,
1972-06-03,
1972-06-04,
1972-06-05,
1972-06-06,
1972-06-07,
1972-06-08,
1972-06-09,
1972-06-10,
1972-06-11,
1972-06-12,
1972-06-13,
1972-06-14,
1972-06-15,
1972-06-16,
1972-06-17,
1972-06-18,
1972-06-19,
1972-06-20,
1972-06-21,
1972-06-22,
1972-06-23,
1972-06-24,
1972-06-25,
1972-06-26,
1972-06-27,
1972-06-28,
1972-06-29,
1972-06-30,
1972-07-01,
1972-07-02,
1972-07-03,
1972-07-04,
1972-07-05,
1972-07-06,
1972-07-07,
1972-07-08,
1972-07-09,
1972-07-10,
1972-07-11,
1972-07-12,
1972-07-13,
1972-07-14,
1972-07-15,
1972-07-16,
1972-07-17,
1972-07-18,
1972-07-19,
1972-07-20,
1972-07-21,
1972-07-22,
1972-07-23,
1972-07-24,
1972-07-25,
1972-07-26,
1972-07-27,
1972-07-28,
1972-07-29,
1972-07-30,
1972-07-31,
1972-08-01,
1972-08-02,
1972-08-03,
1972-08-04,
1972-08-05,
1972-08-06,
1972-08-07,
1972-08-08,
1972-08-09,
1972-08-10,
1972-08-11,
1972-08-12,
1972-08-13,
1972-08-14,
1972-08-15,
1972-08-16,
1972-08-17,
1972-08-18,
1972-08-19,
1972-08-20,
1972-08-21,
1972-08-22,
1972-08-23,
1972-08-24,
1972-08-25,
1972-08-26,
1972-08-27,
1972-08-28,
1972-08-29,
1972-08-30,
1972-08-31,
1972-09-01,
1972-09-02,
1972-09-03,
1972-09-04,
1972-09-05,
1972-09-06,
1972-09-07,
1972-09-08,
1972-09-09,
1972-09-10,
1972-09-11,
1972-09-12,
1972-09-13,
1972-09-14,
1972-09-15,
1972-09-16,
1972-09-17,
1972-09-18,
1972-09-19,
1972-09-20,
1972-09-21,
1972-09-22,
1972-09-23,
1972-09-24,
1972-09-25,
1972-09-26,
1972-09-27,
1972-09-28,
1972-09-29,
1972-09-30,
1972-10-01,0.0
1972-10-02,0.0
1972-10-03,0.0
1972-10-04,0.0
1972-10-05,0.0
1972-10-06,0.0
1972-10-07,0.0
1972-10-08,0.0
1972-10-09,0.0
1972-10-10,0.0
1972-10-11,0.0
1972-10-12,0.0
1972-10-13,0.0
1972-10-14,0.0
1972-10-15,0.0
1972-10-16,
1972-10-17,
1972-10-18,
1972-10-19,
1972-10-20,
1972-10-21,
1972-10-22,
1972-10-23,
1972-10-24,
1972-10-25,
1972-10-26,
1972-10-27,
1972-10-28,
1972-10-29,
1972-10-30,
1972-10-31,
1972-11-01,0.0
1972-11-02,0.0
1972-11-03,0.0
1972-11-04,0.0
1972-11-05,0.0
1972-11-06,0.0
1972-11-07,0.0
1972-11-08,0.0
1972-11-09,0.0
1972-11-10,0.0
1972-11-11,0.0
1972-11-12,0.0
1972-11-13,0.0
1972-11-14,0.0
1972-11-15,0.0
1972-11-16,
1972-11-17,
1972-11-18,
1972-11-19,
1972-11-20,
1972-11-21,
1972-11-22,
1972-11-23,
1972-11-24,
1972-11-25,
1972-11-26,
1972-11-27,
1972-11-28,
1972-11-29,
1972-11-30,
1972-12-01,0.0
1972-12-02,0.0
1972-12-03,0.0
1972-12-04,0.0
1972-12-05,0.0
1972-12-06,0.0
1972-12-07,0.0
1972-12-08,0.0
1972-12-09,0.0
1972-12-10,0.0
1972-12-11,0.0
1972-12-12,0.0
1972-12-13,0.0
1972-12-14,0.0
1972-12-15,0.0
1972-12-16,
1972-12-17,
1972-12-18,
1972-12-19,
1972-12-20,
1972-12-21,
1972-12-22,
1972-12-23,
1972-12-24,
1972-12-25,
1972-12-26,
1972-12-27,
1972-12-28,
1972-12-29,
1972-12-30,
1972-12-31,
1973-01-01,
1973-01-02,
1973-01-03,
1973-01-04,
1973-01-05,
1973-01-06,
1973-01-07,
1973-01-08,
1973-01-09,
1973-01-10,
1973-01-11,
1973-01-12,
1973-01-13,
1973-01-14,
1973-01-15,
1973-01-16,
1973-01-17,
1973-01-18,
1973-01-19,
1973-01-20,
1973-01-21,
1973-01-22,
1973-01-23,
1973-01-24,
1973-01-25,
1973-01-26,
1973-01-27,
1973-01-28,
1973-01-29,
1973-01-30,
1973-01-31,
1973-02-01,
1973-02-02,
1973-02-03,
1973-02-04,
1973-02-05,
1973-02-06,
1973-02-07,
1973-02-08,
1973-02-09,
1973-02-10,
1973-02-11,
1973-02-12,
1973-02-13,
1973-02-14,
1973-02-15,
1973-02-16,
1973-02-17,
1973-02-18,
1973-02-19,
1973-02-20,
1973-02-21,
1973-02-22,
1973-02-23,
1973-02-24,
1973-02-25,
1973-02-26,
1973-02-27,
1973-02-28,
1973-03-01,
1973-03-02,
1973-03-03,
1973-03-04,
1973-03-05,
1973-03-06,
1973-03-07,
1973-03-08,
1973-03-09,
1973-03-10,
1973-03-11,
1973-03-12,
1973-03-13,
1973-03-14,
1973-03-15,
1973-03-16,
1973-03-17,
1973-03-18,
1973-03-19,
1973-03-20,
1973-03-21,
1973-03-22,
1973-03-23,
1973-03-24,
1973-03-25,
1973-03-26,
1973-03-27,
1973-03-28,
1973-03-29,
1973-03-30,
1973-03-31,
1973-04-01,
1973-04-02,
1973-04-03,
1973-04-04,
1973-04-05,
1973-04-06,
1973-04-07,
1973-04-08,
1973-04-09,
1973-04-10,
1973-04-11,
1973-04-12,
1973-04-13,
1973-04-14,
1973-04-15,
1973-04-16,
1973-04-17,
1973-04-18,
1973-04-19,
1973-04-20,
1973-04-21,
1973-04-22,
1973-04-23,
1973-04-24,
1973-04-25,
1973-04-26,
1973-04-27,
1973-04-28,
1973-04-29,
1973-04-30,
1973-05-01,
1973-05-02,
1973-05-03,
1973-05-04,
1973-05-05,
1973-05-06,
1973-05-07,
1973-05-08,
1973-05-09,
1973-05-10,
1973-05-11,
1973-05-12,
1973-05-13,
1973-05-14,
1973-05-15,
1973-05-16,
1973-05-17,
1973-05-18,
1973-05-19,
1973-05-20,
1973-05-21,
1973-05-22,
1973-05-23,
1973-05-24,
1973-05-25,
1973-05-26,
1973-05-27,
1973-05-28,
1973-05-29,
1973-05-30,
1973-05-31,
1973-06-01,
1973-06-02,
1973-06-03,
1973-06-04,
1973-06-05,
1973-06-06,
1973-06-07,
1973-06-08,
1973-06-09,
1973-06-10,
1973-06-11,
1973-06-12,
1973-06-13,
1973-06-14,
1973-06-15,
1973-06-16,
1973-06-17,
1973-06-18,
1973-06-19,
1973-06-20,
1973-06-21,
1973-06-22,
1973-06-23,
1973-06-24,
1973-06-25,
1973-06-26,
1973-06-27,
1973-06-28,
1973-06-29,
1973-06-30,
1973-07-01,
1973-07-02,
1973-07-03,
1973-07-04,
1973-07-05,
1973-07-06,
1973-07-07,
1973-07-08,
1973-07-09,
1973-07-10,
1973-07-11,
1973-07-12,
1973-07-13,
1973-07-14,
1973-07-15,
1973-07-16,
1973-07-17,
1973-07-18,
1973-07-19,
1973-07-20,
1973-07-21,
1973-07-22,
1973-07-23,
1973-07-24,
1973-07-25,
1973-07-26,
1973-07-27,
1973-07-28,
1973-07-29,
1973-07-30,
1973-07-31,
1973-08-01,
1973-08-02,
1973-08-03,
1973-08-04,
1973-08-05,
1973-08-06,
1973-08-07,
1973-08-08,
1973-08-09,
1973-08-10,
1973-08-11,
1973-08-12,
1973-08-13,
1973-08-14,
1973-08-15,
1973-08-16,
1973-08-17,
1973-08-18,
1973-08-19,
1973-08-20,
1973-08-21,
1973-08-22,
1973-08-23,
1973-08-24,
1973-08-25,
1973-08-26,
1973-08-27,
1973-08-28,
1973-08-29,
1973-08-30,
1973-08-31,
1973-09-01,
1973-09-02,
1973-09-03,
1973-09-04,
1973-09-05,
1973-09-06,
1973-09-07,
1973-09-08,
1973-09-09,
1973-09-10,
1973-09-11,
1973-09-12,
1973-09-13,
1973-09-14,
1973-09-15,
1973-09-16,
1973-09-17,
1973-09-18,
1973-09-19,
1973-09-20,
1973-09-21,
1973-09-22,
1973-09-23,
1973-09-24,
1973-09-25,
1973-09-26,
1973-09-27,
1973-09-28,
1973-09-29,
1973-09-30,
1973-10-01,
1973-10-02,
1973-10-03,
1973-10-04,
1973-10-05,
1973-10-06,
1973-10-07,
1973-10-08,
1973-10-09,
1973-10-10,
1973-10-11,
1973-10-12,
1973-10-13,
1973-10-14,
1973-10-15,
1973-10-16,
1973-10-17,
1973-10-18,
1973-10-19,
1973-10-20,
1973-10-21,
1973-10-22,
1973-10-23,
1973-10-24,
1973-10-25,
1973-10-26,
1973-10-27,
1973-10-28,
1973-10-29,
1973-10-30,
1973-10-31,
1973-11-01,
1973-11-02,
1973-11-03,
1973-11-04,
1973-11-05,
1973-11-06,
1973-11-07,
1973-11-08,
1973-11-09,
1973-11-10,
1973-11-11,
1973-11-12,
1973-11-13,
1973-11-14,
1973-11-15,
1973-11-16,
1973-11-17,
1973-11-18,
1973-11-19,
1973-11-20,
1973-11-21,
1973-11-22,
1973-11-23,
1973-11-24,
1973-11-25,
1973-11-26,
1973-11-27,
1973-11-28,
1973-11-29,
1973-11-30,
1973-12-01,
1973-12-02,
1973-12-03,
1973-12-04,
1973-12-05,
1973-12-06,
1973-12-07,
1973-12-08,
1973-12-09,
1973-12-10,
1973-12-11,
1973-12-12,
1973-12-13,
1973-12-14,
1973-12-15,
1973-12-16,
1973-12-17,
1973-12-18,
1973-12-19,
1973-12-20,
1973-12-21,
1973-12-22,
1973-12-23,
1973-12-24,
1973-12-25,
1973-12-26,
1973-12-27,
1973-12-28,
1973-12-29,
1973-12-30,
1973-12-31,
1974-01-01,0.0
1974-01-02,9.0
1974-01-03,0.0
1974-01-04,0.0
1974-01-05,0.0
1974-01-06,0.0
1974-01-07,7.2
1974-01-08,0.0
1974-01-09,4.3
1974-01-10,10.5
1974-01-11,95.0
1974-01-12,0.0
1974-01-13,20.0
1974-01-14,8.1
1974-01-15,4.4
1974-01-16,99.3
1974-01-17,0.0
1974-01-18,3.1
1974-01-19,0.0
1974-01-20,0.0
1974-01-21,0.0
1974-01-22,0.0
1974-01-23,0.0
1974-01-24,0.0
1974-01-25,0.0
1974-01-26,0.0
1974-01-27,14.5
1974-01-28,30.9
1974-01-29,23.8
1974-01-30,111.1
1974-01-31,15.4
1974-02-01,0.0
1974-02-02,8.4
1974-02-03,0.0
1974-02-04,0.0
1974-02-05,0.0
1974-02-06,0.0
1974-02-07,0.0
1974-02-08,0.0
1974-02-09,0.0
1974-02-10,0.0
1974-02-11,0.0
1974-02-12,0.0
1974-02-13,0.0
1974-02-14,0.0
1974-02-15,0.0
1974-02-16,0.0
1974-02-17,0.0
1974-02-18,0.5
1974-02-19,9.0
1974-02-20,0.0
1974-02-21,0.0
1974-02-22,0.0
1974-02-23,0.0
1974-02-24,15.2
1974-02-25,32.0
1974-02-26,0.0
1974-02-27,0.4
1974-02-28,0.0
1974-03-01,0.0
1974-03-02,0.0
1974-03-03,0.0
1974-03-04,0.0
1974-03-05,0.0
1974-03-06,0.6
1974-03-07,0.0
1974-03-08,0.0
1974-03-09,0.0
1974-03-10,0.0
1974-03-11,0.0
1974-03-12,0.0
1974-03-13,1.0
1974-03-14,0.0
1974-03-15,0.0
1974-03-16,0.0
1974-03-17,0.0
1974-03-18,15.8
1974-03-19,10.3
1974-03-20,22.4
1974-03-21,28.0
1974-03-22,60.0
1974-03-23,3.5
1974-03-24,0.0
1974-03-25,2.0
1974-03-26,0.0
1974-03-27,0.0
1974-03-28,0.0
1974-03-29,0.0
1974-03-30,0.0
1974-03-31,0.0
1974-04-01,0.0
1974-04-02,9.0
1974-04-03,21.4
1974-04-04,0.0
1974-04-05,0.5
1974-04-06,30.0
1974-04-07,34.3
1974-04-08,0.0
1974-04-09,0.0
1974-04-10,0.0
1974-04-11,0.1
1974-04-12,19.4
1974-04-13,7.0
1974-04-14,4.2
1974-04-15,0.0
1974-04-16,0.0
1974-04-17,0.0
1974-04-18,0.0
1974-04-19,0.0
1974-04-20,38.3
1974-04-21,8.3
1974-04-22,0.0
1974-04-23,0.0
1974-04-24,0.0
1974-04-25,0.0
1974-04-26,36.6
1974-04-27,14.5
1974-04-28,0.0
1974-04-29,0.0
1974-04-30,0.0
1974-05-01,0.0
1974-05-02,10.4
1974-05-03,0.0
1974-05-04,0.0
1974-05-05,0.0
1974-05-06,0.0
1974-05-07,5.4
1974-05-08,11.0
1974-05-09,3.0
1974-05-10,20.1
1974-05-11,8.0
1974-05-12,0.0
1974-05-13,0.0
1974-05-14,0.6
1974-05-15,0.0
1974-05-16,0.0
1974-05-17,0.0
1974-05-18,0.0
1974-05-19,0.0
1974-05-20,0.0
1974-05-21,0.0
1974-05-22,0.0
1974-05-23,0.0
1974-05-24,0.0
1974-05-25,0.0
1974-05-26,0.0
1974-05-27,0.0
1974-05-28,5.5
1974-05-29,0.0
1974-05-30,0.0
1974-05-31,0.0
1974-06-01,0.0
1974-06-02,0.0
1974-06-03,0.0
1974-06-04,0.0
1974-06-05,0.0
1974-06-06,0.0
1974-06-07,2.0
1974-06-08,0.0
1974-06-09,0.0
1974-06-10,0.0
1974-06-11,2.6
1974-06-12,16.1
1974-06-13,50.5
1974-06-14,12.0
1974-06-15,0.0
1974-06-16,0.0
1974-06-17,0.0
1974-06-18,0.0
1974-06-19,0.2
1974-06-20,0.0
1974-06-21,0.0
1974-06-22,8.5
1974-06-23,22.0
1974-06-24,0.0
1974-06-25,18.0
1974-06-26,3.7
1974-06-27,0.0
1974-06-28,0.5
1974-06-29,4.0
1974-06-30,0.0
1974-07-01,
1974-07-02,
1974-07-03,
1974-07-04,
1974-07-05,
1974-07-06,
1974-07-07,
1974-07-08,
1974-07-09,
1974-07-10,
1974-07-11,
1974-07-12,
1974-07-13,
1974-07-14,
1974-07-15,
1974-07-16,
1974-07-17,
1974-07-18,
1974-07-19,
1974-07-20,
1974-07-21,
1974-07-22,
1974-07-23,
1974-07-24,
1974-07-25,
1974-07-26,
1974-07-27,
1974-07-28,
1974-07-29,
1974-07-30,
1974-07-31,
1974-08-01,
1974-08-02,
1974-08-03,
1974-08-04,
1974-08-05,
1974-08-06,
1974-08-07,
1974-08-08,
1974-08-09,
1974-08-10,
1974-08-11,
1974-08-12,
1974-08-13,
1974-08-14,
1974-08-15,
1974-08-16,
1974-08-17,
1974-08-18,
1974-08-19,
1974-08-20,
1974-08-21,
1974-08-22,
1974-08-23,
1974-08-24,
1974-08-25,
1974-08-26,
1974-08-27,
1974-08-28,
1974-08-29,
1974-08-30,
1974-08-31,
1974-09-01,
1974-09-02,
1974-09-03,
1974-09-04,
1974-09-05,
1974-09-06,
1974-09-07,
1974-09-08,
1974-09-09,
1974-09-10,
1974-09-11,
1974-09-12,
1974-09-13,
1974-09-14,
1974-09-15,
1974-09-16,
1974-09-17,
1974-09-18,
1974-09-19,
1974-09-20,
1974-09-21,
1974-09-22,
1974-09-23,
1974-09-24,
1974-09-25,
1974-09-26,
1974-09-27,
1974-09-28,
1974-09-29,
1974-09-30,
1974-10-01,0.0
1974-10-02,0.0
1974-10-03,0.0
1974-10-04,0.0
1974-10-05,0.0
1974-10-06,0.0
1974-10-07,0.0
1974-10-08,0.0
1974-10-09,0.0
1974-10-10,0.0
1974-10-11,0.0
1974-10-12,0.0
1974-10-13,0.0
1974-10-14,0.0
1974-10-15,0.0
1974-10-16,
1974-10-17,
1974-10-18,
1974-10-19,
1974-10-20,
1974-10-21,
1974-10-22,
1974-10-23,
1974-10-24,
1974-10-25,
1974-10-26,
1974-10-27,
1974-10-28,
1974-10-29,
1974-10-30,
1974-10-31,
1974-11-01,0.0
1974-11-02,0.0
1974-11-03,0.0
1974-11-04,0.0
1974-11-05,0.0
1974-11-06,0.0
1974-11-07,0.0
1974-11-08,0.0
1974-11-09,0.0
1974-11-10,0.0
1974-11-11,0.0
1974-11-12,0.0
1974-11-13,0.0
1974-11-14,0.0
1974-11-15,0.0
1974-11-16,
1974-11-17,
1974-11-18,
1974-11-19,
1974-11-20,
1974-11-21,
1974-11-22,
1974-11-23,
1974-11-24,
1974-11-25,
1974-11-26,
1974-11-27,
1974-11-28,
1974-11-29,
1974-11-30,
1974-12-01,0.0
1974-12-02,0.0
1974-12-03,0.0
1974-12-04,0.0
1974-12-05,0.0
1974-12-06,0.0
1974-12-07,0.0
1974-12-08,0.0
1974-12-09,0.0
1974-12-10,0.0
1974-12-11,0.0
1974-12-12,0.0
1974-12-13,0.0
1974-12-14,0.0
1974-12-15,0.0
1974-12-16,
1974-12-17,
1974-12-18,
1974-12-19,
1974-12-20,
1974-12-21,
1974-12-22,
1974-12-23,
1974-12-24,
1974-12-25,
1974-12-26,
1974-12-27,
1974-12-28,
1974-12-29,
1974-12-30,
1974-12-31,
1975-01-01,
1975-01-02,
1975-01-03,
1975-01-04,
1975-01-05,
1975-01-06,
1975-01-07,
1975-01-08,
1975-01-09,
1975-01-10,
1975-01-11,
1975-01-12,
1975-01-13,
1975-01-14,
1975-01-15,
1975-01-16,
1975-01-17,
1975-01-18,
1975-01-19,
1975-01-20,
1975-01-21,
1975-01-22,
1975-01-23,
1975-01-24,
1975-01-25,
1975-01-26,
1975-01-27,
1975-01-28,
1975-01-29,
1975-01-30,
1975-01-31,
1975-02-01,
1975-02-02,
1975-02-03,
1975-02-04,
1975-02-05,
1975-02-06,
1975-02-07,
1975-02-08,
1975-02-09,
1975-02-10,
1975-02-11,
1975-02-12,
1975-02-13,
1975-02-14,
1975-02-15,
1975-02-16,
1975-02-17,
1975-02-18,
1975-02-19,
1975-02-20,
1975-02-21,
1975-02-22,
1975-02-23,
1975-02-24,
1975-02-25,
1975-02-26,
1975-02-27,
1975-02-28,
1975-03-01,
1975-03-02,
1975-03-03,
1975-03-04,
1975-03-05,
1975-03-06,
1975-03-07,
1975-03-08,
1975-03-09,
1975-03-10,
1975-03-11,
1975-03-12,
1975-03-13,
1975-03-14,
1975-03-15,
1975-03-16,
1975-03-17,
1975-03-18,
1975-03-19,
1975-03-20,
1975-03-21,
1975-03-22,
1975-03-23,
1975-03-24,
1975-03-25,
1975-03-26,
1975-03-27,
1975-03-28,
1975-03-29,
1975-03-30,
1975-03-31,
1975-04-01,
1975-04-02,
1975-04-03,
1975-04-04,
1975-04-05,
1975-04-06,
1975-04-07,
1975-04-08,
1975-04-09,
1975-04-10,
1975-04-11,
1975-04-12,
1975-04-13,
1975-04-14,
1975-04-15,
1975-04-16,
1975-04-17,
1975-04-18,
1975-04-19,
1975-04-20,
1975-04-21,
1975-04-22,
1975-04-23,
1975-04-24,
1975-04-25,
1975-04-26,
1975-04-27,
1975-04-28,
1975-04-29,
1975-04-30,
1975-05-01,
1975-05-02,
1975-05-03,
1975-05-04,
1975-05-05,
1975-05-06,
1975-05-07,
1975-05-08,
1975-05-09,
1975-05-10,
1975-05-11,
1975-05-12,
1975-05-13,
1975-05-14,
1975-05-15,
1975-05-16,
1975-05-17,
1975-05-18,
1975-05-19,
1975-05-20,
1975-05-21,
1975-05-22,
1975-05-23,
1975-05-24,
1975-05-25,
1975-05-26,
1975-05-27,
1975-05-28,
1975-05-29,
1975-05-30,
1975-05-31,
1975-06-01,
1975-06-02,
1975-06-03,
1975-06-04,
1975-06-05,
1975-06-06,
1975-06-07,
1975-06-08,
1975-06-09,
1975-06-10,
1975-06-11,
1975-06-12,
1975-06-13,
1975-06-14,
1975-06-15,
1975-06-16,
1975-06-17,
1975-06-18,
1975-06-19,
1975-06-20,
1975-06-21,
1975-06-22,
1975-06-23,
1975-06-24,
1975-06-25,
1975-06-26,
1975-06-27,
1975-06-28,
1975-06-29,
1975-06-30,
1975-07-01,
1975-07-02,
1975-07-03,
1975-07-04,
1975-07-05,
1975-07-06,
1975-07-07,
1975-07-08,
1975-07-09,
1975-07-10,
1975-07-11,
1975-07-12,
1975-07-13,
1975-07-14,
1975-07-15,
1975-07-16,
1975-07-17,
1975-07-18,
1975-07-19,
1975-07-20,
1975-07-21,
1975-07-22,
1975-07-23,
1975-07-24,
1975-07-25,
1975-07-26,
1975-07-27,
1975-07-28,
1975-07-29,
1975-07-30,
1975-07-31,
1975-08-01,
1975-08-02,
1975-08-03,
1975-08-04,
1975-08-05,
1975-08-06,
1975-08-07,
1975-08-08,
1975-08-09,
1975-08-10,
1975-08-11,
1975-08-12,
1975-08-13,
1975-08-14,
1975-08-15,
1975-08-16,
1975-08-17,
1975-08-18,
1975-08-19,
1975-08-20,
1975-08-21,
1975-08-22,
1975-08-23,
1975-08-24,
1975-08-25,
1975-08-26,
1975-08-27,
1975-08-28,
1975-08-29,
1975-08-30,
1975-08-31,
1975-09-01,
1975-09-02,
1975-09-03,
1975-09-04,
1975-09-05,
1975-09-06,
1975-09-07,
1975-09-08,
1975-09-09,
1975-09-10,
1975-09-11,
1975-09-12,
1975-09-13,
1975-09-14,
1975-09-15,
1975-09-16,
1975-09-17,
1975-09-18,
1975-09-19,
1975-09-20,
1975-09-21,
1975-09-22,
1975-09-23,
1975-09-24,
1975-09-25,
1975-09-26,
1975-09-27,
1975-09-28,
1975-09-29,
1975-09-30,
1975-10-01,
1975-10-02,
1975-10-03,
1975-10-04,
1975-10-05,
1975-10-06,
1975-10-07,
1975-10-08,
1975-10-09,
1975-10-10,
1975-10-11,
1975-10-12,
1975-10-13,
1975-10-14,
1975-10-15,
1975-10-16,
1975-10-17,
1975-10-18,
1975-10-19,
1975-10-20,
1975-10-21,
1975-10-22,
1975-10-23,
1975-10-24,
1975-10-25,
1975-10-26,
1975-10-27,
1975-10-28,
1975-10-29,
1975-10-30,
1975-10-31,
1975-11-01,
1975-11-02,
1975-11-03,
1975-11-04,
1975-11-05,
1975-11-06,
1975-11-07,
1975-11-08,
1975-11-09,
1975-11-10,
1975-11-11,
1975-11-12,
1975-11-13,
1975-11-14,
1975-11-15,
1975-11-16,
1975-11-17,
1975-11-18,
1975-11-19,
1975-11-20,
1975-11-21,
1975-11-22,
1975-11-23,
1975-11-24,
1975-11-25,
1975-11-26,
1975-11-27,
1975-11-28,
1975-11-29,
1975-11-30,
1975-12-01,
1975-12-02,
1975-12-03,
1975-12-04,
1975-12-05,
1975-12-06,
1975-12-07,
1975-12-08,
1975-12-09,
1975-12-10,
1975-12-11,
1975-12-12,
1975-12-13,
1975-12-14,
1975-12-15,
1975-12-16,
1975-12-17,
1975-12-18,
1975-12-19,
1975-12-20,
1975-12-21,
1975-12-22,
1975-12-23,
1975-12-24,
1975-12-25,
1975-12-26,
1975-12-27,
1975-12-28,
1975-12-29,
1975-12-30,
1975-12-31,
1976-01-01,
1976-01-02,
1976-01-03,
1976-01-04,
1976-01-05,
1976-01-06,
1976-01-07,
1976-01-08,
1976-01-09,
1976-01-10,
1976-01-11,
1976-01-12,
1976-01-13,
1976-01-14,
1976-01-15,
1976-01-16,
1976-01-17,
1976-01-18,
1976-01-19,
1976-01-20,
1976-01-21,
1976-01-22,
1976-01-23,
1976-01-24,
1976-01-25,
1976-01-26,
1976-01-27,
1976-01-28,
1976-01-29,
1976-01-30,
1976-01-31,
1976-02-01,
1976-02-02,
1976-02-03,
1976-02-04,
1976-02-05,
1976-02-06,
1976-02-07,
1976-02-08,
1976-02-09,
1976-02-10,
1976-02-11,
1976-02-12,
1976-02-13,
1976-02-14,
1976-02-15,
1976-02-16,
1976-02-17,
1976-02-18,
1976-02-19,
1976-02-20,
1976-02-21,
1976-02-22,
1976-02-23,
1976-02-24,
1976-02-25,
1976-02-26,
1976-02-27,
1976-02-28,
1976-02-29,
1976-03-01,
1976-03-02,
1976-03-03,
1976-03-04,
1976-03-05,
1976-03-06,
1976-03-07,
1976-03-08,
1976-03-09,
1976-03-10,
1976-03-11,
1976-03-12,
1976-03-13,
1976-03-14,
1976-03-15,
1976-03-16,
1976-03-17,
1976-03-18,
1976-03-19,
1976-03-20,
1976-03-21,
1976-03-22,
1976-03-23,
1976-03-24,
1976-03-25,
1976-03-26,
1976-03-27,
1976-03-28,
1976-03-29,
1976-03-30,
1976-03-31,
1976-04-01,
1976-04-02,
1976-04-03,
1976-04-04,
1976-04-05,
1976-04-06,
1976-04-07,
1976-04-08,
1976-04-09,
1976-04-10,
1976-04-11,
1976-04-12,
1976-04-13,
1976-04-14,
1976-04-15,
1976-04-16,
1976-04-17,
1976-04-18,
1976-04-19,
1976-04-20,
1976-04-21,
1976-04-22,
1976-04-23,
1976-04-24,
1976-04-25,
1976-04-26,
1976-04-27,
1976-04-28,
1976-04-29,
1976-04-30,
1976-05-01,
1976-05-02,
1976-05-03,
1976-05-04,
1976-05-05,
1976-05-06,
1976-05-07,
1976-05-08,
1976-05-09,
1976-05-10,
1976-05-11,
1976-05-12,
1976-05-13,
1976-05-14,
1976-05-15,
1976-05-16,
1976-05-17,
1976-05-18,
1976-05-19,
1976-05-20,
1976-05-21,
1976-05-22,
1976-05-23,
1976-05-24,
1976-05-25,
1976-05-26,
1976-05-27,
1976-05-28,
1976-05-29,
1976-05-30,
1976-05-31,
1976-06-01,
1976-06-02,
1976-06-03,
1976-06-04,
1976-06-05,
1976-06-06,
1976-06-07,
1976-06-08,
1976-06-09,
1976-06-10,
1976-06-11,
1976-06-12,
1976-06-13,
1976-06-14,
1976-06-15,
1976-06-16,
1976-06-17,
1976-06-18,
1976-06-19,
1976-06-20,
1976-06-21,
1976-06-22,
1976-06-23,
1976-06-24,
1976-06-25,
1976-06-26,
1976-06-27,
1976-06-28,
1976-06-29,
1976-06-30,
1976-07-01,
1976-07-02,
1976-07-03,
1976-07-04,
1976-07-05,
1976-07-06,
1976-07-07,
1976-07-08,
1976-07-09,
1976-07-10,
1976-07-11,
1976-07-12,
1976-07-13,
1976-07-14,
1976-07-15,
1976-07-16,
1976-07-17,
1976-07-18,
1976-07-19,
1976-07-20,
1976-07-21,
1976-07-22,
1976-07-23,
1976-07-24,
1976-07-25,
1976-07-26,
1976-07-27,
1976-07-28,
1976-07-29,
1976-07-30,
1976-07-31,
1976-08-01,
1976-08-02,
1976-08-03,
1976-08-04,
1976-08-05,
1976-08-06,
1976-08-07,
1976-08-08,
1976-08-09,
1976-08-10,
1976-08-11,
1976-08-12,
1976-08-13,
1976-08-14,
1976-08-15,
1976-08-16,
1976-08-17,
1976-08-18,
1976-08-19,
1976-08-20,
1976-08-21,
1976-08-22,
1976-08-23,
1976-08-24,
1976-08-25,
1976-08-26,
1976-08-27,
1976-08-28,
1976-08-29,
1976-08-30,
1976-08-31,
1976-09-01,
1976-09-02,
1976-09-03,
1976-09-04,
1976-09-05,
1976-09-06,
1976-09-07,
1976-09-08,
1976-09-09,
1976-09-10,
1976-09-11,
1976-09-12,
1976-09-13,
1976-09-14,
1976-09-15,
1976-09-16,
1976-09-17,
1976-09-18,
1976-09-19,
1976-09-20,
1976-09-21,
1976-09-22,
1976-09-23,
1976-09-24,
1976-09-25,
1976-09-26,
1976-09-27,
1976-09-28,
1976-09-29,
1976-09-30,
1976-10-01,
1976-10-02,
1976-10-03,
1976-10-04,
1976-10-05,
1976-10-06,
1976-10-07,
1976-10-08,
1976-10-09,
1976-10-10,
1976-10-11,
1976-10-12,
1976-10-13,
1976-10-14,
1976-10-15,
1976-10-16,
1976-10-17,
1976-10-18,
1976-10-19,
1976-10-20,
1976-10-21,
1976-10-22,
1976-10-23,
1976-10-24,
1976-10-25,
1976-10-26,
1976-10-27,
1976-10-28,
1976-10-29,
1976-10-30,
1976-10-31,
1976-11-01,
1976-11-02,
1976-11-03,
1976-11-04,
1976-11-05,
1976-11-06,
1976-11-07,
1976-11-08,
1976-11-09,
1976-11-10,
1976-11-11,
1976-11-12,
1976-11-13,
1976-11-14,
1976-11-15,
1976-11-16,
1976-11-17,
1976-11-18,
1976-11-19,
1976-11-20,
1976-11-21,
1976-11-22,
1976-11-23,
1976-11-24,
1976-11-25,
1976-11-26,
1976-11-27,
1976-11-28,
1976-11-29,
1976-11-30,
1976-12-01,
1976-12-02,
1976-12-03,
1976-12-04,
1976-12-05,
1976-12-06,
1976-12-07,
1976-12-08,
1976-12-09,
1976-12-10,
1976-12-11,
1976-12-12,
1976-12-13,
1976-12-14,
1976-12-15,
1976-12-16,
1976-12-17,
1976-12-18,
1976-12-19,
1976-12-20,
1976-12-21,
1976-12-22,
1976-12-23,
1976-12-24,
1976-12-25,
1976-12-26,
1976-12-27,
1976-12-28,
1976-12-29,
1976-12-30,
1976-12-31,
1977-01-01,
1977-01-02,
1977-01-03,
1977-01-04,
1977-01-05,
1977-01-06,
1977-01-07,
1977-01-08,
1977-01-09,
1977-01-10,
1977-01-11,
1977-01-12,
1977-01-13,
1977-01-14,
1977-01-15,
1977-01-16,
1977-01-17,
1977-01-18,
1977-01-19,
1977-01-20,
1977-01-21,
1977-01-22,
1977-01-23,
1977-01-24,
1977-01-25,
1977-01-26,
1977-01-27,
1977-01-28,
1977-01-29,
1977-01-30,
1977-01-31,
1977-02-01,0.0
1977-02-02,0.0
1977-02-03,0.0
1977-02-04,0.0
1977-02-05,0.0
1977-02-06,0.0
1977-02-07,0.0
1977-02-08,0.0
1977-02-09,0.0
1977-02-10,0.0
1977-02-11,0.0
1977-02-12,0.0
1977-02-13,0.0
1977-02-14,0.0
1977-02-15,0.0
1977-02-16,
1977-02-17,
1977-02-18,
1977-02-19,
1977-02-20,
1977-02-21,
1977-02-22,
1977-02-23,
1977-02-24,
1977-02-25,
1977-02-26,
1977-02-27,
1977-02-28,
1977-03-01,0.0
1977-03-02,0.0
1977-03-03,0.0
1977-03-04,0.0
1977-03-05,0.0
1977-03-06,0.0
1977-03-07,0.0
1977-03-08,0.0
1977-03-09,0.0
1977-03-10,0.0
1977-03-11,0.0
1977-03-12,0.0
1977-03-13,0.0
1977-03-14,0.0
1977-03-15,0.0
1977-03-16,
1977-03-17,
1977-03-18,
1977-03-19,
1977-03-20,
1977-03-21,
1977-03-22,
1977-03-23,
1977-03-24,
1977-03-25,
1977-03-26,
1977-03-27,
1977-03-28,
1977-03-29,
1977-03-30,
1977-03-31,
1977-04-01,0.0
1977-04-02,0.0
1977-04-03,0.0
1977-04-04,0.0
1977-04-05,0.0
1977-04-06,0.0
1977-04-07,0.0
1977-04-08,0.0
1977-04-09,0.0
1977-04-10,0.0
1977-04-11,0.0
1977-04-12,0.0
1977-04-13,0.0
1977-04-14,0.0
1977-04-15,0.0
1977-04-16,
1977-04-17,
1977-04-18,
1977-04-19,
1977-04-20,
1977-04-21,
1977-04-22,
1977-04-23,
1977-04-24,
1977-04-25,
1977-04-26,
1977-04-27,
1977-04-28,
1977-04-29,
1977-04-30,
1977-05-01,0.0
1977-05-02,0.0
1977-05-03,0.0
1977-05-04,0.0
1977-05-05,0.0
1977-05-06,0.0
1977-05-07,0.0
1977-05-08,0.0
1977-05-09,0.0
1977-05-10,0.0
1977-05-11,0.0
1977-05-12,0.0
1977-05-13,0.0
1977-05-14,0.0
1977-05-15,0.0
1977-05-16,
1977-05-17,
1977-05-18,
1977-05-19,
1977-05-20,
1977-05-21,
1977-05-22,
1977-05-23,
1977-05-24,
1977-05-25,
1977-05-26,
1977-05-27,
1977-05-28,
1977-05-29,
1977-05-30,
1977-05-31,
1977-06-01,0.0
1977-06-02,0.0
1977-06-03,0.0
1977-06-04,0.0
1977-06-05,0.0
1977-06-06,0.0
1977-06-07,0.0
1977-06-08,0.0
1977-06-09,0.0
1977-06-10,0.0
1977-06-11,0.0
1977-06-12,0.0
1977-06-13,0.0
1977-06-14,0.0
1977-06-15,0.0
1977-06-16,
1977-06-17,
1977-06-18,
1977-06-19,
1977-06-20,
1977-06-21,
1977-06-22,
1977-06-23,
1977-06-24,
1977-06-25,
1977-06-26,
1977-06-27,
1977-06-28,
1977-06-29,
1977-06-30,
1977-07-01,0.0
1977-07-02,0.0
1977-07-03,0.0
1977-07-04,0.0
1977-07-05,0.0
1977-07-06,0.0
1977-07-07,0.0
1977-07-08,0.0
1977-07-09,0.0
1977-07-10,0.0
1977-07-11,0.0
1977-07-12,0.0
1977-07-13,0.0
1977-07-14,0.0
1977-07-15,0.0
1977-07-16,
1977-07-17,
1977-07-18,
1977-07-19,
1977-07-20,
1977-07-21,
1977-07-22,
1977-07-23,
1977-07-24,
1977-07-25,
1977-07-26,
1977-07-27,
1977-07-28,
1977-07-29,
1977-07-30,
1977-07-31,
1977-08-01,0.0
1977-08-02,0.0
1977-08-03,0.0
1977-08-04,0.0
1977-08-05,0.0
1977-08-06,0.0
1977-08-07,0.0
1977-08-08,0.0
1977-08-09,0.0
1977-08-10,0.0
1977-08-11,0.0
1977-08-12,0.0
1977-08-13,0.0
1977-08-14,0.0
1977-08-15,0.0
1977-08-16,
1977-08-17,
1977-08-18,
1977-08-19,
1977-08-20,
1977-08-21,
1977-08-22,
1977-08-23,
1977-08-24,
1977-08-25,
1977-08-26,
1977-08-27,
1977-08-28,
1977-08-29,
1977-08-30,
1977-08-31,
1977-09-01,
1977-09-02,
1977-09-03,
1977-09-04,
1977-09-05,
1977-09-06,
1977-09-07,15.3
1977-09-08,0.0
1977-09-09,0.0
1977-09-10,0.0
1977-09-11,0.0
1977-09-12,0.0
1977-09-13,0.0
1977-09-14,0.0
1977-09-15,0.0
1977-09-16,0.0
1977-09-17,0.0
1977-09-18,0.0
1977-09-19,14.0
1977-09-20,9.5
1977-09-21,13.0
1977-09-22,30.0
1977-09-23,0.0
1977-09-24,19.1
1977-09-25,31.1
1977-09-26,0.0
1977-09-27,0.0
1977-09-28,0.0
1977-09-29,0.0
1977-09-30,0.0
1977-10-01,19.5
1977-10-02,22.5
1977-10-03,3.7
1977-10-04,16.3
1977-10-05,4.1
1977-10-06,0.0
1977-10-07,0.0
1977-10-08,0.0
1977-10-09,0.0
1977-10-10,0.0
1977-10-11,0.0
1977-10-12,0.0
1977-10-13,37.1
1977-10-14,23.9
1977-10-15,0.0
1977-10-16,0.0
1977-10-17,0.0
1977-10-18,0.0
1977-10-19,0.0
1977-10-20,3.7
1977-10-21,0.0
1977-10-22,0.0
1977-10-23,0.0
1977-10-24,0.0
1977-10-25,0.0
1977-10-26,0.0
1977-10-27,0.0
1977-10-28,0.0
1977-10-29,15.9
1977-10-30,0.0
1977-10-31,0.0
1977-11-01,11.1
1977-11-02,0.0
1977-11-03,0.0
1977-11-04,44.3
1977-11-05,0.0
1977-11-06,0.0
1977-11-07,5.5
1977-11-08,0.0
1977-11-09,0.0
1977-11-10,0.0
1977-11-11,0.0
1977-11-12,0.0
1977-11-13,49.5
1977-11-14,0.0
1977-11-15,10.0
1977-11-16,39.6
1977-11-17,0.0
1977-11-18,0.0
1977-11-19,0.0
1977-11-20,0.0
1977-11-21,0.0
1977-11-22,0.0
1977-11-23,5.0
1977-11-24,49.5
1977-11-25,5.7
1977-11-26,0.0
1977-11-27,0.0
1977-11-28,0.0
1977-11-29,0.0
1977-11-30,0.0
1977-12-01,8.7
1977-12-02,8.1
1977-12-03,0.0
1977-12-04,2.7
1977-12-05,0.0
1977-12-06,3.9
1977-12-07,0.0
1977-12-08,11.7
1977-12-09,46.4
1977-12-10,7.3
1977-12-11,11.7
1977-12-12,32.2
1977-12-13,0.0
1977-12-14,0.8
1977-12-15,0.0
1977-12-16,0.0
1977-12-17,0.0
1977-12-18,0.0
1977-12-19,0.0
1977-12-20,9.2
1977-12-21,2.1
1977-12-22,35.4
1977-12-23,52.8
1977-12-24,15.0
1977-12-25,0.0
1977-12-26,0.0
1977-12-27,0.0
1977-12-28,0.0
1977-12-29,0.0
1977-12-30,0.0
1977-12-31,0.0
1978-01-01,8.2
1978-01-02,44.6
1978-01-03,23.7
1978-01-04,0.0
1978-01-05,0.0
1978-01-06,0.0
1978-01-07,0.0
1978-01-08,0.0
1978-01-09,8.7
1978-01-10,0.0
1978-01-11,27.4
1978-01-12,13.2
1978-01-13,0.0
1978-01-14,0.0
1978-01-15,0.0
1978-01-16,30.7
1978-01-17,5.1
1978-01-18,0.0
1978-01-19,0.0
1978-01-20,0.0
1978-01-21,10.0
1978-01-22,1.3
1978-01-23,0.0
1978-01-24,0.0
1978-01-25,0.0
1978-01-26,1.0
1978-01-27,0.0
1978-01-28,0.0
1978-01-29,0.0
1978-01-30,0.0
1978-01-31,0.0
1978-02-01,0.0
1978-02-02,0.0
1978-02-03,0.0
1978-02-04,0.0
1978-02-05,0.0
1978-02-06,51.9
1978-02-07,70.8
1978-02-08,4.9
1978-02-09,0.4
1978-02-10,0.0
1978-02-11,80.0
1978-02-12,5.1
1978-02-13,0.0
1978-02-14,0.0
1978-02-15,0.7
1978-02-16,0.0
1978-02-17,0.0
1978-02-18,5.8
1978-02-19,1.3
1978-02-20,0.0
1978-02-21,0.0
1978-02-22,21.2
1978-02-23,0.0
1978-02-24,0.0
1978-02-25,0.9
1978-02-26,0.0
1978-02-27,0.0
1978-02-28,0.0
1978-03-01,0.0
1978-03-02,0.0
1978-03-03,0.0
1978-03-04,9.1
1978-03-05,20.0
1978-03-06,10.0
1978-03-07,21.2
1978-03-08,22.8
1978-03-09,8.2
1978-03-10,0.2
1978-03-11,0.0
1978-03-12,0.0
1978-03-13,0.0
1978-03-14,0.0
1978-03-15,0.0
1978-03-16,0.0
1978-03-17,0.0
1978-03-18,0.0
1978-03-19,0.0
1978-03-20,0.0
1978-03-21,0.0
1978-03-22,0.0
1978-03-23,0.0
1978-03-24,0.5
1978-03-25,0.0
1978-03-26,0.0
1978-03-27,8.6
1978-03-28,0.0
1978-03-29,35.7
1978-03-30,50.5
1978-03-31,12.4
1978-04-01,5.9
1978-04-02,30.0
1978-04-03,9.1
1978-04-04,0.4
1978-04-05,3.5
1978-04-06,0.0
1978-04-07,0.0
1978-04-08,0.0
1978-04-09,0.0
1978-04-10,9.3
1978-04-11,20.0
1978-04-12,0.0
1978-04-13,0.0
1978-04-14,0.0
1978-04-15,0.4
1978-04-16,0.0
1978-04-17,0.0
1978-04-18,0.0
1978-04-19,0.0
1978-04-20,25.4
1978-04-21,0.0
1978-04-22,0.0
1978-04-23,10.2
1978-04-24,21.1
1978-04-25,0.0
1978-04-26,0.0
1978-04-27,0.4
1978-04-28,0.0
1978-04-29,0.0
1978-04-30,0.0
1978-05-01,4.9
1978-05-02,23.2
1978-05-03,5.2
1978-05-04,0.0
1978-05-05,0.1
1978-05-06,8.3
1978-05-07,0.1
1978-05-08,0.0
1978-05-09,0.1
1978-05-10,0.0
1978-05-11,0.1
1978-05-12,0.0
1978-05-13,0.0
1978-05-14,0.0
1978-05-15,0.0
1978-05-16,0.0
1978-05-17,13.2
1978-05-18,25.2
1978-05-19,23.4
1978-05-20,0.0
1978-05-21,12.8
1978-05-22,37.9
1978-05-23,4.4
1978-05-24,0.0
1978-05-25,0.0
1978-05-26,0.0
1978-05-27,0.0
1978-05-28,0.0
1978-05-29,0.0
1978-05-30,0.7
1978-05-31,1.4
1978-06-01,0.0
1978-06-02,0.0
1978-06-03,0.0
1978-06-04,0.0
1978-06-05,0.0
1978-06-06,0.0
1978-06-07,0.0
1978-06-08,0.0
1978-06-09,53.7
1978-06-10,3.8
1978-06-11,0.1
1978-06-12,0.0
1978-06-13,0.0
1978-06-14,0.0
1978-06-15,0.1
1978-06-16,0.2
1978-06-17,0.0
1978-06-18,0.0
1978-06-19,0.1
1978-06-20,0.0
1978-06-21,0.0
1978-06-22,5.1
1978-06-23,0.2
1978-06-24,0.0
1978-06-25,0.0
1978-06-26,0.0
1978-06-27,0.0
1978-06-28,0.0
1978-06-29,0.0
1978-06-30,0.3
1978-07-01,0.0
1978-07-02,0.0
1978-07-03,0.0
1978-07-04,0.0
1978-07-05,0.0
1978-07-06,0.0
1978-07-07,0.0
1978-07-08,0.0
1978-07-09,0.0
1978-07-10,0.0
1978-07-11,0.0
1978-07-12,0.0
1978-07-13,0.0
1978-07-14,0.0
1978-07-15,0.0
1978-07-16,3.8
1978-07-17,0.0
1978-07-18,0.0
1978-07-19,4.8
1978-07-20,0.0
1978-07-21,1.9
1978-07-22,15.0
1978-07-23,1.2
1978-07-24,0.0
1978-07-25,0.0
1978-07-26,0.0
1978-07-27,0.0
1978-07-28,0.0
1978-07-29,0.0
1978-07-30,0.0
1978-07-31,0.0
1978-08-01,0.0
1978-08-02,0.0
1978-08-03,0.0
1978-08-04,0.0
1978-08-05,0.0
1978-08-06,0.0
1978-08-07,0.0
1978-08-08,0.0
1978-08-09,0.0
1978-08-10,0.0
1978-08-11,0.0
1978-08-12,0.0
1978-08-13,0.0
1978-08-14,16.0
1978-08-15,0.0
1978-08-16,0.0
1978-08-17,0.0
1978-08-18,0.0
1978-08-19,0.0
1978-08-20,0.0
1978-08-21,0.0
1978-08-22,2.3
1978-08-23,2.5
1978-08-24,0.0
1978-08-25,2.1
1978-08-26,1.9
1978-08-27,0.0
1978-08-28,0.0
1978-08-29,0.0
1978-08-30,0.0
1978-08-31,20.7
1978-09-01,0.0
1978-09-02,0.7
1978-09-03,0.4
1978-09-04,0.0
1978-09-05,0.0
1978-09-06,0.0
1978-09-07,0.0
1978-09-08,5.5
1978-09-09,0.0
1978-09-10,0.0
1978-09-11,0.0
1978-09-12,0.0
1978-09-13,0.0
1978-09-14,0.0
1978-09-15,0.0
1978-09-16,2.0
1978-09-17,0.0
1978-09-18,0.0
1978-09-19,0.0
1978-09-20,0.0
1978-09-21,0.0
1978-09-22,0.0
1978-09-23,0.0
1978-09-24,0.0
1978-09-25,0.0
1978-09-26,0.0
1978-09-27,0.0
1978-09-28,0.0
1978-09-29,0.0
1978-09-30,0.0
1978-10-01,0.0
1978-10-02,0.0
1978-10-03,0.0
1978-10-04,0.0
1978-10-05,0.0
1978-10-06,0.0
1978-10-07,0.2
1978-10-08,0.0
1978-10-09,0.0
1978-10-10,0.0
1978-10-11,20.3
1978-10-12,0.0
1978-10-13,0.0
1978-10-14,0.0
1978-10-15,9.0
1978-10-16,18.1
1978-10-17,2.0
1978-10-18,2.9
1978-10-19,6.0
1978-10-20,0.1
1978-10-21,8.8
1978-10-22,0.0
1978-10-23,0.0
1978-10-24,0.0
1978-10-25,0.0
1978-10-26,0.0
1978-10-27,0.0
1978-10-28,6.6
1978-10-29,3.4
1978-10-30,0.0
1978-10-31,0.0
1978-11-01,0.0
1978-11-02,19.8
1978-11-03,1.3
1978-11-04,0.0
1978-11-05,0.0
1978-11-06,31.3
1978-11-07,0.2
1978-11-08,1.1
1978-11-09,0.0
1978-11-10,0.0
1978-11-11,33.4
1978-11-12,23.3
1978-11-13,0.0
1978-11-14,1.6
1978-11-15,0.0
1978-11-16,0.0
1978-11-17,0.0
1978-11-18,0.9
1978-11-19,0.0
1978-11-20,0.0
1978-11-21,0.0
1978-11-22,0.0
1978-11-23,0.0
1978-11-24,3.6
1978-11-25,7.8
1978-11-26,0.0
1978-11-27,0.0
1978-11-28,27.3
1978-11-29,0.0
1978-11-30,0.0
1978-12-01,0.0
1978-12-02,0.0
1978-12-03,0.0
1978-12-04,0.0
1978-12-05,0.0
1978-12-06,0.0
1978-12-07,15.6
1978-12-08,44.4
1978-12-09,10.2
1978-12-10,8.4
1978-12-11,30.5
1978-12-12,0.0
1978-12-13,1.3
1978-12-14,0.0
1978-12-15,3.8
1978-12-16,0.0
1978-12-17,0.0
1978-12-18,1.0
1978-12-19,3.2
1978-12-20,0.0
1978-12-21,0.0
1978-12-22,0.0
1978-12-23,16.1
1978-12-24,0.0
1978-12-25,0.0
1978-12-26,0.0
1978-12-27,34.3
1978-12-28,14.5
1978-12-29,8.1
1978-12-30,6.0
1978-12-31,0.0
1979-01-01,9.3
1979-01-02,0.0
1979-01-03,1.3
1979-01-04,9.0
1979-01-05,4.3
1979-01-06,0.0
1979-01-07,0.0
1979-01-08,5.1
1979-01-09,0.0
1979-01-10,2.2
1979-01-11,0.0
1979-01-12,0.3
1979-01-13,0.0
1979-01-14,0.0
1979-01-15,5.4
1979-01-16,0.0
1979-01-17,31.6
1979-01-18,20.5
1979-01-19,6.9
1979-01-20,9.5
1979-01-21,20.4
1979-01-22,30.1
1979-01-23,21.0
1979-01-24,0.0
1979-01-25,0.0
1979-01-26,0.0
1979-01-27,0.0
1979-01-28,0.0
1979-01-29,34.2
1979-01-30,23.6
1979-01-31,0.0
1979-02-01,0.0
1979-02-02,6.9
1979-02-03,0.0
1979-02-04,0.0
1979-02-05,10.9
1979-02-06,0.8
1979-02-07,0.0
1979-02-08,0.0
1979-02-09,0.0
1979-02-10,0.0
1979-02-11,0.0
1979-02-12,0.0
1979-02-13,2.2
1979-02-14,1.1
1979-02-15,0.7
1979-02-16,10.3
1979-02-17,0.0
1979-02-18,0.6
1979-02-19,0.2
1979-02-20,14.7
1979-02-21,0.0
1979-02-22,12.0
1979-02-23,0.0
1979-02-24,0.0
1979-02-25,0.0
1979-02-26,0.0
1979-02-27,0.0
1979-02-28,0.0
1979-03-01,0.0
1979-03-02,
1979-03-03,
1979-03-04,0.0
1979-03-05,0.0
1979-03-06,0.0
1979-03-07,0.0
1979-03-08,0.0
1979-03-09,0.0
1979-03-10,0.0
1979-03-11,0.0
1979-03-12,0.0
1979-03-13,20.5
1979-03-14,29.7
1979-03-15,31.3
1979-03-16,0.0
1979-03-17,1.9
1979-03-18,7.8
1979-03-19,6.9
1979-03-20,0.0
1979-03-21,0.0
1979-03-22,0.0
1979-03-23,0.0
1979-03-24,0.0
1979-03-25,
1979-03-26,4.3
1979-03-27,
1979-03-28,0.0
1979-03-29,0.0
1979-03-30,0.0
1979-03-31,0.0
1979-04-01,0.0
1979-04-02,1.5
1979-04-03,0.0
1979-04-04,0.0
1979-04-05,8.3
1979-04-06,3.4
1979-04-07,31.3
1979-04-08,17.7
1979-04-09,0.0
1979-04-10,
1979-04-11,0.0
1979-04-12,0.0
1979-04-13,
1979-04-14,0.0
1979-04-15,0.0
1979-04-16,0.0
1979-04-17,0.0
1979-04-18,0.0
1979-04-19,1.7
1979-04-20,1.5
1979-04-21,0.0
1979-04-22,20.5
1979-04-23,0.6
1979-04-24,15.1
1979-04-25,
1979-04-26,0.0
1979-04-27,0.0
1979-04-28,0.0
1979-04-29,0.0
1979-04-30,0.0
1979-05-01,0.0
1979-05-02,0.0
1979-05-03,0.5
1979-05-04,13.3
1979-05-05,0.0
1979-05-06,0.0
1979-05-07,0.0
1979-05-08,0.9
1979-05-09,0.6
1979-05-10,0.0
1979-05-11,6.7
1979-05-12,0.5
1979-05-13,4.6
1979-05-14,7.1
1979-05-15,7.5
1979-05-16,0.4
1979-05-17,0.2
1979-05-18,0.0
1979-05-19,0.0
1979-05-20,0.0
1979-05-21,0.0
1979-05-22,0.0
1979-05-23,0.0
1979-05-24,15.7
1979-05-25,0.0
1979-05-26,0.0
1979-05-27,0.0
1979-05-28,0.0
1979-05-29,0.0
1979-05-30,3.5
1979-05-31,4.2
1979-06-01,0.0
1979-06-02,0.0
1979-06-03,0.0
1979-06-04,0.0
1979-06-05,0.0
1979-06-06,0.0
1979-06-07,0.0
1979-06-08,0.0
1979-06-09,
1979-06-10,14.9
1979-06-11,0.0
1979-06-12,0.0
1979-06-13,0.0
1979-06-14,11.3
1979-06-15,
1979-06-16,0.0
1979-06-17,0.0
1979-06-18,1.2
1979-06-19,1.4
1979-06-20,0.1
1979-06-21,0.2
1979-06-22,0.1
1979-06-23,0.0
1979-06-24,0.0
1979-06-25,0.0
1979-06-26,1.7
1979-06-27,43.3
1979-06-28,17.2
1979-06-29,0.0
1979-06-30,0.0
1979-07-01,0.0
1979-07-02,0.0
1979-07-03,0.0
1979-07-04,0.0
1979-07-05,0.0
1979-07-06,7.8
1979-07-07,0.0
1979-07-08,0.0
1979-07-09,23.9
1979-07-10,70.8
1979-07-11,47.5
1979-07-12,2.0
1979-07-13,0.0
1979-07-14,0.0
1979-07-15,0.0
1979-07-16,0.1
1979-07-17,0.9
1979-07-18,0.0
1979-07-19,0.0
1979-07-20,8.3
1979-07-21,0.0
1979-07-22,0.0
1979-07-23,0.0
1979-07-24,0.0
1979-07-25,0.0
1979-07-26,0.0
1979-07-27,0.0
1979-07-28,0.0
1979-07-29,0.0
1979-07-30,0.0
1979-07-31,0.0
1979-08-01,0.1
1979-08-02,0.0
1979-08-03,0.0
1979-08-04,0.0
1979-08-05,0.0
1979-08-06,0.0
1979-08-07,0.0
1979-08-08,0.0
1979-08-09,0.0
1979-08-10,0.0
1979-08-11,0.0
1979-08-12,0.0
1979-08-13,43.4
1979-08-14,0.0
1979-08-15,0.0
1979-08-16,1.3
1979-08-17,6.1
1979-08-18,0.0
1979-08-19,2.4
1979-08-20,0.0
1979-08-21,24.9
1979-08-22,15.3
1979-08-23,0.0
1979-08-24,0.0
1979-08-25,0.0
1979-08-26,0.0
1979-08-27,10.5
1979-08-28,0.0
1979-08-29,0.0
1979-08-30,1.7
1979-08-31,0.0
1979-09-01,0.0
1979-09-02,1.4
1979-09-03,10.8
1979-09-04,36.5
1979-09-05,0.0
1979-09-06,0.0
1979-09-07,0.0
1979-09-08,30.5
1979-09-09,50.2
1979-09-10,3.3
1979-09-11,0.0
1979-09-12,8.2
1979-09-13,0.0
1979-09-14,13.2
1979-09-15,24.5
1979-09-16,20.6
1979-09-17,5.7
1979-09-18,12.5
1979-09-19,13.4
1979-09-20,3.7
1979-09-21,0.0
1979-09-22,0.0
1979-09-23,0.0
1979-09-24,1.0
1979-09-25,0.0
1979-09-26,0.0
1979-09-27,0.0
1979-09-28,0.0
1979-09-29,0.0
1979-09-30,0.0
1979-10-01,0.0
1979-10-02,12.9
1979-10-03,0.3
1979-10-04,0.0
1979-10-05,0.0
1979-10-06,0.0
1979-10-07,0.0
1979-10-08,0.0
1979-10-09,29.5
1979-10-10,13.4
1979-10-11,0.0
1979-10-12,0.0
1979-10-13,0.0
1979-10-14,0.5
1979-10-15,0.2
1979-10-16,0.0
1979-10-17,0.0
1979-10-18,0.0
1979-10-19,0.0
1979-10-20,0.0
1979-10-21,0.0
1979-10-22,0.0
1979-10-23,0.0
1979-10-24,0.0
1979-10-25,0.0
1979-10-26,0.0
1979-10-27,0.0
1979-10-28,11.4
1979-10-29,3.5
1979-10-30,10.3
1979-10-31,0.6
1979-11-01,3.7
1979-11-02,7.9
1979-11-03,20.5
1979-11-04,11.2
1979-11-05,9.4
1979-11-06,0.0
1979-11-07,0.0
1979-11-08,0.0
1979-11-09,
1979-11-10,
1979-11-11,88.6
1979-11-12,0.0
1979-11-13,0.0
1979-11-14,0.0
1979-11-15,0.0
1979-11-16,0.0
1979-11-17,0.0
1979-11-18,0.0
1979-11-19,0.0
1979-11-20,10.7
1979-11-21,4.0
1979-11-22,0.0
1979-11-23,0.5
1979-11-24,2.6
1979-11-25,15.3
1979-11-26,
1979-11-27,7.8
1979-11-28,1.1
1979-11-29,0.0
1979-11-30,0.0
1979-12-01,0.0
1979-12-02,0.0
1979-12-03,2.9
1979-12-04,1.2
1979-12-05,5.6
1979-12-06,0.0
1979-12-07,0.0
1979-12-08,0.0
1979-12-09,0.0
1979-12-10,0.0
1979-12-11,0.0
1979-12-12,0.0
1979-12-13,0.7
1979-12-14,6.1
1979-12-15,20.3
1979-12-16,2.6
1979-12-17,97.3
1979-12-18,1.0
1979-12-19,0.9
1979-12-20,18.1
1979-12-21,3.9
1979-12-22,4.5
1979-12-23,39.1
1979-12-24,52.0
1979-12-25,14.2
1979-12-26,3.6
1979-12-27,21.7
1979-12-28,30.3
1979-12-29,0.0
1979-12-30,0.0
1979-12-31,0.0
1980-01-01,78.8
1980-01-02,0.6
1980-01-03,0.0
1980-01-04,0.0
1980-01-05,0.0
1980-01-06,0.0
1980-01-07,0.0
1980-01-08,0.0
1980-01-09,0.0
1980-01-10,0.0
1980-01-11,21.4
1980-01-12,38.4
1980-01-13,67.0
1980-01-14,41.3
1980-01-15,5.6
1980-01-16,1.9
1980-01-17,0.3
1980-01-18,5.0
1980-01-19,0.0
1980-01-20,0.0
1980-01-21,28.5
1980-01-22,0.0
1980-01-23,0.0
1980-01-24,0.0
1980-01-25,9.2
1980-01-26,17.3
1980-01-27,30.5
1980-01-28,27.6
1980-01-29,0.0
1980-01-30,0.0
1980-01-31,0.0
1980-02-01,2.9
1980-02-02,20.8
1980-02-03,33.4
1980-02-04,18.9
1980-02-05,0.4
1980-02-06,0.0
1980-02-07,0.0
1980-02-08,0.0
1980-02-09,0.0
1980-02-10,0.0
1980-02-11,0.0
1980-02-12,0.0
1980-02-13,0.0
1980-02-14,23.6
1980-02-15,0.0
1980-02-16,28.5
1980-02-17,14.2
1980-02-18,0.0
1980-02-19,47.7
1980-02-20,37.3
1980-02-21,23.1
1980-02-22,18.5
1980-02-23,0.2
1980-02-24,0.0
1980-02-25,0.0
1980-02-26,0.0
1980-02-27,1.7
1980-02-28,5.3
1980-02-29,0.0
1980-03-01,0.0
1980-03-02,0.0
1980-03-03,0.0
1980-03-04,0.0
1980-03-05,0.0
1980-03-06,0.0
1980-03-07,0.0
1980-03-08,0.0
1980-03-09,0.0
1980-03-10,0.0
1980-03-11,0.0
1980-03-12,0.0
1980-03-13,0.0
1980-03-14,18.5
1980-03-15,16.7
1980-03-16,4.8
1980-03-17,2.7
1980-03-18,0.0
1980-03-19,0.0
1980-03-20,0.0
1980-03-21,0.0
1980-03-22,0.0
1980-03-23,0.0
1980-03-24,0.0
1980-03-25,0.0
1980-03-26,0.0
1980-03-27,0.0
1980-03-28,0.0
1980-03-29,0.0
1980-03-30,0.0
1980-03-31,58.4
1980-04-01,42.2
1980-04-02,0.0
1980-04-03,1.1
1980-04-04,10.4
1980-04-05,26.0
1980-04-06,32.3
1980-04-07,0.0
1980-04-08,0.0
1980-04-09,0.0
1980-04-10,0.0
1980-04-11,0.0
1980-04-12,4.4
1980-04-13,7.0
1980-04-14,5.0
1980-04-15,9.1
1980-04-16,51.4
1980-04-17,2.3
1980-04-18,0.0
1980-04-19,0.0
1980-04-20,0.0
1980-04-21,0.0
1980-04-22,0.0
1980-04-23,0.0
1980-04-24,0.0
1980-04-25,0.0
1980-04-26,0.0
1980-04-27,0.0
1980-04-28,0.0
1980-04-29,0.0
1980-04-30,0.0
1980-05-01,0.0
1980-05-02,0.0
1980-05-03,11.2
1980-05-04,0.0
1980-05-05,0.0
1980-05-06,0.0
1980-05-07,0.0
1980-05-08,0.0
1980-05-09,0.0
1980-05-10,0.0
1980-05-11,0.0
1980-05-12,0.0
1980-05-13,0.0
1980-05-14,0.0
1980-05-15,0.6
1980-05-16,0.0
1980-05-17,0.0
1980-05-18,0.0
1980-05-19,0.0
1980-05-20,0.0
1980-05-21,0.0
1980-05-22,0.0
1980-05-23,4.9
1980-05-24,0.0
1980-05-25,0.0
1980-05-26,0.0
1980-05-27,0.0
1980-05-28,0.0
1980-05-29,0.0
1980-05-30,0.0
1980-05-31,0.0
1980-06-01,0.0
1980-06-02,0.0
1980-06-03,14.2
1980-06-04,5.0
1980-06-05,0.0
1980-06-06,0.0
1980-06-07,0.0
1980-06-08,0.0
1980-06-09,0.0
1980-06-10,0.0
1980-06-11,0.0
1980-06-12,0.0
1980-06-13,0.0
1980-06-14,1.3
1980-06-15,0.0
1980-06-16,0.4
1980-06-17,0.0
1980-06-18,0.0
1980-06-19,0.0
1980-06-20,0.0
1980-06-21,0.0
1980-06-22,23.5
1980-06-23,7.0
1980-06-24,0.0
1980-06-25,0.0
1980-06-26,16.5
1980-06-27,30.4
1980-06-28,0.0
1980-06-29,0.0
1980-06-30,0.0
1980-07-01,0.0
1980-07-02,0.0
1980-07-03,0.0
1980-07-04,0.0
1980-07-05,17.8
1980-07-06,0.0
1980-07-07,0.0
1980-07-08,0.0
1980-07-09,0.0
1980-07-10,0.0
1980-07-11,0.0
1980-07-12,4.0
1980-07-13,0.1
1980-07-14,0.0
1980-07-15,9.7
1980-07-16,0.0
1980-07-17,0.0
1980-07-18,0.0
1980-07-19,0.0
1980-07-20,0.0
1980-07-21,0.0
1980-07-22,8.4
1980-07-23,0.0
1980-07-24,0.4
1980-07-25,0.0
1980-07-26,0.0
1980-07-27,0.0
1980-07-28,0.0
1980-07-29,0.0
1980-07-30,0.0
1980-07-31,2.3
1980-08-01,35.0
1980-08-02,0.0
1980-08-03,0.0
1980-08-04,0.0
1980-08-05,0.0
1980-08-06,0.0
1980-08-07,0.0
1980-08-08,0.0
1980-08-09,0.0
1980-08-10,3.1
1980-08-11,0.0
1980-08-12,8.6
1980-08-13,15.2
1980-08-14,0.0
1980-08-15,1.1
1980-08-16,2.4
1980-08-17,5.5
1980-08-18,0.8
1980-08-19,0.0
1980-08-20,0.0
1980-08-21,1.4
1980-08-22,0.0
1980-08-23,0.0
1980-08-24,24.5
1980-08-25,0.0
1980-08-26,12.3
1980-08-27,17.4
1980-08-28,21.9
1980-08-29,0.0
1980-08-30,0.0
1980-08-31,0.0
1980-09-01,0.0
1980-09-02,0.0
1980-09-03,0.0
1980-09-04,0.4
1980-09-05,0.0
1980-09-06,0.0
1980-09-07,0.0
1980-09-08,0.0
1980-09-09,0.0
1980-09-10,0.0
1980-09-11,27.5
1980-09-12,0.0
1980-09-13,0.0
1980-09-14,0.0
1980-09-15,0.0
1980-09-16,7.6
1980-09-17,10.9
1980-09-18,10.5
1980-09-19,0.0
1980-09-20,0.0
1980-09-21,10.3
1980-09-22,0.0
1980-09-23,0.0
1980-09-24,0.0
1980-09-25,17.0
1980-09-26,0.0
1980-09-27,0.0
1980-09-28,0.0
1980-09-29,0.0
1980-09-30,0.0
1980-10-01,0.0
1980-10-02,0.0
1980-10-03,0.0
1980-10-04,0.0
1980-10-05,0.0
1980-10-06,15.8
1980-10-07,11.3
1980-10-08,30.5
1980-10-09,6.2
1980-10-10,0.7
1980-10-11,0.0
1980-10-12,
1980-10-13,
1980-10-14,27.5
1980-10-15,1.4
1980-10-16,0.0
1980-10-17,0.0
1980-10-18,0.0
1980-10-19,0.0
1980-10-20,0.0
1980-10-21,0.0
1980-10-22,0.0
1980-10-23,45.3
1980-10-24,38.6
1980-10-25,29.2
1980-10-26,0.0
1980-10-27,0.0
1980-10-28,0.0
1980-10-29,0.0
1980-10-30,0.0
1980-10-31,0.8
1980-11-01,17.3
1980-11-02,0.0
1980-11-03,0.0
1980-11-04,0.4
1980-11-05,0.0
1980-11-06,0.0
1980-11-07,0.0
1980-11-08,9.7
1980-11-09,0.0
1980-11-10,4.0
1980-11-11,52.4
1980-11-12,70.9
1980-11-13,10.4
1980-11-14,3.2
1980-11-15,0.0
1980-11-16,0.0
1980-11-17,0.0
1980-11-18,0.0
1980-11-19,2.1
1980-11-20,0.0
1980-11-21,0.0
1980-11-22,0.0
1980-11-23,0.0
1980-11-24,6.5
1980-11-25,46.9
1980-11-26,38.8
1980-11-27,8.3
1980-11-28,0.0
1980-11-29,0.0
1980-11-30,0.9
1980-12-01,16.4
1980-12-02,0.0
1980-12-03,51.4
1980-12-04,0.0
1980-12-05,1.3
1980-12-06,2.0
1980-12-07,0.0
1980-12-08,5.8
1980-12-09,28.7
1980-12-10,0.0
1980-12-11,0.0
1980-12-12,0.0
1980-12-13,30.5
1980-12-14,0.0
1980-12-15,25.1
1980-12-16,0.0
1980-12-17,0.0
1980-12-18,0.0
1980-12-19,0.0
1980-12-20,0.0
1980-12-21,0.0
1980-12-22,0.0
1980-12-23,2.5
1980-12-24,0.0
1980-12-25,28.6
1980-12-26,7.7
1980-12-27,0.0
1980-12-28,11.5
1980-12-29,17.6
1980-12-30,25.9
1980-12-31,2.7
1981-01-01,3.2
1981-01-02,0.0
1981-01-03,12.9
1981-01-04,0.0
1981-01-05,1.3
1981-01-06,1.5
1981-01-07,0.0
1981-01-08,0.0
1981-01-09,66.4
1981-01-10,1.5
1981-01-11,
1981-01-12,51.1
1981-01-13,5.6
1981-01-14,35.4
1981-01-15,42.8
1981-01-16,33.5
1981-01-17,12.9
1981-01-18,0.0
1981-01-19,0.0
1981-01-20,0.0
1981-01-21,0.7
1981-01-22,33.1
1981-01-23,2.0
1981-01-24,0.5
1981-01-25,0.0
1981-01-26,0.0
1981-01-27,0.0
1981-01-28,0.0
1981-01-29,0.0
1981-01-30,0.0
1981-01-31,0.0
1981-02-01,0.0
1981-02-02,0.0
1981-02-03,0.0
1981-02-04,0.0
1981-02-05,0.0
1981-02-06,20.5
1981-02-07,41.0
1981-02-08,0.0
1981-02-09,0.0
1981-02-10,0.0
1981-02-11,0.0
1981-02-12,0.0
1981-02-13,0.0
1981-02-14,0.0
1981-02-15,0.0
1981-02-16,0.0
1981-02-17,0.0
1981-02-18,0.0
1981-02-19,0.0
1981-02-20,0.0
1981-02-21,0.0
1981-02-22,0.0
1981-02-23,0.0
1981-02-24,0.0
1981-02-25,0.0
1981-02-26,0.0
1981-02-27,0.0
1981-02-28,0.0
1981-03-01,0.0
1981-03-02,0.0
1981-03-03,0.0
1981-03-04,0.0
1981-03-05,57.1
1981-03-06,0.0
1981-03-07,0.0
1981-03-08,5.7
1981-03-09,53.9
1981-03-10,6.0
1981-03-11,0.2
1981-03-12,0.0
1981-03-13,0.0
1981-03-14,0.0
1981-03-15,0.0
1981-03-16,0.0
1981-03-17,10.5
1981-03-18,22.8
1981-03-19,125.3
1981-03-20,38.4
1981-03-21,4.1
1981-03-22,18.7
1981-03-23,3.5
1981-03-24,6.2
1981-03-25,0.0
1981-03-26,0.0
1981-03-27,0.0
1981-03-28,1.3
1981-03-29,12.9
1981-03-30,3.2
1981-03-31,2.4
1981-04-01,0.0
1981-04-02,6.2
1981-04-03,0.0
1981-04-04,0.0
1981-04-05,0.0
1981-04-06,0.0
1981-04-07,16.4
1981-04-08,14.2
1981-04-09,20.5
1981-04-10,6.3
1981-04-11,0.4
1981-04-12,0.0
1981-04-13,0.0
1981-04-14,0.0
1981-04-15,0.0
1981-04-16,23.1
1981-04-17,71.2
1981-04-18,52.8
1981-04-19,8.1
1981-04-20,0.2
1981-04-21,0.0
1981-04-22,0.0
1981-04-23,0.0
1981-04-24,0.0
1981-04-25,0.0
1981-04-26,0.0
1981-04-27,0.0
1981-04-28,1.6
1981-04-29,4.5
1981-04-30,0.0
1981-05-01,17.3
1981-05-02,0.0
1981-05-03,0.0
1981-05-04,0.0
1981-05-05,0.0
1981-05-06,0.0
1981-05-07,0.0
1981-05-08,0.0
1981-05-09,0.0
1981-05-10,0.0
1981-05-11,0.0
1981-05-12,0.0
1981-05-13,0.0
1981-05-14,0.0
1981-05-15,0.0
1981-05-16,0.0
1981-05-17,8.2
1981-05-18,3.7
1981-05-19,0.0
1981-05-20,1.6
1981-05-21,0.0
1981-05-22,0.0
1981-05-23,0.0
1981-05-24,0.0
1981-05-25,0.0
1981-05-26,0.2
1981-05-27,0.0
1981-05-28,0.0
1981-05-29,2.3
1981-05-30,3.5
1981-05-31,0.0
1981-06-01,0.0
1981-06-02,0.0
1981-06-03,0.0
1981-06-04,
1981-06-05,
1981-06-06,0.0
1981-06-07,15.7
1981-06-08,0.0
1981-06-09,0.0
1981-06-10,0.0
1981-06-11,0.0
1981-06-12,0.0
1981-06-13,0.0
1981-06-14,0.0
1981-06-15,0.4
1981-06-16,1.0
1981-06-17,1.5
1981-06-18,2.1
1981-06-19,1.4
1981-06-20,0.0
1981-06-21,0.0
1981-06-22,0.0
1981-06-23,0.0
1981-06-24,0.3
1981-06-25,0.0
1981-06-26,0.0
1981-06-27,0.0
1981-06-28,0.0
1981-06-29,0.0
1981-06-30,0.0
1981-07-01,0.0
1981-07-02,0.0
1981-07-03,42.2
1981-07-04,20.9
1981-07-05,9.6
1981-07-06,12.0
1981-07-07,5.0
1981-07-08,0.0
1981-07-09,0.0
1981-07-10,0.0
1981-07-11,0.0
1981-07-12,0.0
1981-07-13,0.0
1981-07-14,0.0
1981-07-15,0.0
1981-07-16,0.0
1981-07-17,0.0
1981-07-18,0.0
1981-07-19,32.4
1981-07-20,23.1
1981-07-21,0.0
1981-07-22,0.0
1981-07-23,0.0
1981-07-24,4.0
1981-07-25,0.0
1981-07-26,11.9
1981-07-27,0.0
1981-07-28,0.0
1981-07-29,0.0
1981-07-30,0.0
1981-07-31,0.0
1981-08-01,0.0
1981-08-02,0.0
1981-08-03,0.0
1981-08-04,0.0
1981-08-05,0.0
1981-08-06,0.0
1981-08-07,0.0
1981-08-08,0.0
1981-08-09,0.0
1981-08-10,45.9
1981-08-11,
1981-08-12,0.0
1981-08-13,0.0
1981-08-14,3.1
1981-08-15,7.2
1981-08-16,0.0
1981-08-17,0.0
1981-08-18,
1981-08-19,1.5
1981-08-20,0.0
1981-08-21,7.3
1981-08-22,1.5
1981-08-23,0.0
1981-08-24,0.0
1981-08-25,0.0
1981-08-26,0.4
1981-08-27,0.0
1981-08-28,2.3
1981-08-29,0.0
1981-08-30,0.0
1981-08-31,8.8
1981-09-01,41.4
1981-09-02,0.7
1981-09-03,0.0
1981-09-04,32.8
1981-09-05,0.0
1981-09-06,0.8
1981-09-07,0.4
1981-09-08,0.0
1981-09-09,0.0
1981-09-10,0.0
1981-09-11,0.0
1981-09-12,0.0
1981-09-13,0.0
1981-09-14,0.0
1981-09-15,2.7
1981-09-16,0.0
1981-09-17,0.0
1981-09-18,0.0
1981-09-19,0.0
1981-09-20,0.0
1981-09-21,0.0
1981-09-22,1.0
1981-09-23,30.5
1981-09-24,1.3
1981-09-25,0.6
1981-09-26,0.0
1981-09-27,0.0
1981-09-28,0.0
1981-09-29,1.3
1981-09-30,14.5
1981-10-01,21.8
1981-10-02,7.4
1981-10-03,0.0
1981-10-04,0.0
1981-10-05,2.1
1981-10-06,0.0
1981-10-07,2.2
1981-10-08,15.1
1981-10-09,27.5
1981-10-10,0.0
1981-10-11,0.0
1981-10-12,0.0
1981-10-13,19.3
1981-10-14,20.6
1981-10-15,3.0
1981-10-16,13.7
1981-10-17,9.6
1981-10-18,0.5
1981-10-19,0.0
1981-10-20,18.4
1981-10-21,0.0
1981-10-22,0.0
1981-10-23,0.0
1981-10-24,0.0
1981-10-25,0.0
1981-10-26,0.0
1981-10-27,19.1
1981-10-28,0.0
1981-10-29,0.0
1981-10-30,13.4
1981-10-31,2.3
1981-11-01,0.0
1981-11-02,0.0
1981-11-03,8.4
1981-11-04,4.5
1981-11-05,0.0
1981-11-06,0.0
1981-11-07,0.0
1981-11-08,12.8
1981-11-09,0.0
1981-11-10,33.4
1981-11-11,1.2
1981-11-12,4.5
1981-11-13,2.6
1981-11-14,5.1
1981-11-15,1.9
1981-11-16,0.0
1981-11-17,14.8
1981-11-18,12.3
1981-11-19,0.0
1981-11-20,0.0
1981-11-21,24.2
1981-11-22,3.1
1981-11-23,0.0
1981-11-24,0.0
1981-11-25,0.0
1981-11-26,7.9
1981-11-27,4.8
1981-11-28,0.0
1981-11-29,10.2
1981-11-30,0.0
1981-12-01,0.2
1981-12-02,10.3
1981-12-03,135.7
1981-12-04,0.0
1981-12-05,0.0
1981-12-06,6.7
1981-12-07,10.5
1981-12-08,48.2
1981-12-09,110.7
1981-12-10,25.3
1981-12-11,2.7
1981-12-12,5.1
1981-12-13,38.9
1981-12-14,0.0
1981-12-15,0.0
1981-12-16,0.0
1981-12-17,28.3
1981-12-18,1.2
1981-12-19,0.3
1981-12-20,0.0
1981-12-21,0.0
1981-12-22,0.0
1981-12-23,0.0
1981-12-24,13.1
1981-12-25,0.0
1981-12-26,4.0
1981-12-27,2.5
1981-12-28,7.7
1981-12-29,6.9
1981-12-30,0.0
1981-12-31,0.0
1982-01-01,0.0
1982-01-02,71.3
1982-01-03,123.0
1982-01-04,68.9
1982-01-05,7.4
1982-01-06,2.8
1982-01-07,0.0
1982-01-08,0.0
1982-01-09,0.0
1982-01-10,8.7
1982-01-11,0.0
1982-01-12,14.2
1982-01-13,1.7
1982-01-14,0.0
1982-01-15,0.0
1982-01-16,0.0
1982-01-17,0.0
1982-01-18,0.0
1982-01-19,7.8
1982-01-20,0.0
1982-01-21,0.0
1982-01-22,0.0
1982-01-23,19.7
1982-01-24,28.5
1982-01-25,5.6
1982-01-26,0.0
1982-01-27,0.0
1982-01-28,0.0
1982-01-29,8.7
1982-01-30,3.1
1982-01-31,0.0
1982-02-01,0.0
1982-02-02,0.0
1982-02-03,0.0
1982-02-04,0.0
1982-02-05,1.6
1982-02-06,17.3
1982-02-07,33.4
1982-02-08,0.5
1982-02-09,0.0
1982-02-10,0.0
1982-02-11,0.0
1982-02-12,0.0
1982-02-13,0.0
1982-02-14,0.0
1982-02-15,0.0
1982-02-16,0.0
1982-02-17,0.0
1982-02-18,0.0
1982-02-19,0.0
1982-02-20,0.0
1982-02-21,0.0
1982-02-22,0.0
1982-02-23,0.0
1982-02-24,24.3
1982-02-25,3.4
1982-02-26,4.6
1982-02-27,46.5
1982-02-28,3.1
1982-03-01,11.7
1982-03-02,0.0
1982-03-03,15.1
1982-03-04,18.6
1982-03-05,32.5
1982-03-06,0.0
1982-03-07,0.0
1982-03-08,3.7
1982-03-09,41.4
1982-03-10,7.5
1982-03-11,6.2
1982-03-12,8.4
1982-03-13,2.8
1982-03-14,8.4
1982-03-15,0.0
1982-03-16,2.7
1982-03-17,3.8
1982-03-18,
1982-03-19,0.0
1982-03-20,0.0
1982-03-21,0.0
1982-03-22,1.0
1982-03-23,13.9
1982-03-24,40.5
1982-03-25,2.3
1982-03-26,26.4
1982-03-27,0.3
1982-03-28,0.0
1982-03-29,0.0
1982-03-30,1.9
1982-03-31,1.6
1982-04-01,39.8
1982-04-02,7.5
1982-04-03,0.4
1982-04-04,0.0
1982-04-05,0.6
1982-04-06,11.3
1982-04-07,13.5
1982-04-08,0.0
1982-04-09,7.1
1982-04-10,0.0
1982-04-11,0.0
1982-04-12,0.0
1982-04-13,0.0
1982-04-14,6.3
1982-04-15,7.2
1982-04-16,10.5
1982-04-17,13.3
1982-04-18,0.6
1982-04-19,15.0
1982-04-20,0.0
1982-04-21,0.0
1982-04-22,0.0
1982-04-23,2.3
1982-04-24,4.6
1982-04-25,0.0
1982-04-26,0.0
1982-04-27,27.1
1982-04-28,3.6
1982-04-29,12.7
1982-04-30,0.0
1982-05-01,0.0
1982-05-02,0.0
1982-05-03,0.0
1982-05-04,20.4
1982-05-05,32.6
1982-05-06,0.0
1982-05-07,0.0
1982-05-08,0.0
1982-05-09,0.0
1982-05-10,0.0
1982-05-11,0.0
1982-05-12,0.0
1982-05-13,0.0
1982-05-14,0.0
1982-05-15,0.0
1982-05-16,0.0
1982-05-17,0.0
1982-05-18,0.0
1982-05-19,0.0
1982-05-20,20.3
1982-05-21,0.0
1982-05-22,0.0
1982-05-23,0.0
1982-05-24,0.0
1982-05-25,0.9
1982-05-26,4.6
1982-05-27,0.0
1982-05-28,4.8
1982-05-29,0.0
1982-05-30,0.0
1982-05-31,0.0
1982-06-01,0.0
1982-06-02,0.0
1982-06-03,0.5
1982-06-04,0.0
1982-06-05,0.0
1982-06-06,1.6
1982-06-07,0.0
1982-06-08,0.0
1982-06-09,0.0
1982-06-10,0.0
1982-06-11,0.0
1982-06-12,0.0
1982-06-13,11.1
1982-06-14,4.2
1982-06-15,0.0
1982-06-16,0.0
1982-06-17,2.6
1982-06-18,3.7
1982-06-19,0.0
1982-06-20,0.0
1982-06-21,0.0
1982-06-22,3.3
1982-06-23,18.8
1982-06-24,23.5
1982-06-25,18.3
1982-06-26,24.3
1982-06-27,0.0
1982-06-28,0.5
1982-06-29,0.0
1982-06-30,0.0
1982-07-01,3.0
1982-07-02,0.0
1982-07-03,0.0
1982-07-04,0.0
1982-07-05,0.0
1982-07-06,0.0
1982-07-07,0.0
1982-07-08,0.0
1982-07-09,9.1
1982-07-10,0.0
1982-07-11,0.0
1982-07-12,0.0
1982-07-13,0.0
1982-07-14,0.0
1982-07-15,0.0
1982-07-16,0.0
1982-07-17,0.0
1982-07-18,0.0
1982-07-19,14.6
1982-07-20,2.1
1982-07-21,0.0
1982-07-22,0.0
1982-07-23,0.0
1982-07-24,0.0
1982-07-25,0.0
1982-07-26,0.0
1982-07-27,0.0
1982-07-28,0.0
1982-07-29,0.0
1982-07-30,41.7
1982-07-31,3.8
1982-08-01,0.0
1982-08-02,0.0
1982-08-03,5.9
1982-08-04,0.0
1982-08-05,5.2
1982-08-06,0.0
1982-08-07,0.0
1982-08-08,0.0
1982-08-09,0.0
1982-08-10,0.0
1982-08-11,67.1
1982-08-12,
1982-08-13,0.0
1982-08-14,0.0
1982-08-15,0.0
1982-08-16,0.0
1982-08-17,0.0
1982-08-18,0.0
1982-08-19,27.8
1982-08-20,11.3
1982-08-21,0.0
1982-08-22,0.0
1982-08-23,0.0
1982-08-24,5.2
1982-08-25,0.0
1982-08-26,0.0
1982-08-27,0.0
1982-08-28,0.0
1982-08-29,0.0
1982-08-30,4.1
1982-08-31,0.0
1982-09-01,5.6
1982-09-02,45.3
1982-09-03,0.0
1982-09-04,0.0
1982-09-05,0.0
1982-09-06,53.6
1982-09-07,
1982-09-08,0.0
1982-09-09,0.0
1982-09-10,0.0
1982-09-11,0.0
1982-09-12,0.0
1982-09-13,0.0
1982-09-14,0.0
1982-09-15,0.0
1982-09-16,0.0
1982-09-17,0.0
1982-09-18,0.0
1982-09-19,0.0
1982-09-20,23.6
1982-09-21,1.3
1982-09-22,0.9
1982-09-23,0.0
1982-09-24,0.0
1982-09-25,0.0
1982-09-26,0.0
1982-09-27,0.0
1982-09-28,0.6
1982-09-29,38.9
1982-09-30,0.0
1982-10-01,0.0
1982-10-02,5.8
1982-10-03,2.5
1982-10-04,0.0
1982-10-05,0.0
1982-10-06,5.8
1982-10-07,0.0
1982-10-08,0.9
1982-10-09,51.8
1982-10-10,9.6
1982-10-11,27.4
1982-10-12,0.0
1982-10-13,15.9
1982-10-14,1.1
1982-10-15,0.0
1982-10-16,0.0
1982-10-17,0.0
1982-10-18,0.0
1982-10-19,1.6
1982-10-20,0.0
1982-10-21,0.0
1982-10-22,0.0
1982-10-23,0.0
1982-10-24,0.0
1982-10-25,0.0
1982-10-26,3.4
1982-10-27,11.6
1982-10-28,27.7
1982-10-29,22.6
1982-10-30,20.7
1982-10-31,7.9
1982-11-01,0.0
1982-11-02,0.0
1982-11-03,0.0
1982-11-04,0.0
1982-11-05,2.6
1982-11-06,0.0
1982-11-07,4.4
1982-11-08,13.4
1982-11-09,0.0
1982-11-10,0.0
1982-11-11,0.0
1982-11-12,13.4
1982-11-13,15.7
1982-11-14,22.6
1982-11-15,0.0
1982-11-16,1.8
1982-11-17,30.5
1982-11-18,10.2
1982-11-19,6.2
1982-11-20,0.0
1982-11-21,18.7
1982-11-22,3.2
1982-11-23,5.1
1982-11-24,13.0
1982-11-25,0.8
1982-11-26,3.3
1982-11-27,0.9
1982-11-28,0.5
1982-11-29,0.0
1982-11-30,0.0
1982-12-01,0.0
1982-12-02,13.3
1982-12-03,102.4
1982-12-04,71.3
1982-12-05,0.7
1982-12-06,0.0
1982-12-07,4.7
1982-12-08,36.8
1982-12-09,12.5
1982-12-10,0.0
1982-12-11,0.9
1982-12-12,0.0
1982-12-13,2.1
1982-12-14,2.7
1982-12-15,18.7
1982-12-16,4.8
1982-12-17,21.7
1982-12-18,1.2
1982-12-19,0.0
1982-12-20,3.8
1982-12-21,15.8
1982-12-22,1.9
1982-12-23,22.0
1982-12-24,3.1
1982-12-25,7.2
1982-12-26,0.0
1982-12-27,0.0
1982-12-28,0.0
1982-12-29,7.8
1982-12-30,12.4
1982-12-31,0.0
1983-01-01,0.0
1983-01-02,0.9
1983-01-03,0.0
1983-01-04,21.7
1983-01-05,4.5
1983-01-06,6.7
1983-01-07,1.2
1983-01-08,0.0
1983-01-09,11.2
1983-01-10,0.0
1983-01-11,0.0
1983-01-12,0.0
1983-01-13,3.8
1983-01-14,10.9
1983-01-15,2.6
1983-01-16,0.0
1983-01-17,0.0
1983-01-18,6.0
1983-01-19,0.4
1983-01-20,4.9
1983-01-21,3.1
1983-01-22,11.5
1983-01-23,0.0
1983-01-24,2.4
1983-01-25,0.0
1983-01-26,0.0
1983-01-27,0.0
1983-01-28,3.8
1983-01-29,0.0
1983-01-30,0.0
1983-01-31,0.0
1983-02-01,2.9
1983-02-02,24.4
1983-02-03,10.5
1983-02-04,0.0
1983-02-05,0.0
1983-02-06,0.0
1983-02-07,0.0
1983-02-08,0.0
1983-02-09,3.1
1983-02-10,0.0
1983-02-11,0.0
1983-02-12,7.6
1983-02-13,0.0
1983-02-14,35.9
1983-02-15,15.3
1983-02-16,0.0
1983-02-17,0.0
1983-02-18,0.0
1983-02-19,0.0
1983-02-20,0.0
1983-02-21,0.0
1983-02-22,0.0
1983-02-23,0.0
1983-02-24,0.0
1983-02-25,0.0
1983-02-26,0.0
1983-02-27,0.0
1983-02-28,20.6
1983-03-01,0.0
1983-03-02,50.2
1983-03-03,8.4
1983-03-04,0.0
1983-03-05,7.6
1983-03-06,1.9
1983-03-07,34.3
1983-03-08,0.7
1983-03-09,0.0
1983-03-10,0.0
1983-03-11,0.0
1983-03-12,0.0
1983-03-13,4.0
1983-03-14,50.8
1983-03-15,10.5
1983-03-16,4.7
1983-03-17,0.0
1983-03-18,0.0
1983-03-19,0.0
1983-03-20,41.6
1983-03-21,12.9
1983-03-22,14.3
1983-03-23,53.3
1983-03-24,20.5
1983-03-25,6.4
1983-03-26,0.0
1983-03-27,1.4
1983-03-28,8.7
1983-03-29,0.0
1983-03-30,0.0
1983-03-31,9.9
1983-04-01,0.0
1983-04-02,0.0
1983-04-03,0.0
1983-04-04,0.0
1983-04-05,0.0
1983-04-06,31.2
1983-04-07,82.5
1983-04-08,0.0
1983-04-09,4.5
1983-04-10,0.0
1983-04-11,0.0
1983-04-12,0.0
1983-04-13,0.0
1983-04-14,0.0
1983-04-15,0.0
1983-04-16,7.3
1983-04-17,22.8
1983-04-18,7.0
1983-04-19,0.0
1983-04-20,0.0
1983-04-21,0.0
1983-04-22,62.5
1983-04-23,17.0
1983-04-24,0.0
1983-04-25,12.7
1983-04-26,0.6
1983-04-27,0.0
1983-04-28,0.0
1983-04-29,0.0
1983-04-30,0.0
1983-05-01,0.0
1983-05-02,0.0
1983-05-03,33.1
1983-05-04,0.0
1983-05-05,0.0
1983-05-06,0.0
1983-05-07,0.0
1983-05-08,0.0
1983-05-09,1.8
1983-05-10,0.0
1983-05-11,0.0
1983-05-12,0.0
1983-05-13,43.1
1983-05-14,52.4
1983-05-15,21.7
1983-05-16,0.0
1983-05-17,0.0
1983-05-18,0.0
1983-05-19,1.3
1983-05-20,0.0
1983-05-21,0.0
1983-05-22,3.4
1983-05-23,0.0
1983-05-24,6.9
1983-05-25,2.1
1983-05-26,18.8
1983-05-27,0.0
1983-05-28,0.0
1983-05-29,40.5
1983-05-30,23.1
1983-05-31,6.4
1983-06-01,7.0
1983-06-02,6.5
1983-06-03,13.4
1983-06-04,10.6
1983-06-05,10.2
1983-06-06,29.7
1983-06-07,22.0
1983-06-08,0.0
1983-06-09,32.4
1983-06-10,23.7
1983-06-11,30.2
1983-06-12,6.8
1983-06-13,0.7
1983-06-14,
1983-06-15,
1983-06-16,0.0
1983-06-17,0.0
1983-06-18,0.0
1983-06-19,0.0
1983-06-20,0.0
1983-06-21,0.0
1983-06-22,0.0
1983-06-23,0.0
1983-06-24,0.0
1983-06-25,7.1
1983-06-26,2.7
1983-06-27,8.8
1983-06-28,0.7
1983-06-29,24.9
1983-06-30,1.4
1983-07-01,0.0
1983-07-02,0.0
1983-07-03,0.0
1983-07-04,0.0
1983-07-05,0.0
1983-07-06,0.0
1983-07-07,0.0
1983-07-08,0.0
1983-07-09,0.0
1983-07-10,0.0
1983-07-11,0.0
1983-07-12,0.0
1983-07-13,0.0
1983-07-14,0.0
1983-07-15,0.0
1983-07-16,0.0
1983-07-17,0.0
1983-07-18,9.2
1983-07-19,4.8
1983-07-20,5.0
1983-07-21,27.4
1983-07-22,0.0
1983-07-23,0.0
1983-07-24,0.0
1983-07-25,0.0
1983-07-26,0.0
1983-07-27,0.0
1983-07-28,0.0
1983-07-29,0.0
1983-07-30,0.0
1983-07-31,0.0
1983-08-01,0.5
1983-08-02,0.0
1983-08-03,9.2
1983-08-04,0.0
1983-08-05,0.0
1983-08-06,0.0
1983-08-07,0.0
1983-08-08,0.0
1983-08-09,0.0
1983-08-10,0.0
1983-08-11,0.0
1983-08-12,0.0
1983-08-13,0.0
1983-08-14,0.0
1983-08-15,0.0
1983-08-16,0.0
1983-08-17,0.0
1983-08-18,0.0
1983-08-19,3.6
1983-08-20,15.4
1983-08-21,20.5
1983-08-22,0.0
1983-08-23,0.0
1983-08-24,0.0
1983-08-25,0.0
1983-08-26,0.0
1983-08-27,0.0
1983-08-28,0.0
1983-08-29,0.0
1983-08-30,0.0
1983-08-31,0.0
1983-09-01,0.0
1983-09-02,11.3
1983-09-03,12.1
1983-09-04,9.8
1983-09-05,4.1
1983-09-06,19.2
1983-09-07,1.9
1983-09-08,11.4
1983-09-09,46.8
1983-09-10,3.2
1983-09-11,6.4
1983-09-12,23.2
1983-09-13,43.5
1983-09-14,0.0
1983-09-15,0.0
1983-09-16,52.2
1983-09-17,9.8
1983-09-18,10.6
1983-09-19,24.9
1983-09-20,28.5
1983-09-21,0.0
1983-09-22,4.4
1983-09-23,53.5
1983-09-24,10.2
1983-09-25,0.0
1983-09-26,0.7
1983-09-27,0.0
1983-09-28,0.0
1983-09-29,0.0
1983-09-30,0.0
1983-10-01,1.4
1983-10-02,4.0
1983-10-03,7.5
1983-10-04,2.7
1983-10-05,1.4
1983-10-06,0.0
1983-10-07,0.0
1983-10-08,0.0
1983-10-09,0.0
1983-10-10,0.0
1983-10-11,13.8
1983-10-12,2.7
1983-10-13,1.2
1983-10-14,18.6
1983-10-15,3.8
1983-10-16,0.0
1983-10-17,0.0
1983-10-18,0.7
1983-10-19,38.1
1983-10-20,6.8
1983-10-21,0.0
1983-10-22,0.0
1983-10-23,4.7
1983-10-24,78.5
1983-10-25,4.6
1983-10-26,0.8
1983-10-27,0.5
1983-10-28,0.0
1983-10-29,0.0
1983-10-30,0.0
1983-10-31,0.0
1983-11-01,0.0
1983-11-02,0.0
1983-11-03,8.9
1983-11-04,0.9
1983-11-05,37.4
1983-11-06,0.0
1983-11-07,0.0
1983-11-08,0.0
1983-11-09,0.0
1983-11-10,0.0
1983-11-11,0.0
1983-11-12,13.8
1983-11-13,0.0
1983-11-14,0.0
1983-11-15,30.9
1983-11-16,27.9
1983-11-17,0.0
1983-11-18,0.0
1983-11-19,0.0
1983-11-20,0.0
1983-11-21,1.7
1983-11-22,2.9
1983-11-23,8.9
1983-11-24,0.0
1983-11-25,0.0
1983-11-26,0.0
1983-11-27,0.0
1983-11-28,0.0
1983-11-29,0.0
1983-11-30,17.3
1983-12-01,0.0
1983-12-02,0.3
1983-12-03,2.5
1983-12-04,0.0
1983-12-05,0.9
1983-12-06,0.0
1983-12-07,0.0
1983-12-08,0.0
1983-12-09,0.0
1983-12-10,0.0
1983-12-11,0.0
1983-12-12,0.0
1983-12-13,5.1
1983-12-14,5.8
1983-12-15,2.6
1983-12-16,1.9
1983-12-17,4.3
1983-12-18,0.0
1983-12-19,0.0
1983-12-20,0.0
1983-12-21,0.0
1983-12-22,13.5
1983-12-23,25.5
1983-12-24,9.5
1983-12-25,39.6
1983-12-26,10.2
1983-12-27,0.0
1983-12-28,35.7
1983-12-29,0.0
1983-12-30,0.0
1983-12-31,0.0
1984-01-01,0.0
1984-01-02,0.0
1984-01-03,0.0
1984-01-04,8.5
1984-01-05,0.0
1984-01-06,7.3
1984-01-07,0.0
1984-01-08,0.0
1984-01-09,0.0
1984-01-10,0.0
1984-01-11,0.7
1984-01-12,0.0
1984-01-13,0.0
1984-01-14,0.0
1984-01-15,0.0
1984-01-16,0.0
1984-01-17,0.0
1984-01-18,0.0
1984-01-19,0.0
1984-01-20,48.1
1984-01-21,18.0
1984-01-22,49.4
1984-01-23,62.8
1984-01-24,9.2
1984-01-25,0.0
1984-01-26,4.1
1984-01-27,34.2
1984-01-28,0.0
1984-01-29,0.0
1984-01-30,0.0
1984-01-31,0.0
1984-02-01,0.0
1984-02-02,0.0
1984-02-03,0.0
1984-02-04,0.0
1984-02-05,0.0
1984-02-06,0.0
1984-02-07,0.0
1984-02-08,9.7
1984-02-09,0.0
1984-02-10,1.3
1984-02-11,0.0
1984-02-12,0.0
1984-02-13,0.0
1984-02-14,0.0
1984-02-15,0.0
1984-02-16,0.0
1984-02-17,0.0
1984-02-18,0.0
1984-02-19,0.0
1984-02-20,0.0
1984-02-21,0.0
1984-02-22,0.0
1984-02-23,0.0
1984-02-24,0.0
1984-02-25,0.0
1984-02-26,0.0
1984-02-27,0.0
1984-02-28,0.0
1984-02-29,0.0
1984-03-01,0.0
1984-03-02,0.0
1984-03-03,0.0
1984-03-04,0.0
1984-03-05,0.0
1984-03-06,0.0
1984-03-07,2.6
1984-03-08,4.6
1984-03-09,0.0
1984-03-10,0.0
1984-03-11,0.0
1984-03-12,0.0
1984-03-13,0.0
1984-03-14,20.3
1984-03-15,0.0
1984-03-16,0.0
1984-03-17,0.0
1984-03-18,0.0
1984-03-19,0.0
1984-03-20,0.0
1984-03-21,0.0
1984-03-22,16.7
1984-03-23,10.8
1984-03-24,0.0
1984-03-25,0.0
1984-03-26,0.0
1984-03-27,0.0
1984-03-28,0.0
1984-03-29,0.0
1984-03-30,36.2
1984-03-31,80.4
1984-04-01,0.0
1984-04-02,0.0
1984-04-03,0.0
1984-04-04,19.6
1984-04-05,21.8
1984-04-06,0.0
1984-04-07,9.0
1984-04-08,1.3
1984-04-09,0.0
1984-04-10,9.4
1984-04-11,11.6
1984-04-12,0.5
1984-04-13,0.0
1984-04-14,0.0
1984-04-15,0.0
1984-04-16,0.0
1984-04-17,0.0
1984-04-18,0.0
1984-04-19,0.0
1984-04-20,0.0
1984-04-21,0.0
1984-04-22,0.0
1984-04-23,0.0
1984-04-24,0.0
1984-04-25,21.4
1984-04-26,5.7
1984-04-27,0.0
1984-04-28,7.9
1984-04-29,0.0
1984-04-30,3.1
1984-05-01,9.4
1984-05-02,18.5
1984-05-03,13.8
1984-05-04,0.6
1984-05-05,0.0
1984-05-06,0.0
1984-05-07,0.0
1984-05-08,0.0
1984-05-09,0.0
1984-05-10,0.0
1984-05-11,42.8
1984-05-12,0.0
1984-05-13,4.5
1984-05-14,11.8
1984-05-15,16.5
1984-05-16,1.1
1984-05-17,14.7
1984-05-18,0.0
1984-05-19,0.0
1984-05-20,0.0
1984-05-21,0.0
1984-05-22,0.0
1984-05-23,0.0
1984-05-24,0.0
1984-05-25,0.0
1984-05-26,0.0
1984-05-27,0.0
1984-05-28,0.0
1984-05-29,0.0
1984-05-30,0.0
1984-05-31,0.0
1984-06-01,0.0
1984-06-02,0.0
1984-06-03,0.0
1984-06-04,0.0
1984-06-05,0.0
1984-06-06,0.0
1984-06-07,0.0
1984-06-08,0.0
1984-06-09,0.0
1984-06-10,0.0
1984-06-11,0.0
1984-06-12,0.0
1984-06-13,0.0
1984-06-14,0.4
1984-06-15,0.7
1984-06-16,0.0
1984-06-17,0.0
1984-06-18,0.0
1984-06-19,0.0
1984-06-20,0.0
1984-06-21,0.0
1984-06-22,0.0
1984-06-23,0.0
1984-06-24,0.0
1984-06-25,0.0
1984-06-26,0.0
1984-06-27,0.0
1984-06-28,12.5
1984-06-29,5.3
1984-06-30,0.9
1984-07-01,0.0
1984-07-02,0.0
1984-07-03,0.0
1984-07-04,0.7
1984-07-05,0.0
1984-07-06,0.0
1984-07-07,0.0
1984-07-08,13.9
1984-07-09,0.0
1984-07-10,0.0
1984-07-11,0.0
1984-07-12,0.0
1984-07-13,0.0
1984-07-14,21.5
1984-07-15,25.1
1984-07-16,0.0
1984-07-17,1.6
1984-07-18,0.0
1984-07-19,0.0
1984-07-20,0.0
1984-07-21,0.0
1984-07-22,1.3
1984-07-23,0.0
1984-07-24,3.9
1984-07-25,0.0
1984-07-26,4.1
1984-07-27,0.0
1984-07-28,5.8
1984-07-29,1.9
1984-07-30,25.0
1984-07-31,1.3
1984-08-01,0.0
1984-08-02,0.0
1984-08-03,21.9
1984-08-04,0.0
1984-08-05,1.3
1984-08-06,0.0
1984-08-07,0.0
1984-08-08,9.1
1984-08-09,3.9
1984-08-10,3.4
1984-08-11,0.0
1984-08-12,0.0
1984-08-13,0.0
1984-08-14,1.7
1984-08-15,4.6
1984-08-16,20.9
1984-08-17,22.8
1984-08-18,4.3
1984-08-19,1.9
1984-08-20,0.0
1984-08-21,1.4
1984-08-22,23.9
1984-08-23,0.0
1984-08-24,0.0
1984-08-25,0.8
1984-08-26,10.5
1984-08-27,0.0
1984-08-28,0.0
1984-08-29,0.0
1984-08-30,0.0
1984-08-31,0.0
1984-09-01,0.0
1984-09-02,0.0
1984-09-03,0.0
1984-09-04,0.0
1984-09-05,0.0
1984-09-06,0.0
1984-09-07,0.0
1984-09-08,4.9
1984-09-09,23.1
1984-09-10,0.0
1984-09-11,0.0
1984-09-12,0.0
1984-09-13,0.0
1984-09-14,0.0
1984-09-15,0.0
1984-09-16,0.0
1984-09-17,0.0
1984-09-18,3.6
1984-09-19,0.0
1984-09-20,0.0
1984-09-21,20.9
1984-09-22,0.0
1984-09-23,0.0
1984-09-24,0.0
1984-09-25,0.7
1984-09-26,0.0
1984-09-27,26.2
1984-09-28,0.0
1984-09-29,2.4
1984-09-30,0.0
1984-10-01,4.8
1984-10-02,0.0
1984-10-03,0.0
1984-10-04,0.0
1984-10-05,0.0
1984-10-06,0.0
1984-10-07,2.1
1984-10-08,22.8
1984-10-09,6.1
1984-10-10,0.0
1984-10-11,0.0
1984-10-12,0.0
1984-10-13,0.0
1984-10-14,2.0
1984-10-15,6.2
1984-10-16,0.0
1984-10-17,0.0
1984-10-18,0.0
1984-10-19,74.0
1984-10-20,57.5
1984-10-21,4.2
1984-10-22,0.0
1984-10-23,0.0
1984-10-24,0.0
1984-10-25,5.4
1984-10-26,3.0
1984-10-27,0.0
1984-10-28,0.0
1984-10-29,0.0
1984-10-30,0.0
1984-10-31,0.0
1984-11-01,29.8
1984-11-02,8.2
1984-11-03,0.0
1984-11-04,0.0
1984-11-05,2.4
1984-11-06,5.8
1984-11-07,1.3
1984-11-08,0.0
1984-11-09,0.0
1984-11-10,6.5
1984-11-11,0.2
1984-11-12,4.1
1984-11-13,8.7
1984-11-14,20.3
1984-11-15,0.0
1984-11-16,20.8
1984-11-17,0.0
1984-11-18,3.8
1984-11-19,34.0
1984-11-20,2.3
1984-11-21,8.1
1984-11-22,0.0
1984-11-23,0.0
1984-11-24,0.0
1984-11-25,0.9
1984-11-26,1.1
1984-11-27,0.0
1984-11-28,0.0
1984-11-29,0.0
1984-11-30,0.0
1984-12-01,0.0
1984-12-02,4.2
1984-12-03,6.8
1984-12-04,12.1
1984-12-05,1.2
1984-12-06,0.0
1984-12-07,0.0
1984-12-08,26.3
1984-12-09,2.7
1984-12-10,0.0
1984-12-11,0.0
1984-12-12,0.0
1984-12-13,0.0
1984-12-14,0.8
1984-12-15,72.3
1984-12-16,33.1
1984-12-17,20.3
1984-12-18,2.4
1984-12-19,0.0
1984-12-20,0.0
1984-12-21,0.0
1984-12-22,11.7
1984-12-23,0.0
1984-12-24,0.0
1984-12-25,0.0
1984-12-26,4.5
1984-12-27,0.0
1984-12-28,0.0
1984-12-29,0.0
1984-12-30,0.0
1984-12-31,12.3
1985-01-01,0.0
1985-01-02,13.2
1985-01-03,26.5
1985-01-04,119.7
1985-01-05,0.0
1985-01-06,0.0
1985-01-07,1.8
1985-01-08,3.9
1985-01-09,44.2
1985-01-10,0.0
1985-01-11,0.0
1985-01-12,0.0
1985-01-13,0.0
1985-01-14,76.7
1985-01-15,0.0
1985-01-16,0.0
1985-01-17,15.4
1985-01-18,12.2
1985-01-19,13.4
1985-01-20,0.5
1985-01-21,0.0
1985-01-22,0.0
1985-01-23,0.0
1985-01-24,120.4
1985-01-25,40.8
1985-01-26,0.0
1985-01-27,0.6
1985-01-28,13.9
1985-01-29,0.0
1985-01-30,0.0
1985-01-31,23.4
1985-02-01,8.8
1985-02-02,49.4
1985-02-03,1.3
1985-02-04,0.0
1985-02-05,22.9
1985-02-06,2.0
1985-02-07,0.0
1985-02-08,1.9
1985-02-09,0.0
1985-02-10,0.0
1985-02-11,0.0
1985-02-12,0.0
1985-02-13,8.8
1985-02-14,5.5
1985-02-15,0.7
1985-02-16,0.0
1985-02-17,0.0
1985-02-18,0.0
1985-02-19,0.0
1985-02-20,0.0
1985-02-21,0.0
1985-02-22,0.0
1985-02-23,92.3
1985-02-24,83.4
1985-02-25,61.2
1985-02-26,8.7
1985-02-27,6.4
1985-02-28,201.5
1985-03-01,6.1
1985-03-02,10.4
1985-03-03,5.6
1985-03-04,86.4
1985-03-05,16.5
1985-03-06,3.1
1985-03-07,18.5
1985-03-08,0.0
1985-03-09,0.0
1985-03-10,0.0
1985-03-11,24.9
1985-03-12,0.0
1985-03-13,0.0
1985-03-14,0.0
1985-03-15,0.0
1985-03-16,19.7
1985-03-17,55.4
1985-03-18,10.2
1985-03-19,20.5
1985-03-20,0.0
1985-03-21,0.0
1985-03-22,0.0
1985-03-23,0.0
1985-03-24,0.0
1985-03-25,0.0
1985-03-26,13.8
1985-03-27,0.0
1985-03-28,0.0
1985-03-29,0.0
1985-03-30,0.0
1985-03-31,103.2
1985-04-01,113.4
1985-04-02,2.5
1985-04-03,0.0
1985-04-04,0.0
1985-04-05,15.7
1985-04-06,0.0
1985-04-07,0.0
1985-04-08,0.0
1985-04-09,0.0
1985-04-10,0.4
1985-04-11,0.0
1985-04-12,42.1
1985-04-13,33.8
1985-04-14,4.3
1985-04-15,0.0
1985-04-16,0.0
1985-04-17,3.3
1985-04-18,6.4
1985-04-19,44.1
1985-04-20,7.0
1985-04-21,0.0
1985-04-22,0.0
1985-04-23,0.0
1985-04-24,0.0
1985-04-25,0.0
1985-04-26,0.0
1985-04-27,0.0
1985-04-28,0.0
1985-04-29,0.0
1985-04-30,0.0
1985-05-01,40.8
1985-05-02,32.2
1985-05-03,6.1
1985-05-04,0.0
1985-05-05,0.0
1985-05-06,0.0
1985-05-07,0.0
1985-05-08,0.0
1985-05-09,0.0
1985-05-10,16.1
1985-05-11,0.0
1985-05-12,0.0
1985-05-13,0.0
1985-05-14,0.0
1985-05-15,0.0
1985-05-16,0.0
1985-05-17,0.0
1985-05-18,0.0
1985-05-19,0.0
1985-05-20,0.0
1985-05-21,20.4
1985-05-22,34.8
1985-05-23,23.7
1985-05-24,0.0
1985-05-25,0.0
1985-05-26,0.0
1985-05-27,0.0
1985-05-28,0.0
1985-05-29,0.0
1985-05-30,5.8
1985-05-31,0.0
1985-06-01,0.0
1985-06-02,0.0
1985-06-03,0.7
1985-06-04,42.9
1985-06-05,0.0
1985-06-06,0.0
1985-06-07,0.0
1985-06-08,0.0
1985-06-09,0.0
1985-06-10,2.6
1985-06-11,0.0
1985-06-12,0.0
1985-06-13,0.0
1985-06-14,0.0
1985-06-15,0.0
1985-06-16,0.0
1985-06-17,0.0
1985-06-18,0.0
1985-06-19,0.0
1985-06-20,0.0
1985-06-21,0.0
1985-06-22,0.0
1985-06-23,0.0
1985-06-24,0.0
1985-06-25,0.0
1985-06-26,3.4
1985-06-27,0.0
1985-06-28,0.0
1985-06-29,0.0
1985-06-30,0.0
1985-07-01,0.0
1985-07-02,0.0
1985-07-03,0.0
1985-07-04,0.0
1985-07-05,0.0
1985-07-06,0.0
1985-07-07,2.9
1985-07-08,0.0
1985-07-09,0.8
1985-07-10,0.0
1985-07-11,18.5
1985-07-12,0.0
1985-07-13,0.0
1985-07-14,0.0
1985-07-15,0.0
1985-07-16,0.0
1985-07-17,0.0
1985-07-18,0.0
1985-07-19,0.0
1985-07-20,0.0
1985-07-21,0.0
1985-07-22,0.0
1985-07-23,0.0
1985-07-24,0.0
1985-07-25,0.0
1985-07-26,0.0
1985-07-27,0.0
1985-07-28,0.0
1985-07-29,0.0
1985-07-30,0.0
1985-07-31,0.0
1985-08-01,0.0
1985-08-02,0.0
1985-08-03,0.0
1985-08-04,0.0
1985-08-05,0.0
1985-08-06,0.0
1985-08-07,0.0
1985-08-08,0.0
1985-08-09,0.0
1985-08-10,0.0
1985-08-11,0.0
1985-08-12,10.3
1985-08-13,0.0
1985-08-14,2.4
1985-08-15,0.0
1985-08-16,0.0
1985-08-17,0.0
1985-08-18,0.0
1985-08-19,0.0
1985-08-20,0.0
1985-08-21,1.6
1985-08-22,12.9
1985-08-23,9.7
1985-08-24,0.0
1985-08-25,0.0
1985-08-26,0.0
1985-08-27,0.0
1985-08-28,0.0
1985-08-29,0.0
1985-08-30,0.0
1985-08-31,5.8
1985-09-01,12.6
1985-09-02,40.9
1985-09-03,2.4
1985-09-04,0.0
1985-09-05,1.3
1985-09-06,24.8
1985-09-07,3.6
1985-09-08,0.0
1985-09-09,0.0
1985-09-10,0.0
1985-09-11,0.0
1985-09-12,0.0
1985-09-13,0.0
1985-09-14,0.0
1985-09-15,0.0
1985-09-16,0.0
1985-09-17,0.0
1985-09-18,0.4
1985-09-19,0.0
1985-09-20,0.0
1985-09-21,12.7
1985-09-22,2.2
1985-09-23,0.0
1985-09-24,9.4
1985-09-25,0.0
1985-09-26,0.0
1985-09-27,1.6
1985-09-28,1.9
1985-09-29,2.0
1985-09-30,28.7
1985-10-01,8.9
1985-10-02,0.7
1985-10-03,1.9
1985-10-04,0.0
1985-10-05,0.0
1985-10-06,0.0
1985-10-07,0.0
1985-10-08,3.0
1985-10-09,0.0
1985-10-10,0.0
1985-10-11,0.0
1985-10-12,0.0
1985-10-13,0.0
1985-10-14,0.0
1985-10-15,0.0
1985-10-16,0.0
1985-10-17,0.0
1985-10-18,7.6
1985-10-19,12.3
1985-10-20,0.0
1985-10-21,0.0
1985-10-22,0.0
1985-10-23,8.8
1985-10-24,0.0
1985-10-25,2.0
1985-10-26,0.0
1985-10-27,0.0
1985-10-28,1.9
1985-10-29,0.0
1985-10-30,0.0
1985-10-31,0.0
1985-11-01,0.0
1985-11-02,4.1
1985-11-03,32.1
1985-11-04,65.9
1985-11-05,65.0
1985-11-06,0.0
1985-11-07,0.0
1985-11-08,0.0
1985-11-09,0.0
1985-11-10,0.0
1985-11-11,0.0
1985-11-12,0.0
1985-11-13,0.0
1985-11-14,0.0
1985-11-15,0.0
1985-11-16,0.0
1985-11-17,0.0
1985-11-18,0.0
1985-11-19,0.0
1985-11-20,0.0
1985-11-21,0.0
1985-11-22,8.7
1985-11-23,6.5
1985-11-24,0.0
1985-11-25,9.1
1985-11-26,0.0
1985-11-27,0.0
1985-11-28,0.0
1985-11-29,0.0
1985-11-30,0.0
1985-12-01,0.0
1985-12-02,0.0
1985-12-03,8.9
1985-12-04,43.6
1985-12-05,16.4
1985-12-06,0.0
1985-12-07,0.0
1985-12-08,0.0
1985-12-09,0.0
1985-12-10,0.0
1985-12-11,0.0
1985-12-12,0.0
1985-12-13,0.0
1985-12-14,0.0
1985-12-15,2.2
1985-12-16,0.0
1985-12-17,0.0
1985-12-18,0.0
1985-12-19,
1985-12-20,
1985-12-21,
1985-12-22,
1985-12-23,
1985-12-24,5.9
1985-12-25,39.5
1985-12-26,0.0
1985-12-27,0.0
1985-12-28,36.3
1985-12-29,0.0
1985-12-30,0.0
1985-12-31,0.0
1986-01-01,0.0
1986-01-02,0.0
1986-01-03,4.1
1986-01-04,0.0
1986-01-05,0.0
1986-01-06,0.0
1986-01-07,0.0
1986-01-08,0.0
1986-01-09,2.4
1986-01-10,0.0
1986-01-11,0.0
1986-01-12,0.0
1986-01-13,0.0
1986-01-14,0.0
1986-01-15,28.6
1986-01-16,0.0
1986-01-17,0.0
1986-01-18,0.0
1986-01-19,0.0
1986-01-20,92.3
1986-01-21,34.3
1986-01-22,11.9
1986-01-23,0.0
1986-01-24,0.0
1986-01-25,0.0
1986-01-26,0.0
1986-01-27,13.2
1986-01-28,9.4
1986-01-29,4.6
1986-01-30,0.0
1986-01-31,0.0
1986-02-01,0.0
1986-02-02,0.0
1986-02-03,48.1
1986-02-04,18.9
1986-02-05,0.0
1986-02-06,0.0
1986-02-07,0.0
1986-02-08,6.7
1986-02-09,0.0
1986-02-10,2.1
1986-02-11,14.3
1986-02-12,9.4
1986-02-13,86.3
1986-02-14,0.0
1986-02-15,4.6
1986-02-16,9.1
1986-02-17,0.0
1986-02-18,0.0
1986-02-19,29.1
1986-02-20,4.9
1986-02-21,33.2
1986-02-22,0.0
1986-02-23,0.0
1986-02-24,0.0
1986-02-25,0.0
1986-02-26,6.1
1986-02-27,1.7
1986-02-28,0.0
1986-03-01,0.0
1986-03-02,34.3
1986-03-03,0.0
1986-03-04,1.5
1986-03-05,0.0
1986-03-06,0.0
1986-03-07,34.1
1986-03-08,43.9
1986-03-09,32.2
1986-03-10,0.0
1986-03-11,0.0
1986-03-12,0.0
1986-03-13,0.0
1986-03-14,0.0
1986-03-15,0.0
1986-03-16,0.0
1986-03-17,0.0
1986-03-18,1.5
1986-03-19,0.0
1986-03-20,297.0
1986-03-21,0.0
1986-03-22,0.0
1986-03-23,0.0
1986-03-24,0.0
1986-03-25,5.9
1986-03-26,42.8
1986-03-27,32.4
1986-03-28,0.0
1986-03-29,0.0
1986-03-30,3.0
1986-03-31,0.0
1986-04-01,0.0
1986-04-02,0.0
1986-04-03,0.0
1986-04-04,0.0
1986-04-05,0.0
1986-04-06,0.0
1986-04-07,3.6
1986-04-08,28.9
1986-04-09,0.0
1986-04-10,0.0
1986-04-11,0.0
1986-04-12,0.0
1986-04-13,0.0
1986-04-14,0.0
1986-04-15,2.1
1986-04-16,98.5
1986-04-17,44.7
1986-04-18,0.0
1986-04-19,0.0
1986-04-20,0.0
1986-04-21,0.0
1986-04-22,0.0
1986-04-23,1.9
1986-04-24,17.3
1986-04-25,0.0
1986-04-26,0.0
1986-04-27,7.8
1986-04-28,29.0
1986-04-29,7.1
1986-04-30,0.0
1986-05-01,0.0
1986-05-02,0.0
1986-05-03,0.0
1986-05-04,0.0
1986-05-05,0.0
1986-05-06,0.0
1986-05-07,9.8
1986-05-08,2.7
1986-05-09,5.3
1986-05-10,0.0
1986-05-11,3.7
1986-05-12,0.0
1986-05-13,5.8
1986-05-14,7.1
1986-05-15,55.2
1986-05-16,0.0
1986-05-17,0.0
1986-05-18,0.0
1986-05-19,12.9
1986-05-20,0.0
1986-05-21,2.2
1986-05-22,20.0
1986-05-23,1.5
1986-05-24,0.0
1986-05-25,0.0
1986-05-26,5.9
1986-05-27,0.0
1986-05-28,0.0
1986-05-29,0.0
1986-05-30,0.0
1986-05-31,4.5
1986-06-01,1.4
1986-06-02,0.0
1986-06-03,0.0
1986-06-04,0.0
1986-06-05,0.0
1986-06-06,0.0
1986-06-07,0.0
1986-06-08,2.5
1986-06-09,0.0
1986-06-10,0.0
1986-06-11,0.0
1986-06-12,0.0
1986-06-13,0.0
1986-06-14,0.0
1986-06-15,0.0
1986-06-16,0.0
1986-06-17,0.0
1986-06-18,0.0
1986-06-19,0.0
1986-06-20,0.0
1986-06-21,0.0
1986-06-22,0.0
1986-06-23,0.0
1986-06-24,0.0
1986-06-25,0.0
1986-06-26,0.0
1986-06-27,0.0
1986-06-28,0.0
1986-06-29,0.0
1986-06-30,0.0
1986-07-01,0.0
1986-07-02,2.5
1986-07-03,93.6
1986-07-04,12.9
1986-07-05,0.0
1986-07-06,0.0
1986-07-07,98.5
1986-07-08,0.0
1986-07-09,0.0
1986-07-10,0.0
1986-07-11,0.0
1986-07-12,0.0
1986-07-13,0.0
1986-07-14,0.0
1986-07-15,0.0
1986-07-16,0.0
1986-07-17,0.0
1986-07-18,0.0
1986-07-19,0.0
1986-07-20,0.0
1986-07-21,0.0
1986-07-22,47.2
1986-07-23,9.7
1986-07-24,0.5
1986-07-25,0.0
1986-07-26,0.0
1986-07-27,0.0
1986-07-28,0.0
1986-07-29,1.0
1986-07-30,0.0
1986-07-31,0.0
1986-08-01,21.3
1986-08-02,1.2
1986-08-03,0.0
1986-08-04,0.0
1986-08-05,0.0
1986-08-06,0.0
1986-08-07,0.0
1986-08-08,0.0
1986-08-09,0.0
1986-08-10,0.0
1986-08-11,0.0
1986-08-12,0.0
1986-08-13,12.5
1986-08-14,0.0
1986-08-15,0.0
1986-08-16,0.0
1986-08-17,6.8
1986-08-18,0.7
1986-08-19,10.9
1986-08-20,6.3
1986-08-21,19.3
1986-08-22,1.1
1986-08-23,2.1
1986-08-24,0.0
1986-08-25,1.1
1986-08-26,0.0
1986-08-27,0.0
1986-08-28,0.0
1986-08-29,0.0
1986-08-30,0.0
1986-08-31,18.7
1986-09-01,0.7
1986-09-02,0.0
1986-09-03,0.0
1986-09-04,0.0
1986-09-05,0.0
1986-09-06,0.8
1986-09-07,0.0
1986-09-08,0.0
1986-09-09,0.0
1986-09-10,0.0
1986-09-11,0.0
1986-09-12,0.0
1986-09-13,0.0
1986-09-14,0.0
1986-09-15,0.0
1986-09-16,0.0
1986-09-17,0.0
1986-09-18,0.0
1986-09-19,1.3
1986-09-20,23.5
1986-09-21,74.7
1986-09-22,1.1
1986-09-23,0.0
1986-09-24,0.0
1986-09-25,9.1
1986-09-26,19.3
1986-09-27,64.8
1986-09-28,12.6
1986-09-29,0.0
1986-09-30,0.0
1986-10-01,3.7
1986-10-02,0.0
1986-10-03,0.0
1986-10-04,0.0
1986-10-05,0.0
1986-10-06,0.0
1986-10-07,0.0
1986-10-08,0.0
1986-10-09,1.4
1986-10-10,0.0
1986-10-11,8.1
1986-10-12,0.0
1986-10-13,0.3
1986-10-14,0.8
1986-10-15,0.0
1986-10-16,0.0
1986-10-17,0.0
1986-10-18,0.3
1986-10-19,56.8
1986-10-20,35.3
1986-10-21,4.8
1986-10-22,8.2
1986-10-23,5.9
1986-10-24,1.8
1986-10-25,0.0
1986-10-26,0.0
1986-10-27,0.0
1986-10-28,0.0
1986-10-29,0.0
1986-10-30,0.0
1986-10-31,0.0
1986-11-01,0.0
1986-11-02,0.0
1986-11-03,0.0
1986-11-04,0.0
1986-11-05,5.9
1986-11-06,24.6
1986-11-07,3.1
1986-11-08,62.5
1986-11-09,13.6
1986-11-10,0.0
1986-11-11,21.3
1986-11-12,54.9
1986-11-13,9.3
1986-11-14,1.4
1986-11-15,0.0
1986-11-16,0.0
1986-11-17,0.0
1986-11-18,0.0
1986-11-19,0.0
1986-11-20,0.0
1986-11-21,0.0
1986-11-22,0.0
1986-11-23,0.0
1986-11-24,0.0
1986-11-25,0.0
1986-11-26,2.1
1986-11-27,2.8
1986-11-28,0.0
1986-11-29,0.0
1986-11-30,0.0
1986-12-01,60.3
1986-12-02,34.3
1986-12-03,0.0
1986-12-04,50.2
1986-12-05,36.7
1986-12-06,50.3
1986-12-07,0.0
1986-12-08,0.5
1986-12-09,49.7
1986-12-10,0.0
1986-12-11,0.0
1986-12-12,0.0
1986-12-13,0.0
1986-12-14,0.0
1986-12-15,1.4
1986-12-16,1.1
1986-12-17,11.3
1986-12-18,0.0
1986-12-19,190.3
1986-12-20,96.6
1986-12-21,5.7
1986-12-22,0.0
1986-12-23,28.0
1986-12-24,0.0
1986-12-25,1.9
1986-12-26,3.0
1986-12-27,22.8
1986-12-28,21.4
1986-12-29,26.4
1986-12-30,18.7
1986-12-31,9.2
1987-01-01,0.0
1987-01-02,0.0
1987-01-03,23.3
1987-01-04,7.5
1987-01-05,5.8
1987-01-06,0.0
1987-01-07,0.0
1987-01-08,0.0
1987-01-09,0.0
1987-01-10,0.0
1987-01-11,0.0
1987-01-12,32.3
1987-01-13,1.1
1987-01-14,0.0
1987-01-15,0.0
1987-01-16,1.8
1987-01-17,79.2
1987-01-18,0.0
1987-01-19,23.7
1987-01-20,4.8
1987-01-21,0.0
1987-01-22,0.0
1987-01-23,1.9
1987-01-24,0.0
1987-01-25,77.8
1987-01-26,10.9
1987-01-27,0.8
1987-01-28,5.9
1987-01-29,34.1
1987-01-30,11.3
1987-01-31,0.0
1987-02-01,0.0
1987-02-02,0.0
1987-02-03,13.5
1987-02-04,2.7
1987-02-05,2.5
1987-02-06,4.9
1987-02-07,1.8
1987-02-08,0.0
1987-02-09,0.0
1987-02-10,48.0
1987-02-11,0.0
1987-02-12,0.0
1987-02-13,8.5
1987-02-14,0.0
1987-02-15,26.3
1987-02-16,0.0
1987-02-17,0.0
1987-02-18,0.0
1987-02-19,0.0
1987-02-20,0.0
1987-02-21,0.0
1987-02-22,0.0
1987-02-23,0.0
1987-02-24,0.0
1987-02-25,0.0
1987-02-26,0.0
1987-02-27,0.0
1987-02-28,0.0
1987-03-01,0.0
1987-03-02,0.0
1987-03-03,0.0
1987-03-04,0.0
1987-03-05,0.0
1987-03-06,0.0
1987-03-07,0.0
1987-03-08,0.0
1987-03-09,18.2
1987-03-10,12.3
1987-03-11,23.2
1987-03-12,2.8
1987-03-13,1.8
1987-03-14,7.1
1987-03-15,0.0
1987-03-16,0.0
1987-03-17,17.3
1987-03-18,3.7
1987-03-19,0.0
1987-03-20,0.0
1987-03-21,0.0
1987-03-22,0.0
1987-03-23,0.0
1987-03-24,0.0
1987-03-25,0.0
1987-03-26,0.0
1987-03-27,0.0
1987-03-28,0.0
1987-03-29,0.0
1987-03-30,21.3
1987-03-31,0.0
1987-04-01,0.0
1987-04-02,0.0
1987-04-03,112.8
1987-04-04,192.6
1987-04-05,87.5
1987-04-06,52.2
1987-04-07,0.0
1987-04-08,0.0
1987-04-09,3.3
1987-04-10,2.0
1987-04-11,0.0
1987-04-12,0.0
1987-04-13,0.0
1987-04-14,0.0
1987-04-15,0.0
1987-04-16,0.0
1987-04-17,0.0
1987-04-18,0.0
1987-04-19,0.0
1987-04-20,0.0
1987-04-21,2.1
1987-04-22,4.2
1987-04-23,0.0
1987-04-24,2.1
1987-04-25,4.2
1987-04-26,2.0
1987-04-27,74.1
1987-04-28,0.0
1987-04-29,0.0
1987-04-30,0.0
1987-05-01,0.0
1987-05-02,0.0
1987-05-03,0.0
1987-05-04,0.0
1987-05-05,33.5
1987-05-06,38.4
1987-05-07,0.0
1987-05-08,0.0
1987-05-09,38.5
1987-05-10,17.7
1987-05-11,0.0
1987-05-12,0.0
1987-05-13,0.0
1987-05-14,0.0
1987-05-15,0.0
1987-05-16,0.0
1987-05-17,6.8
1987-05-18,9.7
1987-05-19,0.0
1987-05-20,13.7
1987-05-21,19.1
1987-05-22,0.0
1987-05-23,0.0
1987-05-24,0.0
1987-05-25,30.8
1987-05-26,0.0
1987-05-27,0.0
1987-05-28,0.0
1987-05-29,0.0
1987-05-30,2.3
1987-05-31,0.0
1987-06-01,0.0
1987-06-02,0.0
1987-06-03,0.0
1987-06-04,0.0
1987-06-05,0.0
1987-06-06,0.0
1987-06-07,31.5
1987-06-08,0.0
1987-06-09,31.9
1987-06-10,0.0
1987-06-11,0.0
1987-06-12,0.0
1987-06-13,0.0
1987-06-14,0.0
1987-06-15,27.5
1987-06-16,19.7
1987-06-17,3.8
1987-06-18,0.0
1987-06-19,0.0
1987-06-20,0.0
1987-06-21,0.0
1987-06-22,0.0
1987-06-23,0.0
1987-06-24,9.6
1987-06-25,0.0
1987-06-26,0.0
1987-06-27,0.0
1987-06-28,0.0
1987-06-29,0.0
1987-06-30,0.0
1987-07-01,0.0
1987-07-02,0.0
1987-07-03,0.0
1987-07-04,0.0
1987-07-05,0.0
1987-07-06,0.0
1987-07-07,0.0
1987-07-08,0.0
1987-07-09,0.0
1987-07-10,3.3
1987-07-11,0.0
1987-07-12,0.0
1987-07-13,0.0
1987-07-14,0.0
1987-07-15,0.0
1987-07-16,0.0
1987-07-17,0.0
1987-07-18,0.0
1987-07-19,0.0
1987-07-20,11.3
1987-07-21,0.7
1987-07-22,14.5
1987-07-23,0.0
1987-07-24,0.0
1987-07-25,0.0
1987-07-26,0.0
1987-07-27,0.0
1987-07-28,0.0
1987-07-29,0.0
1987-07-30,0.0
1987-07-31,0.0
1987-08-01,13.8
1987-08-02,0.0
1987-08-03,0.0
1987-08-04,0.0
1987-08-05,0.0
1987-08-06,0.0
1987-08-07,0.0
1987-08-08,0.0
1987-08-09,0.0
1987-08-10,0.0
1987-08-11,0.0
1987-08-12,0.0
1987-08-13,0.0
1987-08-14,0.0
1987-08-15,0.0
1987-08-16,0.0
1987-08-17,0.0
1987-08-18,9.5
1987-08-19,0.0
1987-08-20,0.0
1987-08-21,0.0
1987-08-22,13.1
1987-08-23,3.4
1987-08-24,0.0
1987-08-25,0.0
1987-08-26,0.0
1987-08-27,0.0
1987-08-28,0.0
1987-08-29,0.0
1987-08-30,0.0
1987-08-31,10.9
1987-09-01,52.7
1987-09-02,5.1
1987-09-03,0.0
1987-09-04,0.0
1987-09-05,5.8
1987-09-06,22.8
1987-09-07,9.1
1987-09-08,1.8
1987-09-09,0.0
1987-09-10,0.0
1987-09-11,7.8
1987-09-12,48.8
1987-09-13,0.0
1987-09-14,0.0
1987-09-15,0.0
1987-09-16,0.0
1987-09-17,45.7
1987-09-18,45.1
1987-09-19,1.1
1987-09-20,13.5
1987-09-21,5.3
1987-09-22,101.5
1987-09-23,0.0
1987-09-24,1.7
1987-09-25,0.0
1987-09-26,0.0
1987-09-27,0.0
1987-09-28,0.7
1987-09-29,0.0
1987-09-30,0.0
1987-10-01,0.0
1987-10-02,4.3
1987-10-03,22.3
1987-10-04,0.0
1987-10-05,0.0
1987-10-06,36.3
1987-10-07,9.7
1987-10-08,0.0
1987-10-09,0.0
1987-10-10,0.0
1987-10-11,0.0
1987-10-12,0.0
1987-10-13,0.0
1987-10-14,10.7
1987-10-15,20.4
1987-10-16,0.0
1987-10-17,0.0
1987-10-18,16.2
1987-10-19,18.2
1987-10-20,48.6
1987-10-21,81.7
1987-10-22,9.4
1987-10-23,2.2
1987-10-24,0.0
1987-10-25,1.6
1987-10-26,1.4
1987-10-27,0.0
1987-10-28,0.8
1987-10-29,0.0
1987-10-30,0.0
1987-10-31,0.0
1987-11-01,0.0
1987-11-02,0.0
1987-11-03,0.0
1987-11-04,0.0
1987-11-05,0.0
1987-11-06,0.0
1987-11-07,15.5
1987-11-08,0.0
1987-11-09,0.0
1987-11-10,3.6
1987-11-11,46.6
1987-11-12,7.3
1987-11-13,14.9
1987-11-14,0.0
1987-11-15,3.5
1987-11-16,8.6
1987-11-17,0.8
1987-11-18,0.0
1987-11-19,0.0
1987-11-20,0.0
1987-11-21,0.0
1987-11-22,37.3
1987-11-23,0.0
1987-11-24,28.6
1987-11-25,0.0
1987-11-26,2.7
1987-11-27,6.2
1987-11-28,2.8
1987-11-29,0.0
1987-11-30,0.0
1987-12-01,0.0
1987-12-02,0.0
1987-12-03,0.0
1987-12-04,0.0
1987-12-05,0.0
1987-12-06,0.0
1987-12-07,42.3
1987-12-08,0.0
1987-12-09,0.0
1987-12-10,9.0
1987-12-11,41.4
1987-12-12,0.0
1987-12-13,9.1
1987-12-14,41.7
1987-12-15,0.0
1987-12-16,0.0
1987-12-17,0.0
1987-12-18,0.0
1987-12-19,51.9
1987-12-20,17.5
1987-12-21,17.0
1987-12-22,29.1
1987-12-23,0.0
1987-12-24,3.7
1987-12-25,5.2
1987-12-26,2.3
1987-12-27,0.0
1987-12-28,0.0
1987-12-29,10.5
1987-12-30,0.0
1987-12-31,0.0
1988-01-01,27.7
1988-01-02,1.7
1988-01-03,0.0
1988-01-04,0.0
1988-01-05,0.6
1988-01-06,17.4
1988-01-07,93.7
1988-01-08,3.5
1988-01-09,19.4
1988-01-10,48.5
1988-01-11,0.0
1988-01-12,0.0
1988-01-13,0.0
1988-01-14,0.0
1988-01-15,0.0
1988-01-16,0.0
1988-01-17,0.0
1988-01-18,0.0
1988-01-19,0.0
1988-01-20,0.0
1988-01-21,0.0
1988-01-22,0.0
1988-01-23,0.0
1988-01-24,52.7
1988-01-25,35.8
1988-01-26,0.0
1988-01-27,0.0
1988-01-28,0.0
1988-01-29,0.0
1988-01-30,0.0
1988-01-31,32.3
1988-02-01,2.0
1988-02-02,177.8
1988-02-03,1.3
1988-02-04,0.0
1988-02-05,3.0
1988-02-06,115.4
1988-02-07,52.6
1988-02-08,0.0
1988-02-09,7.5
1988-02-10,18.2
1988-02-11,80.0
1988-02-12,59.7
1988-02-13,12.5
1988-02-14,21.5
1988-02-15,1.9
1988-02-16,3.2
1988-02-17,11.8
1988-02-18,25.3
1988-02-19,21.6
1988-02-20,217.3
1988-02-21,93.3
1988-02-22,3.4
1988-02-23,0.0
1988-02-24,0.0
1988-02-25,0.0
1988-02-26,0.0
1988-02-27,0.0
1988-02-28,0.0
1988-02-29,0.0
1988-03-01,26.3
1988-03-02,14.8
1988-03-03,4.6
1988-03-04,38.4
1988-03-05,0.0
1988-03-06,0.0
1988-03-07,0.0
1988-03-08,0.3
1988-03-09,33.5
1988-03-10,0.0
1988-03-11,0.0
1988-03-12,0.0
1988-03-13,0.0
1988-03-14,0.0
1988-03-15,0.0
1988-03-16,0.0
1988-03-17,0.0
1988-03-18,15.8
1988-03-19,19.3
1988-03-20,0.0
1988-03-21,0.0
1988-03-22,0.0
1988-03-23,0.0
1988-03-24,0.0
1988-03-25,0.0
1988-03-26,0.0
1988-03-27,0.0
1988-03-28,0.0
1988-03-29,0.0
1988-03-30,0.0
1988-03-31,0.0
1988-04-01,0.0
1988-04-02,42.7
1988-04-03,55.8
1988-04-04,0.0
1988-04-05,0.0
1988-04-06,6.4
1988-04-07,0.0
1988-04-08,19.3
1988-04-09,21.5
1988-04-10,0.0
1988-04-11,0.0
1988-04-12,0.0
1988-04-13,1.3
1988-04-14,15.4
1988-04-15,0.0
1988-04-16,0.0
1988-04-17,0.0
1988-04-18,18.4
1988-04-19,0.0
1988-04-20,1.7
1988-04-21,0.0
1988-04-22,1.3
1988-04-23,14.4
1988-04-24,10.7
1988-04-25,0.0
1988-04-26,0.0
1988-04-27,0.8
1988-04-28,48.6
1988-04-29,61.2
1988-04-30,0.0
1988-05-01,0.0
1988-05-02,0.0
1988-05-03,0.0
1988-05-04,0.0
1988-05-05,51.3
1988-05-06,54.8
1988-05-07,45.9
1988-05-08,0.0
1988-05-09,0.0
1988-05-10,0.0
1988-05-11,0.0
1988-05-12,
1988-05-13,9.5
1988-05-14,10.8
1988-05-15,0.0
1988-05-16,0.0
1988-05-17,0.0
1988-05-18,2.8
1988-05-19,0.0
1988-05-20,0.0
1988-05-21,0.0
1988-05-22,6.8
1988-05-23,4.9
1988-05-24,22.5
1988-05-25,54.6
1988-05-26,10.9
1988-05-27,1.5
1988-05-28,0.0
1988-05-29,42.3
1988-05-30,1.1
1988-05-31,0.0
1988-06-01,0.0
1988-06-02,0.0
1988-06-03,0.0
1988-06-04,0.0
1988-06-05,0.0
1988-06-06,0.0
1988-06-07,0.0
1988-06-08,0.0
1988-06-09,0.0
1988-06-10,0.0
1988-06-11,28.8
1988-06-12,6.3
1988-06-13,0.0
1988-06-14,0.0
1988-06-15,39.5
1988-06-16,2.8
1988-06-17,0.0
1988-06-18,0.0
1988-06-19,0.0
1988-06-20,0.0
1988-06-21,0.0
1988-06-22,0.0
1988-06-23,0.0
1988-06-24,0.0
1988-06-25,48.4
1988-06-26,41.3
1988-06-27,2.2
1988-06-28,0.0
1988-06-29,0.0
1988-06-30,0.0
1988-07-01,0.0
1988-07-02,0.0
1988-07-03,0.0
1988-07-04,0.0
1988-07-05,0.0
1988-07-06,0.0
1988-07-07,0.0
1988-07-08,17.4
1988-07-09,10.9
1988-07-10,5.5
1988-07-11,6.0
1988-07-12,34.6
1988-07-13,9.1
1988-07-14,6.7
1988-07-15,0.0
1988-07-16,0.0
1988-07-17,0.0
1988-07-18,0.0
1988-07-19,0.0
1988-07-20,0.0
1988-07-21,0.0
1988-07-22,0.0
1988-07-23,0.0
1988-07-24,0.0
1988-07-25,0.0
1988-07-26,0.0
1988-07-27,0.0
1988-07-28,0.0
1988-07-29,0.0
1988-07-30,0.0
1988-07-31,0.0
1988-08-01,0.0
1988-08-02,0.0
1988-08-03,0.0
1988-08-04,0.0
1988-08-05,0.0
1988-08-06,0.0
1988-08-07,0.0
1988-08-08,0.0
1988-08-09,0.0
1988-08-10,0.0
1988-08-11,5.3
1988-08-12,0.0
1988-08-13,0.0
1988-08-14,0.0
1988-08-15,0.0
1988-08-16,0.0
1988-08-17,0.0
1988-08-18,0.0
1988-08-19,0.0
1988-08-20,0.0
1988-08-21,0.0
1988-08-22,0.0
1988-08-23,0.0
1988-08-24,0.0
1988-08-25,0.0
1988-08-26,0.0
1988-08-27,0.0
1988-08-28,0.0
1988-08-29,0.0
1988-08-30,0.0
1988-08-31,0.0
1988-09-01,0.0
1988-09-02,17.5
1988-09-03,25.5
1988-09-04,2.4
1988-09-05,0.0
1988-09-06,0.0
1988-09-07,0.0
1988-09-08,0.0
1988-09-09,0.0
1988-09-10,0.0
1988-09-11,0.0
1988-09-12,0.0
1988-09-13,0.0
1988-09-14,0.0
1988-09-15,36.8
1988-09-16,34.2
1988-09-17,13.9
1988-09-18,50.8
1988-09-19,9.6
1988-09-20,0.0
1988-09-21,0.0
1988-09-22,0.0
1988-09-23,0.0
1988-09-24,0.0
1988-09-25,0.0
1988-09-26,0.0
1988-09-27,0.0
1988-09-28,0.0
1988-09-29,17.8
1988-09-30,0.0
1988-10-01,0.0
1988-10-02,0.0
1988-10-03,0.0
1988-10-04,4.4
1988-10-05,8.4
1988-10-06,15.1
1988-10-07,13.1
1988-10-08,0.0
1988-10-09,0.0
1988-10-10,0.0
1988-10-11,0.0
1988-10-12,7.0
1988-10-13,23.9
1988-10-14,0.0
1988-10-15,0.0
1988-10-16,0.0
1988-10-17,6.7
1988-10-18,29.8
1988-10-19,0.0
1988-10-20,29.4
1988-10-21,6.8
1988-10-22,1.2
1988-10-23,0.0
1988-10-24,0.0
1988-10-25,0.0
1988-10-26,24.3
1988-10-27,34.8
1988-10-28,7.2
1988-10-29,0.0
1988-10-30,0.0
1988-10-31,0.0
1988-11-01,3.9
1988-11-02,31.6
1988-11-03,5.7
1988-11-04,4.3
1988-11-05,11.4
1988-11-06,17.7
1988-11-07,3.2
1988-11-08,7.9
1988-11-09,0.0
1988-11-10,0.0
1988-11-11,0.0
1988-11-12,0.0
1988-11-13,0.0
1988-11-14,0.0
1988-11-15,0.0
1988-11-16,5.9
1988-11-17,0.0
1988-11-18,0.0
1988-11-19,0.0
1988-11-20,3.8
1988-11-21,0.0
1988-11-22,0.0
1988-11-23,0.0
1988-11-24,8.2
1988-11-25,0.0
1988-11-26,5.4
1988-11-27,0.0
1988-11-28,26.4
1988-11-29,0.0
1988-11-30,0.0
1988-12-01,0.0
1988-12-02,2.0
1988-12-03,0.0
1988-12-04,0.0
1988-12-05,0.0
1988-12-06,0.0
1988-12-07,0.0
1988-12-08,0.0
1988-12-09,0.0
1988-12-10,5.0
1988-12-11,0.0
1988-12-12,0.0
1988-12-13,0.0
1988-12-14,0.0
1988-12-15,0.0
1988-12-16,0.0
1988-12-17,5.7
1988-12-18,0.0
1988-12-19,0.0
1988-12-20,3.5
1988-12-21,11.5
1988-12-22,0.0
1988-12-23,0.0
1988-12-24,33.2
1988-12-25,1.8
1988-12-26,17.5
1988-12-27,11.8
1988-12-28,0.0
1988-12-29,0.0
1988-12-30,22.5
1988-12-31,5.2
1989-01-01,0.0
1989-01-02,2.1
1989-01-03,4.5
1989-01-04,0.0
1989-01-05,0.0
1989-01-06,13.2
1989-01-07,7.8
1989-01-08,0.0
1989-01-09,0.0
1989-01-10,7.2
1989-01-11,0.0
1989-01-12,2.7
1989-01-13,3.5
1989-01-14,22.4
1989-01-15,28.4
1989-01-16,17.5
1989-01-17,0.0
1989-01-18,21.5
1989-01-19,13.1
1989-01-20,0.0
1989-01-21,0.0
1989-01-22,23.8
1989-01-23,8.4
1989-01-24,23.8
1989-01-25,0.0
1989-01-26,0.0
1989-01-27,0.0
1989-01-28,0.0
1989-01-29,0.0
1989-01-30,0.0
1989-01-31,0.0
1989-02-01,0.0
1989-02-02,0.0
1989-02-03,0.0
1989-02-04,20.5
1989-02-05,0.0
1989-02-06,2.8
1989-02-07,0.0
1989-02-08,0.0
1989-02-09,11.4
1989-02-10,0.0
1989-02-11,0.0
1989-02-12,0.0
1989-02-13,9.8
1989-02-14,3.4
1989-02-15,3.6
1989-02-16,12.9
1989-02-17,0.0
1989-02-18,0.0
1989-02-19,0.0
1989-02-20,0.0
1989-02-21,0.0
1989-02-22,0.0
1989-02-23,0.0
1989-02-24,0.0
1989-02-25,34.7
1989-02-26,35.1
1989-02-27,0.0
1989-02-28,0.0
1989-03-01,0.0
1989-03-02,14.3
1989-03-03,0.0
1989-03-04,0.0
1989-03-05,0.0
1989-03-06,2.5
1989-03-07,0.0
1989-03-08,0.0
1989-03-09,1.3
1989-03-10,0.0
1989-03-11,5.3
1989-03-12,0.0
1989-03-13,0.0
1989-03-14,35.1
1989-03-15,11.3
1989-03-16,0.0
1989-03-17,0.0
1989-03-18,0.0
1989-03-19,0.0
1989-03-20,21.1
1989-03-21,0.0
1989-03-22,0.0
1989-03-23,20.9
1989-03-24,0.0
1989-03-25,0.0
1989-03-26,0.0
1989-03-27,3.4
1989-03-28,88.5
1989-03-29,41.8
1989-03-30,0.0
1989-03-31,0.0
1989-04-01,0.0
1989-04-02,0.0
1989-04-03,9.7
1989-04-04,0.0
1989-04-05,0.0
1989-04-06,0.0
1989-04-07,0.0
1989-04-08,0.0
1989-04-09,0.0
1989-04-10,0.0
1989-04-11,0.0
1989-04-12,1.8
1989-04-13,4.2
1989-04-14,63.5
1989-04-15,0.0
1989-04-16,0.0
1989-04-17,0.0
1989-04-18,0.0
1989-04-19,0.0
1989-04-20,90.5
1989-04-21,0.0
1989-04-22,0.0
1989-04-23,0.0
1989-04-24,0.0
1989-04-25,0.0
1989-04-26,0.0
1989-04-27,0.0
1989-04-28,0.0
1989-04-29,0.0
1989-04-30,0.0
1989-05-01,0.0
1989-05-02,29.1
1989-05-03,0.0
1989-05-04,0.0
1989-05-05,35.2
1989-05-06,9.0
1989-05-07,6.5
1989-05-08,95.9
1989-05-09,0.0
1989-05-10,9.6
1989-05-11,0.0
1989-05-12,0.0
1989-05-13,0.0
1989-05-14,0.0
1989-05-15,0.0
1989-05-16,0.0
1989-05-17,0.0
1989-05-18,0.0
1989-05-19,0.0
1989-05-20,0.0
1989-05-21,0.0
1989-05-22,0.0
1989-05-23,0.0
1989-05-24,0.0
1989-05-25,0.0
1989-05-26,34.5
1989-05-27,15.2
1989-05-28,0.0
1989-05-29,0.0
1989-05-30,0.0
1989-05-31,0.0
1989-06-01,0.0
1989-06-02,0.0
1989-06-03,0.0
1989-06-04,0.0
1989-06-05,0.0
1989-06-06,0.0
1989-06-07,0.0
1989-06-08,0.0
1989-06-09,0.0
1989-06-10,0.0
1989-06-11,98.2
1989-06-12,175.8
1989-06-13,11.7
1989-06-14,0.0
1989-06-15,0.0
1989-06-16,0.0
1989-06-17,0.0
1989-06-18,0.0
1989-06-19,0.0
1989-06-20,0.0
1989-06-21,0.0
1989-06-22,0.0
1989-06-23,0.0
1989-06-24,0.0
1989-06-25,0.0
1989-06-26,12.9
1989-06-27,0.0
1989-06-28,0.0
1989-06-29,0.0
1989-06-30,0.0
1989-07-01,0.0
1989-07-02,0.0
1989-07-03,0.0
1989-07-04,39.2
1989-07-05,14.8
1989-07-06,0.0
1989-07-07,20.9
1989-07-08,0.0
1989-07-09,0.0
1989-07-10,0.0
1989-07-11,0.0
1989-07-12,0.0
1989-07-13,0.0
1989-07-14,0.0
1989-07-15,0.0
1989-07-16,0.0
1989-07-17,0.0
1989-07-18,0.0
1989-07-19,0.0
1989-07-20,0.0
1989-07-21,0.0
1989-07-22,0.0
1989-07-23,0.0
1989-07-24,0.0
1989-07-25,0.0
1989-07-26,0.0
1989-07-27,10.5
1989-07-28,20.9
1989-07-29,20.3
1989-07-30,0.0
1989-07-31,1.0
1989-08-01,0.0
1989-08-02,0.0
1989-08-03,0.0
1989-08-04,0.0
1989-08-05,0.0
1989-08-06,16.1
1989-08-07,0.0
1989-08-08,0.0
1989-08-09,0.0
1989-08-10,0.0
1989-08-11,5.1
1989-08-12,0.0
1989-08-13,0.0
1989-08-14,0.0
1989-08-15,0.0
1989-08-16,0.0
1989-08-17,0.0
1989-08-18,0.0
1989-08-19,0.0
1989-08-20,0.0
1989-08-21,0.0
1989-08-22,0.0
1989-08-23,5.8
1989-08-24,0.0
1989-08-25,0.0
1989-08-26,0.0
1989-08-27,11.4
1989-08-28,22.5
1989-08-29,10.3
1989-08-30,0.0
1989-08-31,0.0
1989-09-01,0.0
1989-09-02,23.8
1989-09-03,0.0
1989-09-04,0.0
1989-09-05,0.0
1989-09-06,0.0
1989-09-07,24.5
1989-09-08,0.0
1989-09-09,0.0
1989-09-10,0.0
1989-09-11,0.0
1989-09-12,0.0
1989-09-13,19.7
1989-09-14,0.0
1989-09-15,0.0
1989-09-16,28.3
1989-09-17,0.0
1989-09-18,0.0
1989-09-19,0.0
1989-09-20,0.0
1989-09-21,0.0
1989-09-22,0.0
1989-09-23,0.0
1989-09-24,0.0
1989-09-25,14.5
1989-09-26,35.1
1989-09-27,11.8
1989-09-28,38.1
1989-09-29,24.2
1989-09-30,24.8
1989-10-01,4.5
1989-10-02,0.0
1989-10-03,0.0
1989-10-04,0.0
1989-10-05,0.0
1989-10-06,0.0
1989-10-07,4.1
1989-10-08,0.0
1989-10-09,4.6
1989-10-10,4.3
1989-10-11,13.8
1989-10-12,4.3
1989-10-13,10.9
1989-10-14,0.0
1989-10-15,2.2
1989-10-16,6.9
1989-10-17,0.0
1989-10-18,0.0
1989-10-19,0.0
1989-10-20,0.0
1989-10-21,1.3
1989-10-22,12.4
1989-10-23,27.2
1989-10-24,34.1
1989-10-25,0.0
1989-10-26,0.0
1989-10-27,0.0
1989-10-28,48.5
1989-10-29,0.0
1989-10-30,0.0
1989-10-31,0.0
1989-11-01,6.1
1989-11-02,0.0
1989-11-03,0.0
1989-11-04,0.0
1989-11-05,0.0
1989-11-06,0.0
1989-11-07,0.0
1989-11-08,0.0
1989-11-09,6.1
1989-11-10,0.0
1989-11-11,0.0
1989-11-12,3.8
1989-11-13,0.0
1989-11-14,0.0
1989-11-15,0.0
1989-11-16,0.0
1989-11-17,0.0
1989-11-18,0.9
1989-11-19,0.0
1989-11-20,0.0
1989-11-21,0.0
1989-11-22,0.0
1989-11-23,0.0
1989-11-24,0.0
1989-11-25,17.8
1989-11-26,0.0
1989-11-27,0.0
1989-11-28,0.0
1989-11-29,10.9
1989-11-30,20.5
1989-12-01,0.0
1989-12-02,0.8
1989-12-03,0.0
1989-12-04,0.0
1989-12-05,0.0
1989-12-06,0.0
1989-12-07,0.0
1989-12-08,0.0
1989-12-09,0.0
1989-12-10,0.0
1989-12-11,0.0
1989-12-12,4.2
1989-12-13,0.0
1989-12-14,0.0
1989-12-15,5.9
1989-12-16,93.1
1989-12-17,0.0
1989-12-18,0.0
1989-12-19,0.0
1989-12-20,24.2
1989-12-21,8.7
1989-12-22,0.0
1989-12-23,0.0
1989-12-24,0.0
1989-12-25,0.0
1989-12-26,0.0
1989-12-27,0.0
1989-12-28,0.0
1989-12-29,1.1
1989-12-30,13.4
1989-12-31,0.0
1990-01-01,0.0
1990-01-02,54.4
1990-01-03,0.0
1990-01-04,1.3
1990-01-05,4.4
1990-01-06,0.0
1990-01-07,0.0
1990-01-08,0.0
1990-01-09,0.0
1990-01-10,15.5
1990-01-11,0.0
1990-01-12,0.0
1990-01-13,0.0
1990-01-14,0.0
1990-01-15,0.0
1990-01-16,0.0
1990-01-17,0.0
1990-01-18,0.0
1990-01-19,0.0
1990-01-20,0.0
1990-01-21,7.2
1990-01-22,5.5
1990-01-23,3.6
1990-01-24,0.0
1990-01-25,0.0
1990-01-26,18.2
1990-01-27,0.0
1990-01-28,0.0
1990-01-29,0.0
1990-01-30,0.0
1990-01-31,0.0
1990-02-01,0.0
1990-02-02,0.0
1990-02-03,0.0
1990-02-04,0.0
1990-02-05,0.0
1990-02-06,0.0
1990-02-07,0.0
1990-02-08,0.0
1990-02-09,0.0
1990-02-10,0.0
1990-02-11,0.0
1990-02-12,0.0
1990-02-13,0.0
1990-02-14,12.4
1990-02-15,0.0
1990-02-16,0.0
1990-02-17,0.0
1990-02-18,0.0
1990-02-19,0.0
1990-02-20,1.8
1990-02-21,0.0
1990-02-22,0.0
1990-02-23,0.0
1990-02-24,0.0
1990-02-25,6.8
1990-02-26,16.1
1990-02-27,39.4
1990-02-28,11.4
1990-03-01,12.5
1990-03-02,0.0
1990-03-03,0.0
1990-03-04,0.0
1990-03-05,0.0
1990-03-06,0.0
1990-03-07,0.0
1990-03-08,0.0
1990-03-09,0.0
1990-03-10,0.0
1990-03-11,0.0
1990-03-12,0.0
1990-03-13,0.0
1990-03-14,0.0
1990-03-15,0.0
1990-03-16,0.0
1990-03-17,0.0
1990-03-18,0.0
1990-03-19,24.5
1990-03-20,1.2
1990-03-21,6.1
1990-03-22,34.6
1990-03-23,17.7
1990-03-24,0.0
1990-03-25,0.0
1990-03-26,0.0
1990-03-27,2.2
1990-03-28,14.2
1990-03-29,0.0
1990-03-30,0.0
1990-03-31,0.0
1990-04-01,0.0
1990-04-02,0.0
1990-04-03,0.0
1990-04-04,14.4
1990-04-05,0.0
1990-04-06,0.0
1990-04-07,0.0
1990-04-08,0.0
1990-04-09,8.4
1990-04-10,0.0
1990-04-11,0.0
1990-04-12,0.0
1990-04-13,0.0
1990-04-14,0.0
1990-04-15,12.3
1990-04-16,0.0
1990-04-17,0.0
1990-04-18,0.0
1990-04-19,93.5
1990-04-20,26.5
1990-04-21,13.1
1990-04-22,0.0
1990-04-23,0.0
1990-04-24,0.0
1990-04-25,0.0
1990-04-26,0.0
1990-04-27,0.0
1990-04-28,0.0
1990-04-29,0.0
1990-04-30,0.0
1990-05-01,30.7
1990-05-02,6.5
1990-05-03,0.0
1990-05-04,0.0
1990-05-05,0.0
1990-05-06,0.0
1990-05-07,0.0
1990-05-08,0.0
1990-05-09,0.0
1990-05-10,0.0
1990-05-11,0.0
1990-05-12,13.5
1990-05-13,3.9
1990-05-14,0.0
1990-05-15,0.0
1990-05-16,2.1
1990-05-17,11.9
1990-05-18,14.6
1990-05-19,0.0
1990-05-20,0.0
1990-05-21,0.0
1990-05-22,0.0
1990-05-23,7.7
1990-05-24,0.0
1990-05-25,0.0
1990-05-26,0.0
1990-05-27,0.0
1990-05-28,0.0
1990-05-29,0.0
1990-05-30,0.0
1990-05-31,0.0
1990-06-01,0.0
1990-06-02,0.0
1990-06-03,0.0
1990-06-04,0.0
1990-06-05,0.0
1990-06-06,0.0
1990-06-07,7.4
1990-06-08,20.6
1990-06-09,0.0
1990-06-10,0.0
1990-06-11,11.6
1990-06-12,0.0
1990-06-13,0.0
1990-06-14,0.0
1990-06-15,0.0
1990-06-16,5.2
1990-06-17,7.5
1990-06-18,0.0
1990-06-19,0.0
1990-06-20,0.0
1990-06-21,0.0
1990-06-22,0.0
1990-06-23,0.0
1990-06-24,0.0
1990-06-25,0.0
1990-06-26,0.0
1990-06-27,0.0
1990-06-28,0.0
1990-06-29,0.0
1990-06-30,
1990-07-01,7.6
1990-07-02,0.0
1990-07-03,0.0
1990-07-04,0.0
1990-07-05,3.3
1990-07-06,13.9
1990-07-07,4.3
1990-07-08,0.0
1990-07-09,0.0
1990-07-10,0.0
1990-07-11,15.7
1990-07-12,3.8
1990-07-13,0.0
1990-07-14,0.0
1990-07-15,0.0
1990-07-16,0.0
1990-07-17,4.1
1990-07-18,0.0
1990-07-19,0.0
1990-07-20,9.1
1990-07-21,2.9
1990-07-22,0.0
1990-07-23,0.0
1990-07-24,0.0
1990-07-25,0.0
1990-07-26,10.3
1990-07-27,0.0
1990-07-28,22.9
1990-07-29,0.0
1990-07-30,0.0
1990-07-31,0.0
1990-08-01,4.1
1990-08-02,0.0
1990-08-03,0.0
1990-08-04,0.0
1990-08-05,0.0
1990-08-06,0.0
1990-08-07,0.0
1990-08-08,0.0
1990-08-09,0.0
1990-08-10,0.0
1990-08-11,0.0
1990-08-12,0.0
1990-08-13,0.0
1990-08-14,0.0
1990-08-15,0.0
1990-08-16,0.0
1990-08-17,10.5
1990-08-18,0.0
1990-08-19,0.0
1990-08-20,0.0
1990-08-21,30.4
1990-08-22,0.0
1990-08-23,0.0
1990-08-24,0.0
1990-08-25,0.0
1990-08-26,0.0
1990-08-27,0.0
1990-08-28,23.2
1990-08-29,10.8
1990-08-30,0.0
1990-08-31,0.0
1990-09-01,0.0
1990-09-02,46.2
1990-09-03,0.0
1990-09-04,14.4
1990-09-05,0.0
1990-09-06,0.0
1990-09-07,0.0
1990-09-08,5.9
1990-09-09,0.0
1990-09-10,0.0
1990-09-11,0.0
1990-09-12,0.0
1990-09-13,0.0
1990-09-14,43.4
1990-09-15,12.5
1990-09-16,0.0
1990-09-17,0.0
1990-09-18,0.0
1990-09-19,0.0
1990-09-20,0.0
1990-09-21,0.0
1990-09-22,0.0
1990-09-23,0.0
1990-09-24,35.5
1990-09-25,33.7
1990-09-26,0.0
1990-09-27,0.0
1990-09-28,0.0
1990-09-29,0.0
1990-09-30,0.0
1990-10-01,0.0
1990-10-02,23.1
1990-10-03,0.0
1990-10-04,0.0
1990-10-05,0.0
1990-10-06,0.0
1990-10-07,0.0
1990-10-08,0.0
1990-10-09,0.0
1990-10-10,0.0
1990-10-11,2.9
1990-10-12,0.0
1990-10-13,0.0
1990-10-14,0.0
1990-10-15,0.0
1990-10-16,42.3
1990-10-17,54.8
1990-10-18,15.9
1990-10-19,6.5
1990-10-20,0.0
1990-10-21,0.0
1990-10-22,0.0
1990-10-23,0.0
1990-10-24,0.0
1990-10-25,60.8
1990-10-26,7.6
1990-10-27,0.0
1990-10-28,0.0
1990-10-29,0.0
1990-10-30,0.0
1990-10-31,0.0
1990-11-01,0.0
1990-11-02,0.0
1990-11-03,8.4
1990-11-04,0.0
1990-11-05,0.0
1990-11-06,54.9
1990-11-07,0.0
1990-11-08,0.0
1990-11-09,0.0
1990-11-10,5.9
1990-11-11,0.0
1990-11-12,0.0
1990-11-13,0.0
1990-11-14,0.0
1990-11-15,0.0
1990-11-16,0.0
1990-11-17,0.0
1990-11-18,0.0
1990-11-19,0.0
1990-11-20,0.0
1990-11-21,0.0
1990-11-22,0.0
1990-11-23,0.0
1990-11-24,4.1
1990-11-25,0.0
1990-11-26,0.0
1990-11-27,23.6
1990-11-28,0.0
1990-11-29,0.0
1990-11-30,0.0
1990-12-01,0.0
1990-12-02,0.0
1990-12-03,0.0
1990-12-04,0.0
1990-12-05,0.0
1990-12-06,0.0
1990-12-07,0.0
1990-12-08,37.2
1990-12-09,21.5
1990-12-10,0.0
1990-12-11,0.0
1990-12-12,0.0
1990-12-13,0.0
1990-12-14,0.0
1990-12-15,22.5
1990-12-16,0.0
1990-12-17,0.0
1990-12-18,0.0
1990-12-19,0.0
1990-12-20,20.6
1990-12-21,0.0
1990-12-22,0.0
1990-12-23,0.0
1990-12-24,0.0
1990-12-25,20.8
1990-12-26,0.0
1990-12-27,0.0
1990-12-28,0.0
1990-12-29,0.0
1990-12-30,50.5
1990-12-31,0.0
1991-01-01,0.0
1991-01-02,0.0
1991-01-03,0.0
1991-01-04,0.0
1991-01-05,33.4
1991-01-06,0.0
1991-01-07,0.0
1991-01-08,0.0
1991-01-09,0.0
1991-01-10,0.0
1991-01-11,0.0
1991-01-12,52.3
1991-01-13,0.0
1991-01-14,0.0
1991-01-15,0.0
1991-01-16,52.4
1991-01-17,32.7
1991-01-18,64.0
1991-01-19,0.0
1991-01-20,0.0
1991-01-21,0.0
1991-01-22,0.0
1991-01-23,0.0
1991-01-24,46.3
1991-01-25,0.0
1991-01-26,0.0
1991-01-27,0.0
1991-01-28,0.0
1991-01-29,0.0
1991-01-30,0.0
1991-01-31,0.0
1991-02-01,0.0
1991-02-02,8.5
1991-02-03,0.0
1991-02-04,0.0
1991-02-05,0.0
1991-02-06,0.0
1991-02-07,32.4
1991-02-08,34.2
1991-02-09,0.0
1991-02-10,0.0
1991-02-11,0.0
1991-02-12,0.0
1991-02-13,0.0
1991-02-14,42.5
1991-02-15,0.0
1991-02-16,0.0
1991-02-17,0.0
1991-02-18,0.0
1991-02-19,0.0
1991-02-20,0.0
1991-02-21,0.0
1991-02-22,0.0
1991-02-23,0.0
1991-02-24,0.0
1991-02-25,0.0
1991-02-26,21.5
1991-02-27,0.0
1991-02-28,0.0
1991-03-01,0.0
1991-03-02,0.0
1991-03-03,0.0
1991-03-04,0.0
1991-03-05,0.0
1991-03-06,32.5
1991-03-07,0.0
1991-03-08,0.0
1991-03-09,0.0
1991-03-10,0.0
1991-03-11,0.0
1991-03-12,0.0
1991-03-13,0.0
1991-03-14,61.8
1991-03-15,0.0
1991-03-16,0.0
1991-03-17,0.0
1991-03-18,0.0
1991-03-19,0.0
1991-03-20,0.0
1991-03-21,0.0
1991-03-22,89.6
1991-03-23,75.9
1991-03-24,32.9
1991-03-25,64.2
1991-03-26,37.4
1991-03-27,123.5
1991-03-28,93.7
1991-03-29,74.2
1991-03-30,53.8
1991-03-31,0.0
1991-04-01,0.0
1991-04-02,0.0
1991-04-03,0.0
1991-04-04,0.0
1991-04-05,0.0
1991-04-06,0.0
1991-04-07,0.0
1991-04-08,0.0
1991-04-09,5.9
1991-04-10,0.0
1991-04-11,0.0
1991-04-12,0.0
1991-04-13,0.0
1991-04-14,0.0
1991-04-15,0.0
1991-04-16,0.0
1991-04-17,0.0
1991-04-18,0.0
1991-04-19,0.0
1991-04-20,0.0
1991-04-21,0.0
1991-04-22,0.0
1991-04-23,
1991-04-24,
1991-04-25,
1991-04-26,
1991-04-27,
1991-04-28,
1991-04-29,
1991-04-30,
1991-05-01,19.1
1991-05-02,0.0
1991-05-03,0.0
1991-05-04,0.0
1991-05-05,0.0
1991-05-06,96.1
1991-05-07,1.0
1991-05-08,11.0
1991-05-09,0.0
1991-05-10,6.5
1991-05-11,0.0
1991-05-12,0.0
1991-05-13,0.0
1991-05-14,0.0
1991-05-15,0.0
1991-05-16,0.0
1991-05-17,0.0
1991-05-18,0.0
1991-05-19,0.0
1991-05-20,0.0
1991-05-21,0.0
1991-05-22,0.0
1991-05-23,0.0
1991-05-24,0.0
1991-05-25,0.0
1991-05-26,0.0
1991-05-27,0.0
1991-05-28,0.0
1991-05-29,0.0
1991-05-30,0.0
1991-05-31,0.0
1991-06-01,0.0
1991-06-02,0.0
1991-06-03,0.0
1991-06-04,0.0
1991-06-05,0.0
1991-06-06,0.0
1991-06-07,0.0
1991-06-08,0.0
1991-06-09,7.6
1991-06-10,4.2
1991-06-11,0.0
1991-06-12,0.0
1991-06-13,0.0
1991-06-14,0.0
1991-06-15,0.0
1991-06-16,0.0
1991-06-17,0.0
1991-06-18,0.0
1991-06-19,0.0
1991-06-20,0.0
1991-06-21,0.0
1991-06-22,0.0
1991-06-23,3.8
1991-06-24,22.0
1991-06-25,0.0
1991-06-26,0.0
1991-06-27,0.0
1991-06-28,0.0
1991-06-29,23.7
1991-06-30,6.5
1991-07-01,0.0
1991-07-02,0.0
1991-07-03,0.0
1991-07-04,0.0
1991-07-05,0.0
1991-07-06,0.0
1991-07-07,0.0
1991-07-08,0.0
1991-07-09,0.0
1991-07-10,0.0
1991-07-11,0.0
1991-07-12,0.0
1991-07-13,37.0
1991-07-14,59.6
1991-07-15,33.0
1991-07-16,1.1
1991-07-17,0.0
1991-07-18,0.0
1991-07-19,0.0
1991-07-20,0.0
1991-07-21,0.0
1991-07-22,0.0
1991-07-23,0.0
1991-07-24,0.0
1991-07-25,0.0
1991-07-26,0.0
1991-07-27,0.0
1991-07-28,0.0
1991-07-29,0.0
1991-07-30,0.0
1991-07-31,0.0
1991-08-01,0.0
1991-08-02,0.0
1991-08-03,0.0
1991-08-04,0.0
1991-08-05,0.0
1991-08-06,0.0
1991-08-07,0.0
1991-08-08,23.0
1991-08-09,0.0
1991-08-10,0.0
1991-08-11,31.7
1991-08-12,5.8
1991-08-13,0.0
1991-08-14,0.0
1991-08-15,0.0
1991-08-16,0.0
1991-08-17,0.0
1991-08-18,0.0
1991-08-19,0.0
1991-08-20,0.0
1991-08-21,0.0
1991-08-22,0.0
1991-08-23,0.0
1991-08-24,0.0
1991-08-25,0.0
1991-08-26,0.0
1991-08-27,0.0
1991-08-28,0.0
1991-08-29,0.0
1991-08-30,0.0
1991-08-31,0.0
1991-09-01,26.2
1991-09-02,0.0
1991-09-03,0.0
1991-09-04,0.0
1991-09-05,0.0
1991-09-06,0.0
1991-09-07,0.0
1991-09-08,0.0
1991-09-09,0.0
1991-09-10,0.0
1991-09-11,0.0
1991-09-12,0.0
1991-09-13,0.0
1991-09-14,0.0
1991-09-15,0.0
1991-09-16,0.0
1991-09-17,0.0
1991-09-18,0.0
1991-09-19,0.0
1991-09-20,0.0
1991-09-21,0.0
1991-09-22,0.0
1991-09-23,0.0
1991-09-24,26.2
1991-09-25,0.0
1991-09-26,16.5
1991-09-27,0.0
1991-09-28,0.0
1991-09-29,0.0
1991-09-30,40.4
1991-10-01,15.5
1991-10-02,0.0
1991-10-03,26.1
1991-10-04,0.0
1991-10-05,0.0
1991-10-06,73.5
1991-10-07,6.2
1991-10-08,0.0
1991-10-09,0.0
1991-10-10,0.0
1991-10-11,0.0
1991-10-12,0.0
1991-10-13,0.0
1991-10-14,0.0
1991-10-15,0.0
1991-10-16,0.0
1991-10-17,0.0
1991-10-18,0.0
1991-10-19,0.0
1991-10-20,0.0
1991-10-21,0.0
1991-10-22,0.0
1991-10-23,0.0
1991-10-24,0.0
1991-10-25,0.0
1991-10-26,0.0
1991-10-27,0.0
1991-10-28,0.0
1991-10-29,0.0
1991-10-30,0.0
1991-10-31,0.0
1991-11-01,0.0
1991-11-02,22.2
1991-11-03,0.0
1991-11-04,27.0
1991-11-05,9.5
1991-11-06,0.0
1991-11-07,0.0
1991-11-08,0.0
1991-11-09,0.0
1991-11-10,5.2
1991-11-11,0.0
1991-11-12,0.0
1991-11-13,0.0
1991-11-14,0.0
1991-11-15,0.0
1991-11-16,0.0
1991-11-17,0.0
1991-11-18,0.0
1991-11-19,0.0
1991-11-20,0.0
1991-11-21,0.0
1991-11-22,0.0
1991-11-23,0.0
1991-11-24,0.0
1991-11-25,0.0
1991-11-26,0.0
1991-11-27,0.0
1991-11-28,0.0
1991-11-29,0.0
1991-11-30,0.0
1991-12-01,0.0
1991-12-02,0.0
1991-12-03,0.0
1991-12-04,0.0
1991-12-05,0.0
1991-12-06,0.0
1991-12-07,27.0
1991-12-08,0.0
1991-12-09,0.0
1991-12-10,0.0
1991-12-11,0.0
1991-12-12,0.0
1991-12-13,0.0
1991-12-14,0.0
1991-12-15,21.3
1991-12-16,0.0
1991-12-17,21.5
1991-12-18,0.0
1991-12-19,0.0
1991-12-20,0.0
1991-12-21,0.0
1991-12-22,0.0
1991-12-23,0.0
1991-12-24,0.0
1991-12-25,0.0
1991-12-26,0.0
1991-12-27,0.0
1991-12-28,0.0
1991-12-29,0.0
1991-12-30,0.0
1991-12-31,0.0
1992-01-01,0.0
1992-01-02,0.0
1992-01-03,0.0
1992-01-04,0.0
1992-01-05,41.3
1992-01-06,0.0
1992-01-07,0.0
1992-01-08,0.0
1992-01-09,0.0
1992-01-10,0.0
1992-01-11,0.0
1992-01-12,0.0
1992-01-13,0.0
1992-01-14,0.0
1992-01-15,0.0
1992-01-16,133.5
1992-01-17,82.6
1992-01-18,0.0
1992-01-19,0.0
1992-01-20,12.5
1992-01-21,0.0
1992-01-22,15.9
1992-01-23,21.3
1992-01-24,0.0
1992-01-25,0.0
1992-01-26,0.0
1992-01-27,0.0
1992-01-28,0.0
1992-01-29,2.3
1992-01-30,8.0
1992-01-31,0.0
1992-02-01,0.0
1992-02-02,0.0
1992-02-03,0.0
1992-02-04,0.0
1992-02-05,0.0
1992-02-06,0.0
1992-02-07,0.0
1992-02-08,0.0
1992-02-09,0.0
1992-02-10,0.0
1992-02-11,0.0
1992-02-12,0.0
1992-02-13,0.0
1992-02-14,0.0
1992-02-15,0.0
1992-02-16,0.0
1992-02-17,0.0
1992-02-18,0.0
1992-02-19,0.0
1992-02-20,0.0
1992-02-21,0.0
1992-02-22,0.0
1992-02-23,0.0
1992-02-24,0.0
1992-02-25,0.0
1992-02-26,61.5
1992-02-27,10.8
1992-02-28,0.0
1992-02-29,0.0
1992-03-01,0.0
1992-03-02,15.6
1992-03-03,2.0
1992-03-04,0.0
1992-03-05,0.0
1992-03-06,0.0
1992-03-07,7.7
1992-03-08,0.0
1992-03-09,0.0
1992-03-10,0.0
1992-03-11,0.0
1992-03-12,0.0
1992-03-13,0.0
1992-03-14,0.0
1992-03-15,0.0
1992-03-16,5.3
1992-03-17,5.0
1992-03-18,0.0
1992-03-19,0.0
1992-03-20,0.0
1992-03-21,0.0
1992-03-22,0.0
1992-03-23,0.0
1992-03-24,0.0
1992-03-25,0.0
1992-03-26,0.0
1992-03-27,0.0
1992-03-28,0.0
1992-03-29,0.0
1992-03-30,0.0
1992-03-31,22.5
1992-04-01,24.5
1992-04-02,0.0
1992-04-03,0.0
1992-04-04,0.0
1992-04-05,0.0
1992-04-06,0.0
1992-04-07,0.0
1992-04-08,49.3
1992-04-09,0.0
1992-04-10,0.0
1992-04-11,0.0
1992-04-12,0.0
1992-04-13,10.3
1992-04-14,6.2
1992-04-15,0.0
1992-04-16,0.0
1992-04-17,0.0
1992-04-18,0.0
1992-04-19,0.0
1992-04-20,0.0
1992-04-21,0.0
1992-04-22,1.5
1992-04-23,0.0
1992-04-24,0.0
1992-04-25,0.0
1992-04-26,80.4
1992-04-27,0.0
1992-04-28,0.0
1992-04-29,0.0
1992-04-30,0.0
1992-05-01,44.5
1992-05-02,0.0
1992-05-03,29.3
1992-05-04,20.8
1992-05-05,0.0
1992-05-06,0.0
1992-05-07,0.0
1992-05-08,0.0
1992-05-09,0.0
1992-05-10,0.0
1992-05-11,0.0
1992-05-12,0.0
1992-05-13,2.5
1992-05-14,0.0
1992-05-15,0.0
1992-05-16,0.0
1992-05-17,0.0
1992-05-18,0.0
1992-05-19,0.0
1992-05-20,35.4
1992-05-21,0.0
1992-05-22,0.0
1992-05-23,14.3
1992-05-24,0.0
1992-05-25,0.0
1992-05-26,0.0
1992-05-27,0.0
1992-05-28,0.0
1992-05-29,0.0
1992-05-30,0.0
1992-05-31,0.0
1992-06-01,0.0
1992-06-02,0.0
1992-06-03,0.0
1992-06-04,3.6
1992-06-05,0.0
1992-06-06,0.0
1992-06-07,0.0
1992-06-08,0.0
1992-06-09,0.0
1992-06-10,0.0
1992-06-11,8.2
1992-06-12,0.0
1992-06-13,0.0
1992-06-14,0.0
1992-06-15,0.0
1992-06-16,0.0
1992-06-17,0.0
1992-06-18,0.0
1992-06-19,0.0
1992-06-20,0.0
1992-06-21,0.0
1992-06-22,0.0
1992-06-23,0.0
1992-06-24,0.0
1992-06-25,0.0
1992-06-26,0.0
1992-06-27,0.0
1992-06-28,24.1
1992-06-29,0.0
1992-06-30,0.0
1992-07-01,0.0
1992-07-02,0.0
1992-07-03,0.0
1992-07-04,0.0
1992-07-05,0.0
1992-07-06,0.0
1992-07-07,38.7
1992-07-08,27.5
1992-07-09,35.0
1992-07-10,0.0
1992-07-11,0.0
1992-07-12,0.0
1992-07-13,0.0
1992-07-14,0.0
1992-07-15,0.0
1992-07-16,24.8
1992-07-17,29.1
1992-07-18,6.5
1992-07-19,0.0
1992-07-20,0.0
1992-07-21,0.0
1992-07-22,10.9
1992-07-23,21.9
1992-07-24,0.0
1992-07-25,0.0
1992-07-26,0.0
1992-07-27,0.0
1992-07-28,0.0
1992-07-29,0.0
1992-07-30,0.0
1992-07-31,8.0
1992-08-01,20.8
1992-08-02,0.0
1992-08-03,0.0
1992-08-04,0.0
1992-08-05,0.0
1992-08-06,0.0
1992-08-07,3.5
1992-08-08,0.0
1992-08-09,3.8
1992-08-10,0.0
1992-08-11,0.0
1992-08-12,0.0
1992-08-13,13.8
1992-08-14,11.6
1992-08-15,0.0
1992-08-16,0.0
1992-08-17,0.0
1992-08-18,0.0
1992-08-19,0.0
1992-08-20,0.0
1992-08-21,0.0
1992-08-22,4.2
1992-08-23,23.0
1992-08-24,0.0
1992-08-25,0.0
1992-08-26,0.0
1992-08-27,0.0
1992-08-28,0.0
1992-08-29,0.0
1992-08-30,0.0
1992-08-31,0.0
1992-09-01,0.0
1992-09-02,0.5
1992-09-03,0.0
1992-09-04,0.0
1992-09-05,0.0
1992-09-06,0.0
1992-09-07,26.2
1992-09-08,0.0
1992-09-09,10.8
1992-09-10,0.0
1992-09-11,7.1
1992-09-12,0.0
1992-09-13,0.0
1992-09-14,0.0
1992-09-15,24.3
1992-09-16,0.0
1992-09-17,19.0
1992-09-18,0.0
1992-09-19,16.0
1992-09-20,0.0
1992-09-21,0.0
1992-09-22,0.0
1992-09-23,0.0
1992-09-24,0.0
1992-09-25,0.0
1992-09-26,18.1
1992-09-27,15.1
1992-09-28,0.0
1992-09-29,0.0
1992-09-30,0.0
1992-10-01,0.0
1992-10-02,0.0
1992-10-03,0.0
1992-10-04,0.0
1992-10-05,0.0
1992-10-06,0.0
1992-10-07,24.2
1992-10-08,94.6
1992-10-09,24.0
1992-10-10,0.0
1992-10-11,0.0
1992-10-12,28.1
1992-10-13,0.0
1992-10-14,0.0
1992-10-15,0.0
1992-10-16,0.0
1992-10-17,0.0
1992-10-18,56.1
1992-10-19,0.0
1992-10-20,0.0
1992-10-21,13.7
1992-10-22,0.0
1992-10-23,0.0
1992-10-24,0.0
1992-10-25,0.0
1992-10-26,0.0
1992-10-27,0.0
1992-10-28,10.9
1992-10-29,7.4
1992-10-30,24.8
1992-10-31,0.0
1992-11-01,0.0
1992-11-02,0.0
1992-11-03,0.0
1992-11-04,82.4
1992-11-05,45.1
1992-11-06,16.5
1992-11-07,0.0
1992-11-08,0.0
1992-11-09,0.0
1992-11-10,0.0
1992-11-11,0.0
1992-11-12,0.0
1992-11-13,0.0
1992-11-14,0.0
1992-11-15,0.0
1992-11-16,17.5
1992-11-17,22.9
1992-11-18,0.0
1992-11-19,0.0
1992-11-20,0.0
1992-11-21,0.0
1992-11-22,21.6
1992-11-23,42.0
1992-11-24,10.6
1992-11-25,21.0
1992-11-26,151.7
1992-11-27,20.9
1992-11-28,0.0
1992-11-29,0.0
1992-11-30,0.0
1992-12-01,38.4
1992-12-02,13.7
1992-12-03,0.0
1992-12-04,0.0
1992-12-05,0.0
1992-12-06,0.0
1992-12-07,0.0
1992-12-08,0.0
1992-12-09,23.2
1992-12-10,26.5
1992-12-11,11.8
1992-12-12,38.3
1992-12-13,0.0
1992-12-14,0.0
1992-12-15,0.0
1992-12-16,0.0
1992-12-17,24.3
1992-12-18,0.0
1992-12-19,0.0
1992-12-20,15.4
1992-12-21,0.0
1992-12-22,0.0
1992-12-23,0.0
1992-12-24,0.0
1992-12-25,0.0
1992-12-26,0.0
1992-12-27,0.0
1992-12-28,0.0
1992-12-29,0.0
1992-12-30,0.0
1992-12-31,0.0
1993-01-01,0.0
1993-01-02,0.0
1993-01-03,0.0
1993-01-04,0.0
1993-01-05,0.0
1993-01-06,0.0
1993-01-07,0.0
1993-01-08,0.0
1993-01-09,0.0
1993-01-10,0.0
1993-01-11,0.0
1993-01-12,13.2
1993-01-13,0.0
1993-01-14,0.0
1993-01-15,0.0
1993-01-16,0.0
1993-01-17,1.5
1993-01-18,98.1
1993-01-19,2.1
1993-01-20,0.0
1993-01-21,0.0
1993-01-22,0.0
1993-01-23,3.3
1993-01-24,19.9
1993-01-25,0.0
1993-01-26,0.0
1993-01-27,0.0
1993-01-28,9.3
1993-01-29,0.0
1993-01-30,0.0
1993-01-31,0.0
1993-02-01,0.0
1993-02-02,1.2
1993-02-03,26.1
1993-02-04,5.0
1993-02-05,8.8
1993-02-06,0.0
1993-02-07,0.0
1993-02-08,0.0
1993-02-09,0.0
1993-02-10,3.7
1993-02-11,0.0
1993-02-12,12.5
1993-02-13,0.0
1993-02-14,0.0
1993-02-15,0.0
1993-02-16,11.4
1993-02-17,0.0
1993-02-18,0.0
1993-02-19,11.0
1993-02-20,0.0
1993-02-21,0.0
1993-02-22,0.0
1993-02-23,24.1
1993-02-24,41.0
1993-02-25,0.0
1993-02-26,14.4
1993-02-27,43.8
1993-02-28,0.0
1993-03-01,0.0
1993-03-02,0.0
1993-03-03,54.1
1993-03-04,78.1
1993-03-05,86.6
1993-03-06,0.0
1993-03-07,0.0
1993-03-08,0.0
1993-03-09,0.0
1993-03-10,10.0
1993-03-11,0.0
1993-03-12,0.0
1993-03-13,5.9
1993-03-14,0.0
1993-03-15,0.0
1993-03-16,0.0
1993-03-17,0.0
1993-03-18,5.9
1993-03-19,0.0
1993-03-20,21.5
1993-03-21,22.2
1993-03-22,1.5
1993-03-23,0.0
1993-03-24,2.6
1993-03-25,5.5
1993-03-26,6.4
1993-03-27,6.8
1993-03-28,61.0
1993-03-29,54.0
1993-03-30,32.0
1993-03-31,14.0
1993-04-01,5.0
1993-04-02,0.0
1993-04-03,9.3
1993-04-04,5.7
1993-04-05,0.0
1993-04-06,2.1
1993-04-07,3.0
1993-04-08,0.0
1993-04-09,0.0
1993-04-10,0.0
1993-04-11,0.0
1993-04-12,0.0
1993-04-13,4.2
1993-04-14,0.0
1993-04-15,0.0
1993-04-16,3.8
1993-04-17,2.2
1993-04-18,11.2
1993-04-19,3.8
1993-04-20,0.0
1993-04-21,0.0
1993-04-22,48.2
1993-04-23,23.0
1993-04-24,1.9
1993-04-25,62.6
1993-04-26,23.8
1993-04-27,0.0
1993-04-28,13.1
1993-04-29,12.1
1993-04-30,3.1
1993-05-01,2.0
1993-05-02,2.0
1993-05-03,3.0
1993-05-04,0.0
1993-05-05,21.0
1993-05-06,16.2
1993-05-07,12.2
1993-05-08,15.2
1993-05-09,0.0
1993-05-10,0.0
1993-05-11,0.0
1993-05-12,0.0
1993-05-13,0.0
1993-05-14,2.0
1993-05-15,13.0
1993-05-16,25.1
1993-05-17,33.5
1993-05-18,0.0
1993-05-19,0.0
1993-05-20,0.0
1993-05-21,0.0
1993-05-22,0.0
1993-05-23,0.0
1993-05-24,12.0
1993-05-25,0.0
1993-05-26,0.0
1993-05-27,2.0
1993-05-28,18.5
1993-05-29,0.0
1993-05-30,3.5
1993-05-31,3.5
1993-06-01,13.5
1993-06-02,35.1
1993-06-03,32.0
1993-06-04,0.0
1993-06-05,0.0
1993-06-06,13.5
1993-06-07,0.0
1993-06-08,0.0
1993-06-09,0.0
1993-06-10,103.5
1993-06-11,12.0
1993-06-12,48.5
1993-06-13,0.0
1993-06-14,0.0
1993-06-15,0.0
1993-06-16,0.0
1993-06-17,0.0
1993-06-18,0.0
1993-06-19,0.0
1993-06-20,0.0
1993-06-21,0.0
1993-06-22,0.0
1993-06-23,0.0
1993-06-24,0.5
1993-06-25,0.4
1993-06-26,0.0
1993-06-27,0.0
1993-06-28,0.0
1993-06-29,0.0
1993-06-30,0.0
1993-07-01,0.0
1993-07-02,0.0
1993-07-03,0.0
1993-07-04,0.0
1993-07-05,0.0
1993-07-06,0.0
1993-07-07,0.0
1993-07-08,2.1
1993-07-09,42.1
1993-07-10,2.5
1993-07-11,0.0
1993-07-12,0.0
1993-07-13,2.8
1993-07-14,36.2
1993-07-15,5.8
1993-07-16,27.8
1993-07-17,6.2
1993-07-18,2.2
1993-07-19,0.0
1993-07-20,0.0
1993-07-21,42.1
1993-07-22,36.8
1993-07-23,21.4
1993-07-24,21.6
1993-07-25,2.8
1993-07-26,0.0
1993-07-27,0.0
1993-07-28,0.0
1993-07-29,1.6
1993-07-30,0.0
1993-07-31,0.0
1993-08-01,0.0
1993-08-02,0.0
1993-08-03,0.0
1993-08-04,0.0
1993-08-05,0.0
1993-08-06,2.1
1993-08-07,0.0
1993-08-08,0.0
1993-08-09,0.0
1993-08-10,0.0
1993-08-11,0.8
1993-08-12,0.0
1993-08-13,0.0
1993-08-14,0.0
1993-08-15,6.4
1993-08-16,0.2
1993-08-17,0.0
1993-08-18,0.0
1993-08-19,0.0
1993-08-20,0.0
1993-08-21,0.0
1993-08-22,0.0
1993-08-23,0.0
1993-08-24,
1993-08-25,
1993-08-26,
1993-08-27,0.0
1993-08-28,0.0
1993-08-29,0.0
1993-08-30,0.0
1993-08-31,0.0
1993-09-01,0.0
1993-09-02,0.0
1993-09-03,0.0
1993-09-04,0.0
1993-09-05,0.0
1993-09-06,6.4
1993-09-07,0.0
1993-09-08,5.8
1993-09-09,0.0
1993-09-10,0.0
1993-09-11,0.0
1993-09-12,32.1
1993-09-13,3.8
1993-09-14,68.5
1993-09-15,0.0
1993-09-16,0.0
1993-09-17,23.8
1993-09-18,2.5
1993-09-19,33.1
1993-09-20,45.8
1993-09-21,33.0
1993-09-22,22.0
1993-09-23,61.9
1993-09-24,52.0
1993-09-25,22.0
1993-09-26,12.0
1993-09-27,13.5
1993-09-28,32.5
1993-09-29,1.8
1993-09-30,0.0
1993-10-01,0.0
1993-10-02,2.5
1993-10-03,0.0
1993-10-04,6.8
1993-10-05,16.2
1993-10-06,79.4
1993-10-07,0.0
1993-10-08,0.0
1993-10-09,0.0
1993-10-10,0.0
1993-10-11,0.0
1993-10-12,0.0
1993-10-13,0.0
1993-10-14,0.0
1993-10-15,2.3
1993-10-16,0.0
1993-10-17,0.0
1993-10-18,0.0
1993-10-19,0.0
1993-10-20,3.0
1993-10-21,3.3
1993-10-22,0.0
1993-10-23,0.0
1993-10-24,0.0
1993-10-25,0.0
1993-10-26,43.5
1993-10-27,42.5
1993-10-28,2.3
1993-10-29,2.8
1993-10-30,0.0
1993-10-31,0.0
1993-11-01,0.0
1993-11-02,82.3
1993-11-03,84.0
1993-11-04,102.4
1993-11-05,0.0
1993-11-06,0.0
1993-11-07,22.1
1993-11-08,0.0
1993-11-09,0.0
1993-11-10,0.0
1993-11-11,22.0
1993-11-12,0.0
1993-11-13,0.0
1993-11-14,0.0
1993-11-15,0.0
1993-11-16,5.3
1993-11-17,0.0
1993-11-18,46.6
1993-11-19,0.0
1993-11-20,0.0
1993-11-21,0.0
1993-11-22,0.0
1993-11-23,22.1
1993-11-24,0.0
1993-11-25,0.0
1993-11-26,0.0
1993-11-27,0.0
1993-11-28,1.4
1993-11-29,2.4
1993-11-30,0.0
1993-12-01,3.3
1993-12-02,2.1
1993-12-03,0.0
1993-12-04,0.0
1993-12-05,0.0
1993-12-06,0.0
1993-12-07,0.0
1993-12-08,0.0
1993-12-09,0.0
1993-12-10,5.5
1993-12-11,0.0
1993-12-12,0.0
1993-12-13,0.0
1993-12-14,0.0
1993-12-15,0.0
1993-12-16,104.5
1993-12-17,62.0
1993-12-18,9.0
1993-12-19,0.0
1993-12-20,0.0
1993-12-21,3.5
1993-12-22,0.0
1993-12-23,14.5
1993-12-24,0.0
1993-12-25,0.0
1993-12-26,0.0
1993-12-27,62.3
1993-12-28,0.0
1993-12-29,0.0
1993-12-30,0.0
1993-12-31,0.0
1994-01-01,0.0
1994-01-02,0.0
1994-01-03,0.0
1994-01-04,0.0
1994-01-05,0.0
1994-01-06,2.6
1994-01-07,0.0
1994-01-08,0.0
1994-01-09,0.0
1994-01-10,21.8
1994-01-11,0.0
1994-01-12,0.0
1994-01-13,0.0
1994-01-14,1.4
1994-01-15,64.3
1994-01-16,0.0
1994-01-17,0.0
1994-01-18,0.0
1994-01-19,0.0
1994-01-20,0.0
1994-01-21,1.5
1994-01-22,0.0
1994-01-23,0.0
1994-01-24,0.0
1994-01-25,26.3
1994-01-26,32.3
1994-01-27,82.1
1994-01-28,9.3
1994-01-29,81.5
1994-01-30,32.4
1994-01-31,107.2
1994-02-01,5.5
1994-02-02,0.0
1994-02-03,0.0
1994-02-04,9.5
1994-02-05,92.5
1994-02-06,61.5
1994-02-07,8.5
1994-02-08,5.5
1994-02-09,0.0
1994-02-10,0.0
1994-02-11,0.0
1994-02-12,0.0
1994-02-13,0.0
1994-02-14,0.0
1994-02-15,0.0
1994-02-16,0.0
1994-02-17,0.0
1994-02-18,0.0
1994-02-19,0.0
1994-02-20,0.0
1994-02-21,0.0
1994-02-22,0.0
1994-02-23,0.0
1994-02-24,0.0
1994-02-25,7.1
1994-02-26,4.0
1994-02-27,0.0
1994-02-28,19.0
1994-03-01,9.0
1994-03-02,112.3
1994-03-03,222.0
1994-03-04,9.7
1994-03-05,4.3
1994-03-06,9.8
1994-03-07,19.0
1994-03-08,12.3
1994-03-09,89.7
1994-03-10,9.2
1994-03-11,5.4
1994-03-12,19.8
1994-03-13,73.5
1994-03-14,5.5
1994-03-15,2.3
1994-03-16,0.0
1994-03-17,0.0
1994-03-18,0.0
1994-03-19,0.0
1994-03-20,0.0
1994-03-21,2.3
1994-03-22,2.0
1994-03-23,0.0
1994-03-24,5.3
1994-03-25,15.3
1994-03-26,4.5
1994-03-27,124.3
1994-03-28,4.9
1994-03-29,5.2
1994-03-30,11.9
1994-03-31,25.3
1994-04-01,0.0
1994-04-02,0.0
1994-04-03,2.5
1994-04-04,0.0
1994-04-05,0.0
1994-04-06,0.0
1994-04-07,25.4
1994-04-08,2.3
1994-04-09,0.0
1994-04-10,0.0
1994-04-11,0.0
1994-04-12,3.0
1994-04-13,0.0
1994-04-14,4.5
1994-04-15,5.5
1994-04-16,0.0
1994-04-17,0.0
1994-04-18,22.3
1994-04-19,9.5
1994-04-20,24.5
1994-04-21,0.0
1994-04-22,34.5
1994-04-23,25.3
1994-04-24,11.5
1994-04-25,0.0
1994-04-26,0.0
1994-04-27,9.5
1994-04-28,0.0
1994-04-29,0.0
1994-04-30,0.0
1994-05-01,0.0
1994-05-02,0.0
1994-05-03,0.0
1994-05-04,0.0
1994-05-05,0.0
1994-05-06,0.0
1994-05-07,0.0
1994-05-08,0.0
1994-05-09,0.0
1994-05-10,5.4
1994-05-11,3.5
1994-05-12,0.0
1994-05-13,0.0
1994-05-14,42.1
1994-05-15,68.0
1994-05-16,0.0
1994-05-17,0.0
1994-05-18,0.0
1994-05-19,0.0
1994-05-20,0.0
1994-05-21,0.0
1994-05-22,0.0
1994-05-23,0.0
1994-05-24,0.0
1994-05-25,2.8
1994-05-26,0.0
1994-05-27,0.0
1994-05-28,0.0
1994-05-29,0.0
1994-05-30,9.4
1994-05-31,5.4
1994-06-01,5.3
1994-06-02,4.8
1994-06-03,0.0
1994-06-04,8.0
1994-06-05,8.2
1994-06-06,0.0
1994-06-07,0.0
1994-06-08,0.0
1994-06-09,0.0
1994-06-10,0.0
1994-06-11,0.0
1994-06-12,0.0
1994-06-13,0.0
1994-06-14,4.3
1994-06-15,0.0
1994-06-16,0.0
1994-06-17,0.0
1994-06-18,0.0
1994-06-19,0.0
1994-06-20,0.0
1994-06-21,0.0
1994-06-22,0.0
1994-06-23,0.0
1994-06-24,24.3
1994-06-25,42.4
1994-06-26,0.0
1994-06-27,0.0
1994-06-28,0.0
1994-06-29,0.0
1994-06-30,0.0
1994-07-01,0.0
1994-07-02,0.0
1994-07-03,0.0
1994-07-04,33.5
1994-07-05,51.5
1994-07-06,0.0
1994-07-07,0.0
1994-07-08,0.0
1994-07-09,52.1
1994-07-10,33.0
1994-07-11,0.0
1994-07-12,0.0
1994-07-13,0.0
1994-07-14,0.0
1994-07-15,0.0
1994-07-16,0.0
1994-07-17,0.0
1994-07-18,0.0
1994-07-19,0.0
1994-07-20,0.0
1994-07-21,0.0
1994-07-22,14.3
1994-07-23,25.1
1994-07-24,0.0
1994-07-25,0.0
1994-07-26,0.0
1994-07-27,0.0
1994-07-28,0.0
1994-07-29,0.0
1994-07-30,0.0
1994-07-31,0.0
1994-08-01,0.0
1994-08-02,0.0
1994-08-03,0.0
1994-08-04,5.4
1994-08-05,0.0
1994-08-06,0.0
1994-08-07,0.0
1994-08-08,0.0
1994-08-09,0.0
1994-08-10,0.0
1994-08-11,8.4
1994-08-12,0.0
1994-08-13,0.0
1994-08-14,0.0
1994-08-15,0.0
1994-08-16,0.0
1994-08-17,0.0
1994-08-18,0.0
1994-08-19,0.0
1994-08-20,0.0
1994-08-21,0.0
1994-08-22,3.8
1994-08-23,42.8
1994-08-24,0.0
1994-08-25,0.0
1994-08-26,0.0
1994-08-27,34.3
1994-08-28,4.5
1994-08-29,0.0
1994-08-30,0.0
1994-08-31,0.0
1994-09-01,0.0
1994-09-02,0.0
1994-09-03,0.0
1994-09-04,0.0
1994-09-05,34.5
1994-09-06,23.2
1994-09-07,0.0
1994-09-08,0.0
1994-09-09,34.8
1994-09-10,35.2
1994-09-11,0.0
1994-09-12,0.0
1994-09-13,0.0
1994-09-14,0.0
1994-09-15,0.0
1994-09-16,0.0
1994-09-17,34.8
1994-09-18,24.3
1994-09-19,0.0
1994-09-20,0.0
1994-09-21,0.0
1994-09-22,0.0
1994-09-23,0.0
1994-09-24,0.0
1994-09-25,0.0
1994-09-26,0.0
1994-09-27,6.9
1994-09-28,0.0
1994-09-29,0.0
1994-09-30,0.0
1994-10-01,0.0
1994-10-02,0.0
1994-10-03,0.0
1994-10-04,0.0
1994-10-05,9.0
1994-10-06,12.3
1994-10-07,9.2
1994-10-08,0.0
1994-10-09,0.0
1994-10-10,0.0
1994-10-11,0.0
1994-10-12,23.4
1994-10-13,5.4
1994-10-14,0.0
1994-10-15,0.0
1994-10-16,0.0
1994-10-17,0.0
1994-10-18,0.0
1994-10-19,0.0
1994-10-20,0.0
1994-10-21,0.0
1994-10-22,0.0
1994-10-23,0.0
1994-10-24,0.0
1994-10-25,0.0
1994-10-26,3.8
1994-10-27,21.5
1994-10-28,2.5
1994-10-29,8.4
1994-10-30,22.4
1994-10-31,0.0
1994-11-01,24.6
1994-11-02,0.0
1994-11-03,0.0
1994-11-04,0.0
1994-11-05,0.0
1994-11-06,0.0
1994-11-07,0.0
1994-11-08,0.0
1994-11-09,0.0
1994-11-10,0.0
1994-11-11,0.0
1994-11-12,0.0
1994-11-13,0.0
1994-11-14,0.0
1994-11-15,0.0
1994-11-16,0.0
1994-11-17,0.0
1994-11-18,0.0
1994-11-19,113.5
1994-11-20,42.5
1994-11-21,0.0
1994-11-22,0.0
1994-11-23,
1994-11-24,
1994-11-25,
1994-11-26,
1994-11-27,
1994-11-28,
1994-11-29,
1994-11-30,
1994-12-01,
1994-12-02,
1994-12-03,
1994-12-04,
1994-12-05,
1994-12-06,
1994-12-07,
1994-12-08,0.0
1994-12-09,0.0
1994-12-10,0.0
1994-12-11,0.0
1994-12-12,0.0
1994-12-13,0.0
1994-12-14,0.0
1994-12-15,0.0
1994-12-16,0.0
1994-12-17,0.0
1994-12-18,0.0
1994-12-19,0.0
1994-12-20,0.0
1994-12-21,15.4
1994-12-22,19.2
1994-12-23,0.0
1994-12-24,2.0
1994-12-25,0.0
1994-12-26,0.0
1994-12-27,0.0
1994-12-28,0.0
1994-12-29,0.0
1994-12-30,0.0
1994-12-31,0.0
1995-01-01,12.3
1995-01-02,0.0
1995-01-03,0.0
1995-01-04,0.0
1995-01-05,0.0
1995-01-06,0.0
1995-01-07,0.0
1995-01-08,4.5
1995-01-09,0.0
1995-01-10,0.0
1995-01-11,0.0
1995-01-12,0.0
1995-01-13,0.0
1995-01-14,9.5
1995-01-15,0.0
1995-01-16,0.0
1995-01-17,0.0
1995-01-18,0.0
1995-01-19,15.4
1995-01-20,12.3
1995-01-21,9.5
1995-01-22,10.0
1995-01-23,4.5
1995-01-24,0.0
1995-01-25,0.0
1995-01-26,0.0
1995-01-27,0.0
1995-01-28,0.0
1995-01-29,0.0
1995-01-30,0.0
1995-01-31,0.0
1995-02-01,2.3
1995-02-02,14.0
1995-02-03,4.5
1995-02-04,8.5
1995-02-05,12.5
1995-02-06,3.5
1995-02-07,3.8
1995-02-08,25.8
1995-02-09,4.5
1995-02-10,5.5
1995-02-11,3.5
1995-02-12,22.1
1995-02-13,5.4
1995-02-14,4.5
1995-02-15,4.2
1995-02-16,5.8
1995-02-17,4.2
1995-02-18,0.0
1995-02-19,2.0
1995-02-20,34.5
1995-02-21,0.0
1995-02-22,7.9
1995-02-23,6.2
1995-02-24,5.8
1995-02-25,10.3
1995-02-26,21.2
1995-02-27,2.4
1995-02-28,10.1
1995-03-01,
1995-03-02,
1995-03-03,
1995-03-04,
1995-03-05,
1995-03-06,
1995-03-07,
1995-03-08,
1995-03-09,
1995-03-10,
1995-03-11,
1995-03-12,
1995-03-13,
1995-03-14,
1995-03-15,
1995-03-16,
1995-03-17,
1995-03-18,
1995-03-19,
1995-03-20,
1995-03-21,
1995-03-22,
1995-03-23,
1995-03-24,
1995-03-25,
1995-03-26,
1995-03-27,
1995-03-28,
1995-03-29,
1995-03-30,
1995-03-31,
1995-04-01,
1995-04-02,
1995-04-03,
1995-04-04,
1995-04-05,
1995-04-06,
1995-04-07,
1995-04-08,
1995-04-09,
1995-04-10,
1995-04-11,
1995-04-12,
1995-04-13,
1995-04-14,
1995-04-15,
1995-04-16,
1995-04-17,
1995-04-18,
1995-04-19,
1995-04-20,
1995-04-21,
1995-04-22,
1995-04-23,
1995-04-24,
1995-04-25,
1995-04-26,
1995-04-27,
1995-04-28,
1995-04-29,
1995-04-30,
1995-05-01,
1995-05-02,
1995-05-03,
1995-05-04,
1995-05-05,0.0
1995-05-06,0.0
1995-05-07,0.0
1995-05-08,4.0
1995-05-09,0.0
1995-05-10,0.0
1995-05-11,5.4
1995-05-12,2.6
1995-05-13,0.0
1995-05-14,0.0
1995-05-15,0.0
1995-05-16,0.0
1995-05-17,9.8
1995-05-18,6.3
1995-05-19,83.5
1995-05-20,0.0
1995-05-21,0.0
1995-05-22,1.0
1995-05-23,0.0
1995-05-24,2.0
1995-05-25,6.8
1995-05-26,70.0
1995-05-27,6.5
1995-05-28,0.0
1995-05-29,0.0
1995-05-30,1.5
1995-05-31,0.0
1995-06-01,0.0
1995-06-02,0.0
1995-06-03,0.0
1995-06-04,0.0
1995-06-05,0.0
1995-06-06,0.0
1995-06-07,0.0
1995-06-08,0.0
1995-06-09,0.0
1995-06-10,0.0
1995-06-11,0.0
1995-06-12,0.0
1995-06-13,0.0
1995-06-14,0.0
1995-06-15,0.0
1995-06-16,0.0
1995-06-17,0.0
1995-06-18,0.0
1995-06-19,19.0
1995-06-20,108.0
1995-06-21,20.0
1995-06-22,0.0
1995-06-23,0.0
1995-06-24,0.0
1995-06-25,0.0
1995-06-26,4.0
1995-06-27,4.0
1995-06-28,0.0
1995-06-29,0.0
1995-06-30,37.7
1995-07-01,53.4
1995-07-02,0.0
1995-07-03,0.0
1995-07-04,0.0
1995-07-05,0.0
1995-07-06,0.0
1995-07-07,0.0
1995-07-08,45.0
1995-07-09,33.1
1995-07-10,23.5
1995-07-11,7.0
1995-07-12,0.0
1995-07-13,0.0
1995-07-14,0.0
1995-07-15,0.0
1995-07-16,0.0
1995-07-17,0.0
1995-07-18,0.0
1995-07-19,0.0
1995-07-20,0.0
1995-07-21,17.0
1995-07-22,26.0
1995-07-23,6.0
1995-07-24,0.2
1995-07-25,0.0
1995-07-26,0.0
1995-07-27,0.0
1995-07-28,0.0
1995-07-29,0.0
1995-07-30,0.0
1995-07-31,0.0
1995-08-01,0.0
1995-08-02,0.0
1995-08-03,0.0
1995-08-04,0.0
1995-08-05,64.5
1995-08-06,70.2
1995-08-07,0.0
1995-08-08,0.0
1995-08-09,0.0
1995-08-10,0.9
1995-08-11,0.0
1995-08-12,0.9
1995-08-13,0.0
1995-08-14,0.0
1995-08-15,0.0
1995-08-16,0.0
1995-08-17,4.8
1995-08-18,0.4
1995-08-19,0.0
1995-08-20,4.0
1995-08-21,4.8
1995-08-22,0.0
1995-08-23,0.0
1995-08-24,0.0
1995-08-25,0.0
1995-08-26,0.0
1995-08-27,0.0
1995-08-28,0.0
1995-08-29,0.0
1995-08-30,0.0
1995-08-31,0.0
1995-09-01,0.0
1995-09-02,0.0
1995-09-03,4.0
1995-09-04,20.0
1995-09-05,0.0
1995-09-06,0.0
1995-09-07,0.0
1995-09-08,0.0
1995-09-09,0.0
1995-09-10,0.0
1995-09-11,0.0
1995-09-12,0.0
1995-09-13,59.4
1995-09-14,0.2
1995-09-15,2.0
1995-09-16,29.5
1995-09-17,0.0
1995-09-18,2.9
1995-09-19,0.0
1995-09-20,0.0
1995-09-21,110.0
1995-09-22,0.0
1995-09-23,0.0
1995-09-24,0.0
1995-09-25,0.0
1995-09-26,0.0
1995-09-27,0.0
1995-09-28,0.0
1995-09-29,0.0
1995-09-30,11.0
1995-10-01,0.0
1995-10-02,0.0
1995-10-03,0.0
1995-10-04,0.0
1995-10-05,1.9
1995-10-06,5.7
1995-10-07,0.0
1995-10-08,0.0
1995-10-09,0.0
1995-10-10,9.2
1995-10-11,4.7
1995-10-12,1.4
1995-10-13,0.0
1995-10-14,50.7
1995-10-15,8.1
1995-10-16,31.3
1995-10-17,27.0
1995-10-18,13.2
1995-10-19,17.3
1995-10-20,8.5
1995-10-21,18.0
1995-10-22,45.5
1995-10-23,0.0
1995-10-24,0.0
1995-10-25,0.0
1995-10-26,0.0
1995-10-27,0.0
1995-10-28,0.0
1995-10-29,85.1
1995-10-30,37.4
1995-10-31,27.4
1995-11-01,10.1
1995-11-02,13.5
1995-11-03,0.0
1995-11-04,0.0
1995-11-05,0.0
1995-11-06,0.0
1995-11-07,0.0
1995-11-08,0.0
1995-11-09,0.0
1995-11-10,0.0
1995-11-11,2.0
1995-11-12,80.2
1995-11-13,45.3
1995-11-14,54.2
1995-11-15,58.7
1995-11-16,3.3
1995-11-17,0.0
1995-11-18,0.0
1995-11-19,23.5
1995-11-20,13.7
1995-11-21,31.3
1995-11-22,0.0
1995-11-23,0.0
1995-11-24,0.0
1995-11-25,0.0
1995-11-26,0.0
1995-11-27,12.5
1995-11-28,44.1
1995-11-29,0.0
1995-11-30,0.0
1995-12-01,0.0
1995-12-02,0.0
1995-12-03,0.0
1995-12-04,0.0
1995-12-05,9.1
1995-12-06,0.0
1995-12-07,0.0
1995-12-08,0.0
1995-12-09,6.2
1995-12-10,1.7
1995-12-11,0.0
1995-12-12,0.0
1995-12-13,8.8
1995-12-14,96.3
1995-12-15,10.9
1995-12-16,0.0
1995-12-17,0.0
1995-12-18,0.0
1995-12-19,0.0
1995-12-20,6.7
1995-12-21,0.0
1995-12-22,0.0
1995-12-23,0.0
1995-12-24,28.8
1995-12-25,0.0
1995-12-26,1.2
1995-12-27,8.0
1995-12-28,17.1
1995-12-29,10.0
1995-12-30,4.7
1995-12-31,19.1
1996-01-01,0.0
1996-01-02,11.5
1996-01-03,72.3
1996-01-04,77.1
1996-01-05,68.1
1996-01-06,81.3
1996-01-07,56.8
1996-01-08,70.6
1996-01-09,2.0
1996-01-10,1.5
1996-01-11,0.0
1996-01-12,0.0
1996-01-13,0.0
1996-01-14,0.0
1996-01-15,0.0
1996-01-16,0.0
1996-01-17,0.0
1996-01-18,0.0
1996-01-19,10.0
1996-01-20,20.0
1996-01-21,10.4
1996-01-22,10.9
1996-01-23,0.0
1996-01-24,10.0
1996-01-25,0.0
1996-01-26,5.8
1996-01-27,0.0
1996-01-28,0.0
1996-01-29,0.0
1996-01-30,0.0
1996-01-31,0.0
1996-02-01,0.0
1996-02-02,6.1
1996-02-03,23.8
1996-02-04,17.7
1996-02-05,94.0
1996-02-06,7.4
1996-02-07,123.4
1996-02-08,10.6
1996-02-09,12.0
1996-02-10,2.6
1996-02-11,56.0
1996-02-12,72.0
1996-02-13,359.4
1996-02-14,142.8
1996-02-15,35.1
1996-02-16,0.0
1996-02-17,6.1
1996-02-18,7.9
1996-02-19,11.3
1996-02-20,0.0
1996-02-21,18.6
1996-02-22,0.0
1996-02-23,0.0
1996-02-24,0.0
1996-02-25,0.0
1996-02-26,14.2
1996-02-27,0.0
1996-02-28,0.0
1996-02-29,0.0
1996-03-01,22.0
1996-03-02,10.0
1996-03-03,52.9
1996-03-04,42.8
1996-03-05,33.1
1996-03-06,4.2
1996-03-07,17.7
1996-03-08,78.3
1996-03-09,2.7
1996-03-10,33.6
1996-03-11,6.4
1996-03-12,0.0
1996-03-13,0.6
1996-03-14,4.9
1996-03-15,0.0
1996-03-16,15.1
1996-03-17,4.5
1996-03-18,38.5
1996-03-19,3.6
1996-03-20,44.0
1996-03-21,19.3
1996-03-22,12.0
1996-03-23,24.9
1996-03-24,0.0
1996-03-25,0.0
1996-03-26,0.0
1996-03-27,0.0
1996-03-28,36.1
1996-03-29,13.4
1996-03-30,0.0
1996-03-31,0.0
1996-04-01,0.2
1996-04-02,0.0
1996-04-03,0.0
1996-04-04,0.0
1996-04-05,0.0
1996-04-06,0.0
1996-04-07,0.0
1996-04-08,1.5
1996-04-09,0.0
1996-04-10,0.0
1996-04-11,6.9
1996-04-12,24.6
1996-04-13,7.8
1996-04-14,25.1
1996-04-15,0.0
1996-04-16,1.5
1996-04-17,29.5
1996-04-18,126.9
1996-04-19,4.1
1996-04-20,17.1
1996-04-21,0.3
1996-04-22,0.4
1996-04-23,0.1
1996-04-24,0.0
1996-04-25,0.0
1996-04-26,3.1
1996-04-27,28.5
1996-04-28,0.0
1996-04-29,0.0
1996-04-30,0.0
1996-05-01,0.0
1996-05-02,0.1
1996-05-03,33.5
1996-05-04,4.8
1996-05-05,0.0
1996-05-06,0.0
1996-05-07,0.0
1996-05-08,0.0
1996-05-09,0.0
1996-05-10,0.0
1996-05-11,0.0
1996-05-12,0.0
1996-05-13,0.0
1996-05-14,0.0
1996-05-15,0.0
1996-05-16,1.8
1996-05-17,28.0
1996-05-18,0.0
1996-05-19,0.0
1996-05-20,0.0
1996-05-21,0.0
1996-05-22,0.4
1996-05-23,3.3
1996-05-24,40.0
1996-05-25,5.6
1996-05-26,0.0
1996-05-27,0.0
1996-05-28,0.0
1996-05-29,0.0
1996-05-30,0.0
1996-05-31,0.0
1996-06-01,0.0
1996-06-02,20.0
1996-06-03,2.5
1996-06-04,11.7
1996-06-05,0.0
1996-06-06,0.0
1996-06-07,0.0
1996-06-08,0.0
1996-06-09,4.6
1996-06-10,1.3
1996-06-11,0.0
1996-06-12,0.0
1996-06-13,0.0
1996-06-14,0.0
1996-06-15,0.0
1996-06-16,0.0
1996-06-17,0.0
1996-06-18,0.0
1996-06-19,0.0
1996-06-20,0.0
1996-06-21,0.0
1996-06-22,4.3
1996-06-23,28.5
1996-06-24,5.0
1996-06-25,0.3
1996-06-26,0.0
1996-06-27,0.0
1996-06-28,5.3
1996-06-29,3.6
1996-06-30,0.2
1996-07-01,3.9
1996-07-02,0.0
1996-07-03,0.0
1996-07-04,1.5
1996-07-05,10.0
1996-07-06,0.0
1996-07-07,4.9
1996-07-08,3.0
1996-07-09,0.0
1996-07-10,0.0
1996-07-11,0.0
1996-07-12,0.0
1996-07-13,0.0
1996-07-14,0.0
1996-07-15,0.0
1996-07-16,15.0
1996-07-17,3.0
1996-07-18,1.2
1996-07-19,0.0
1996-07-20,0.0
1996-07-21,0.0
1996-07-22,4.5
1996-07-23,0.0
1996-07-24,0.0
1996-07-25,0.0
1996-07-26,0.0
1996-07-27,0.0
1996-07-28,2.9
1996-07-29,3.7
1996-07-30,2.7
1996-07-31,2.0
1996-08-01,0.2
1996-08-02,0.0
1996-08-03,0.0
1996-08-04,0.0
1996-08-05,0.0
1996-08-06,0.0
1996-08-07,0.0
1996-08-08,0.0
1996-08-09,0.8
1996-08-10,3.5
1996-08-11,29.8
1996-08-12,0.1
1996-08-13,0.0
1996-08-14,0.1
1996-08-15,17.6
1996-08-16,0.0
1996-08-17,0.0
1996-08-18,0.0
1996-08-19,0.0
1996-08-20,0.0
1996-08-21,0.0
1996-08-22,0.0
1996-08-23,0.0
1996-08-24,0.0
1996-08-25,0.0
1996-08-26,0.0
1996-08-27,0.0
1996-08-28,0.0
1996-08-29,8.4
1996-08-30,1.3
1996-08-31,0.0
1996-09-01,0.0
1996-09-02,0.0
1996-09-03,0.0
1996-09-04,14.7
1996-09-05,1.0
1996-09-06,20.0
1996-09-07,20.0
1996-09-08,0.0
1996-09-09,0.0
1996-09-10,55.0
1996-09-11,53.5
1996-09-12,6.5
1996-09-13,6.7
1996-09-14,0.0
1996-09-15,0.0
1996-09-16,0.0
1996-09-17,1.8
1996-09-18,34.0
1996-09-19,0.0
1996-09-20,0.0
1996-09-21,0.0
1996-09-22,0.0
1996-09-23,0.0
1996-09-24,0.0
1996-09-25,0.4
1996-09-26,5.1
1996-09-27,24.2
1996-09-28,1.4
1996-09-29,0.0
1996-09-30,3.0
1996-10-01,3.9
1996-10-02,0.0
1996-10-03,0.0
1996-10-04,23.8
1996-10-05,0.0
1996-10-06,0.0
1996-10-07,28.2
1996-10-08,1.2
1996-10-09,0.0
1996-10-10,0.0
1996-10-11,2.4
1996-10-12,0.0
1996-10-13,0.0
1996-10-14,14.4
1996-10-15,0.0
1996-10-16,0.0
1996-10-17,0.0
1996-10-18,0.0
1996-10-19,0.0
1996-10-20,0.0
1996-10-21,9.5
1996-10-22,47.7
1996-10-23,0.2
1996-10-24,0.0
1996-10-25,6.0
1996-10-26,12.8
1996-10-27,17.0
1996-10-28,50.0
1996-10-29,0.3
1996-10-30,0.0
1996-10-31,0.0
1996-11-01,0.0
1996-11-02,0.0
1996-11-03,12.9
1996-11-04,20.0
1996-11-05,1.1
1996-11-06,0.0
1996-11-07,0.0
1996-11-08,0.0
1996-11-09,0.0
1996-11-10,0.0
1996-11-11,0.0
1996-11-12,22.8
1996-11-13,0.0
1996-11-14,0.0
1996-11-15,8.8
1996-11-16,2.0
1996-11-17,0.0
1996-11-18,40.0
1996-11-19,1.1
1996-11-20,1.4
1996-11-21,40.0
1996-11-22,25.4
1996-11-23,9.0
1996-11-24,0.0
1996-11-25,0.0
1996-11-26,0.0
1996-11-27,0.0
1996-11-28,0.0
1996-11-29,0.0
1996-11-30,1.2
1996-12-01,2.0
1996-12-02,0.0
1996-12-03,1.1
1996-12-04,4.0
1996-12-05,10.0
1996-12-06,4.6
1996-12-07,3.7
1996-12-08,18.9
1996-12-09,10.4
1996-12-10,0.0
1996-12-11,0.0
1996-12-12,8.7
1996-12-13,1.0
1996-12-14,1.2
1996-12-15,0.0
1996-12-16,0.0
1996-12-17,0.0
1996-12-18,0.0
1996-12-19,0.0
1996-12-20,16.5
1996-12-21,30.0
1996-12-22,0.0
1996-12-23,1.0
1996-12-24,0.0
1996-12-25,1.0
1996-12-26,0.0
1996-12-27,0.0
1996-12-28,1.0
1996-12-29,0.0
1996-12-30,0.0
1996-12-31,0.0
1997-01-01,0.0
1997-01-02,0.5
1997-01-03,1.0
1997-01-04,0.0
1997-01-05,4.8
1997-01-06,6.9
1997-01-07,2.7
1997-01-08,0.8
1997-01-09,0.0
1997-01-10,0.0
1997-01-11,51.8
1997-01-12,0.0
1997-01-13,12.4
1997-01-14,9.0
1997-01-15,10.0
1997-01-16,51.5
1997-01-17,63.0
1997-01-18,13.0
1997-01-19,6.0
1997-01-20,0.0
1997-01-21,10.0
1997-01-22,11.0
1997-01-23,1.0
1997-01-24,0.0
1997-01-25,17.5
1997-01-26,25.0
1997-01-27,17.0
1997-01-28,3.0
1997-01-29,6.0
1997-01-30,0.0
1997-01-31,0.0
1997-02-01,0.0
1997-02-02,0.0
1997-02-03,0.0
1997-02-04,0.0
1997-02-05,0.0
1997-02-06,0.0
1997-02-07,0.0
1997-02-08,0.0
1997-02-09,0.0
1997-02-10,0.0
1997-02-11,0.0
1997-02-12,0.0
1997-02-13,0.0
1997-02-14,0.0
1997-02-15,0.0
1997-02-16,0.0
1997-02-17,0.0
1997-02-18,20.0
1997-02-19,7.3
1997-02-20,0.0
1997-02-21,3.3
1997-02-22,0.0
1997-02-23,0.0
1997-02-24,0.0
1997-02-25,0.0
1997-02-26,0.0
1997-02-27,0.0
1997-02-28,0.0
1997-03-01,10.0
1997-03-02,15.0
1997-03-03,5.0
1997-03-04,30.0
1997-03-05,0.3
1997-03-06,0.0
1997-03-07,3.4
1997-03-08,0.0
1997-03-09,0.0
1997-03-10,0.0
1997-03-11,0.0
1997-03-12,0.0
1997-03-13,0.0
1997-03-14,0.0
1997-03-15,0.0
1997-03-16,19.6
1997-03-17,8.9
1997-03-18,1.8
1997-03-19,0.0
1997-03-20,0.0
1997-03-21,0.0
1997-03-22,0.0
1997-03-23,0.0
1997-03-24,0.0
1997-03-25,0.0
1997-03-26,5.7
1997-03-27,0.0
1997-03-28,0.0
1997-03-29,0.0
1997-03-30,0.0
1997-03-31,0.3
1997-04-01,6.7
1997-04-02,0.0
1997-04-03,3.6
1997-04-04,0.0
1997-04-05,19.7
1997-04-06,2.2
1997-04-07,6.7
1997-04-08,25.9
1997-04-09,0.0
1997-04-10,1.4
1997-04-11,0.0
1997-04-12,0.0
1997-04-13,0.0
1997-04-14,0.0
1997-04-15,0.0
1997-04-16,0.0
1997-04-17,0.0
1997-04-18,1.2
1997-04-19,0.0
1997-04-20,0.0
1997-04-21,1.5
1997-04-22,20.9
1997-04-23,12.0
1997-04-24,6.4
1997-04-25,0.0
1997-04-26,0.0
1997-04-27,15.2
1997-04-28,0.0
1997-04-29,0.0
1997-04-30,0.0
1997-05-01,0.0
1997-05-02,0.0
1997-05-03,0.0
1997-05-04,0.0
1997-05-05,45.3
1997-05-06,0.0
1997-05-07,0.0
1997-05-08,0.0
1997-05-09,0.0
1997-05-10,0.0
1997-05-11,0.6
1997-05-12,3.1
1997-05-13,7.3
1997-05-14,10.0
1997-05-15,4.1
1997-05-16,0.0
1997-05-17,0.0
1997-05-18,0.0
1997-05-19,0.0
1997-05-20,0.0
1997-05-21,0.0
1997-05-22,0.0
1997-05-23,6.2
1997-05-24,6.2
1997-05-25,18.7
1997-05-26,24.0
1997-05-27,5.9
1997-05-28,14.3
1997-05-29,0.0
1997-05-30,0.0
1997-05-31,4.2
1997-06-01,0.3
1997-06-02,5.8
1997-06-03,0.3
1997-06-04,0.4
1997-06-05,0.5
1997-06-06,16.7
1997-06-07,17.2
1997-06-08,0.0
1997-06-09,0.0
1997-06-10,0.8
1997-06-11,0.7
1997-06-12,0.2
1997-06-13,0.0
1997-06-14,0.0
1997-06-15,9.2
1997-06-16,0.0
1997-06-17,0.1
1997-06-18,0.0
1997-06-19,0.0
1997-06-20,0.8
1997-06-21,0.0
1997-06-22,0.0
1997-06-23,0.0
1997-06-24,0.0
1997-06-25,0.0
1997-06-26,0.0
1997-06-27,0.0
1997-06-28,19.6
1997-06-29,9.5
1997-06-30,7.1
1997-07-01,22.2
1997-07-02,5.1
1997-07-03,2.1
1997-07-04,0.0
1997-07-05,2.3
1997-07-06,0.0
1997-07-07,0.0
1997-07-08,0.0
1997-07-09,0.0
1997-07-10,1.3
1997-07-11,0.0
1997-07-12,0.0
1997-07-13,14.7
1997-07-14,0.0
1997-07-15,0.0
1997-07-16,0.0
1997-07-17,0.0
1997-07-18,0.0
1997-07-19,0.0
1997-07-20,0.1
1997-07-21,0.0
1997-07-22,3.2
1997-07-23,0.0
1997-07-24,0.0
1997-07-25,0.0
1997-07-26,0.0
1997-07-27,0.0
1997-07-28,0.0
1997-07-29,0.0
1997-07-30,0.0
1997-07-31,0.0
1997-08-01,0.0
1997-08-02,0.0
1997-08-03,0.0
1997-08-04,0.0
1997-08-05,17.4
1997-08-06,93.8
1997-08-07,71.0
1997-08-08,6.5
1997-08-09,6.6
1997-08-10,0.0
1997-08-11,0.0
1997-08-12,0.0
1997-08-13,0.0
1997-08-14,0.0
1997-08-15,0.0
1997-08-16,0.0
1997-08-17,0.0
1997-08-18,0.0
1997-08-19,0.0
1997-08-20,0.0
1997-08-21,0.0
1997-08-22,0.0
1997-08-23,1.9
1997-08-24,10.0
1997-08-25,5.3
1997-08-26,1.6
1997-08-27,0.0
1997-08-28,0.0
1997-08-29,0.0
1997-08-30,0.0
1997-08-31,0.0
1997-09-01,0.0
1997-09-02,0.0
1997-09-03,0.0
1997-09-04,0.0
1997-09-05,0.0
1997-09-06,0.0
1997-09-07,0.0
1997-09-08,0.0
1997-09-09,0.0
1997-09-10,0.0
1997-09-11,35.7
1997-09-12,22.7
1997-09-13,0.0
1997-09-14,0.0
1997-09-15,4.4
1997-09-16,52.8
1997-09-17,0.0
1997-09-18,0.0
1997-09-19,1.4
1997-09-20,0.4
1997-09-21,12.6
1997-09-22,1.0
1997-09-23,5.0
1997-09-24,0.0
1997-09-25,0.0
1997-09-26,45.6
1997-09-27,47.8
1997-09-28,0.4
1997-09-29,0.1
1997-09-30,40.6
1997-10-01,0.2
1997-10-02,3.5
1997-10-03,34.5
1997-10-04,3.4
1997-10-05,0.0
1997-10-06,0.0
1997-10-07,20.4
1997-10-08,153.7
1997-10-09,0.2
1997-10-10,0.1
1997-10-11,0.0
1997-10-12,0.0
1997-10-13,0.5
1997-10-14,6.0
1997-10-15,0.0
1997-10-16,17.8
1997-10-17,33.0
1997-10-18,12.3
1997-10-19,0.4
1997-10-20,0.2
1997-10-21,28.1
1997-10-22,20.1
1997-10-23,0.0
1997-10-24,15.6
1997-10-25,0.0
1997-10-26,4.3
1997-10-27,4.9
1997-10-28,0.0
1997-10-29,0.0
1997-10-30,0.0
1997-10-31,0.0
1997-11-01,0.0
1997-11-02,0.8
1997-11-03,0.0
1997-11-04,0.0
1997-11-05,16.2
1997-11-06,0.0
1997-11-07,0.0
1997-11-08,11.0
1997-11-09,1.5
1997-11-10,0.0
1997-11-11,0.0
1997-11-12,0.0
1997-11-13,14.6
1997-11-14,1.5
1997-11-15,69.5
1997-11-16,54.9
1997-11-17,7.7
1997-11-18,13.0
1997-11-19,32.6
1997-11-20,48.7
1997-11-21,0.3
1997-11-22,13.1
1997-11-23,0.0
1997-11-24,8.4
1997-11-25,3.9
1997-11-26,33.3
1997-11-27,12.3
1997-11-28,14.0
1997-11-29,0.0
1997-11-30,0.0
1997-12-01,0.0
1997-12-02,15.3
1997-12-03,18.1
1997-12-04,0.2
1997-12-05,0.3
1997-12-06,0.0
1997-12-07,0.0
1997-12-08,0.0
1997-12-09,0.0
1997-12-10,0.0
1997-12-11,0.0
1997-12-12,0.0
1997-12-13,0.0
1997-12-14,0.0
1997-12-15,1.0
1997-12-16,2.1
1997-12-17,5.0
1997-12-18,120.6
1997-12-19,0.1
1997-12-20,0.0
1997-12-21,0.0
1997-12-22,0.0
1997-12-23,0.0
1997-12-24,0.0
1997-12-25,0.0
1997-12-26,17.0
1997-12-27,0.0
1997-12-28,0.0
1997-12-29,10.0
1997-12-30,0.1
1997-12-31,0.1
1998-01-01,0.0
1998-01-02,0.1
1998-01-03,0.5
1998-01-04,66.6
1998-01-05,28.6
1998-01-06,0.0
1998-01-07,45.7
1998-01-08,127.5
1998-01-09,137.2
1998-01-10,41.1
1998-01-11,0.1
1998-01-12,0.0
1998-01-13,1.8
1998-01-14,0.0
1998-01-15,1.8
1998-01-16,21.0
1998-01-17,5.4
1998-01-18,9.7
1998-01-19,1.5
1998-01-20,0.0
1998-01-21,0.0
1998-01-22,0.0
1998-01-23,0.0
1998-01-24,0.0
1998-01-25,7.5
1998-01-26,0.0
1998-01-27,0.0
1998-01-28,0.0
1998-01-29,0.0
1998-01-30,0.0
1998-01-31,0.0
1998-02-01,0.0
1998-02-02,0.0
1998-02-03,0.0
1998-02-04,0.0
1998-02-05,21.6
1998-02-06,0.0
1998-02-07,41.6
1998-02-08,0.0
1998-02-09,36.9
1998-02-10,0.2
1998-02-11,5.4
1998-02-12,291.1
1998-02-13,156.4
1998-02-14,32.0
1998-02-15,25.5
1998-02-16,13.7
1998-02-17,11.3
1998-02-18,43.7
1998-02-19,1.1
1998-02-20,0.5
1998-02-21,0.0
1998-02-22,0.0
1998-02-23,27.9
1998-02-24,3.8
1998-02-25,14.9
1998-02-26,0.3
1998-02-27,0.0
1998-02-28,3.7
1998-03-01,12.7
1998-03-02,0.0
1998-03-03,2.5
1998-03-04,0.0
1998-03-05,0.0
1998-03-06,0.0
1998-03-07,0.0
1998-03-08,0.0
1998-03-09,0.0
1998-03-10,0.0
1998-03-11,0.0
1998-03-12,69.3
1998-03-13,4.3
1998-03-14,1.0
1998-03-15,47.4
1998-03-16,11.1
1998-03-17,4.3
1998-03-18,0.0
1998-03-19,0.0
1998-03-20,0.0
1998-03-21,0.9
1998-03-22,46.7
1998-03-23,34.3
1998-03-24,0.0
1998-03-25,8.1
1998-03-26,16.5
1998-03-27,0.0
1998-03-28,0.0
1998-03-29,4.6
1998-03-30,3.8
1998-03-31,2.0
1998-04-01,0.5
1998-04-02,54.4
1998-04-03,18.5
1998-04-04,0.3
1998-04-05,0.0
1998-04-06,0.0
1998-04-07,0.0
1998-04-08,0.6
1998-04-09,0.5
1998-04-10,0.0
1998-04-11,3.8
1998-04-12,0.0
1998-04-13,0.0
1998-04-14,0.0
1998-04-15,0.0
1998-04-16,0.0
1998-04-17,0.0
1998-04-18,0.0
1998-04-19,14.9
1998-04-20,0.0
1998-04-21,0.0
1998-04-22,0.0
1998-04-23,0.0
1998-04-24,0.0
1998-04-25,13.1
1998-04-26,9.1
1998-04-27,0.0
1998-04-28,0.0
1998-04-29,0.2
1998-04-30,11.7
1998-05-01,0.0
1998-05-02,0.0
1998-05-03,37.0
1998-05-04,73.8
1998-05-05,32.1
1998-05-06,23.5
1998-05-07,0.0
1998-05-08,0.0
1998-05-09,0.0
1998-05-10,0.0
1998-05-11,0.0
1998-05-12,0.0
1998-05-13,0.0
1998-05-14,0.0
1998-05-15,0.0
1998-05-16,0.0
1998-05-17,10.0
1998-05-18,0.0
1998-05-19,5.8
1998-05-20,0.0
1998-05-21,0.0
1998-05-22,0.0
1998-05-23,0.0
1998-05-24,0.0
1998-05-25,0.0
1998-05-26,0.0
1998-05-27,1.3
1998-05-28,0.0
1998-05-29,12.3
1998-05-30,14.3
1998-05-31,9.2
1998-06-01,0.0
1998-06-02,0.0
1998-06-03,0.0
1998-06-04,14.0
1998-06-05,1.3
1998-06-06,0.0
1998-06-07,0.0
1998-06-08,0.0
1998-06-09,0.0
1998-06-10,0.0
1998-06-11,0.0
1998-06-12,4.4
1998-06-13,3.4
1998-06-14,0.0
1998-06-15,0.0
1998-06-16,0.0
1998-06-17,0.0
1998-06-18,0.0
1998-06-19,0.0
1998-06-20,0.0
1998-06-21,3.4
1998-06-22,0.0
1998-06-23,0.0
1998-06-24,0.0
1998-06-25,34.2
1998-06-26,0.4
1998-06-27,0.0
1998-06-28,0.0
1998-06-29,0.0
1998-06-30,0.0
1998-07-01,0.0
1998-07-02,0.0
1998-07-03,0.0
1998-07-04,13.6
1998-07-05,0.0
1998-07-06,0.0
1998-07-07,0.0
1998-07-08,0.0
1998-07-09,0.0
1998-07-10,11.8
1998-07-11,14.6
1998-07-12,4.3
1998-07-13,0.0
1998-07-14,0.0
1998-07-15,0.0
1998-07-16,0.0
1998-07-17,0.0
1998-07-18,0.0
1998-07-19,0.0
1998-07-20,5.8
1998-07-21,0.8
1998-07-22,0.0
1998-07-23,4.7
1998-07-24,0.0
1998-07-25,0.0
1998-07-26,0.0
1998-07-27,0.3
1998-07-28,0.0
1998-07-29,0.0
1998-07-30,17.2
1998-07-31,0.0
1998-08-01,0.0
1998-08-02,0.0
1998-08-03,0.0
1998-08-04,0.0
1998-08-05,0.0
1998-08-06,0.0
1998-08-07,3.1
1998-08-08,0.0
1998-08-09,0.9
1998-08-10,1.0
1998-08-11,0.0
1998-08-12,0.0
1998-08-13,1.4
1998-08-14,38.9
1998-08-15,0.0
1998-08-16,0.0
1998-08-17,1.9
1998-08-18,0.0
1998-08-19,0.0
1998-08-20,0.0
1998-08-21,0.0
1998-08-22,2.2
1998-08-23,13.2
1998-08-24,0.0
1998-08-25,0.0
1998-08-26,0.0
1998-08-27,0.0
1998-08-28,3.6
1998-08-29,5.7
1998-08-30,32.5
1998-08-31,7.4
1998-09-01,0.0
1998-09-02,0.0
1998-09-03,0.0
1998-09-04,0.0
1998-09-05,1.4
1998-09-06,2.4
1998-09-07,15.5
1998-09-08,0.0
1998-09-09,24.1
1998-09-10,30.7
1998-09-11,1.5
1998-09-12,0.0
1998-09-13,0.0
1998-09-14,26.0
1998-09-15,9.5
1998-09-16,34.5
1998-09-17,4.5
1998-09-18,0.0
1998-09-19,18.1
1998-09-20,46.7
1998-09-21,16.5
1998-09-22,33.1
1998-09-23,5.3
1998-09-24,0.0
1998-09-25,0.0
1998-09-26,3.2
1998-09-27,0.0
1998-09-28,1.3
1998-09-29,0.8
1998-09-30,2.5
1998-10-01,53.7
1998-10-02,25.5
1998-10-03,3.0
1998-10-04,29.2
1998-10-05,18.0
1998-10-06,0.0
1998-10-07,29.9
1998-10-08,57.6
1998-10-09,7.5
1998-10-10,4.3
1998-10-11,0.0
1998-10-12,7.2
1998-10-13,1.0
1998-10-14,2.3
1998-10-15,0.1
1998-10-16,0.0
1998-10-17,1.7
1998-10-18,0.0
1998-10-19,8.3
1998-10-20,2.6
1998-10-21,0.0
1998-10-22,0.0
1998-10-23,0.0
1998-10-24,0.0
1998-10-25,60.6
1998-10-26,6.4
1998-10-27,4.2
1998-10-28,0.0
1998-10-29,1.2
1998-10-30,3.7
1998-10-31,5.3
1998-11-01,6.3
1998-11-02,36.4
1998-11-03,3.7
1998-11-04,4.3
1998-11-05,0.1
1998-11-06,0.0
1998-11-07,0.0
1998-11-08,0.2
1998-11-09,2.2
1998-11-10,4.6
1998-11-11,8.8
1998-11-12,40.3
1998-11-13,1.3
1998-11-14,0.0
1998-11-15,0.0
1998-11-16,0.0
1998-11-17,0.0
1998-11-18,0.0
1998-11-19,16.1
1998-11-20,47.0
1998-11-21,5.2
1998-11-22,51.2
1998-11-23,0.0
1998-11-24,2.9
1998-11-25,0.0
1998-11-26,0.0
1998-11-27,1.5
1998-11-28,6.9
1998-11-29,0.0
1998-11-30,0.0
1998-12-01,0.0
1998-12-02,0.0
1998-12-03,0.0
1998-12-04,0.0
1998-12-05,5.0
1998-12-06,29.1
1998-12-07,19.7
1998-12-08,0.0
1998-12-09,0.0
1998-12-10,0.7
1998-12-11,0.0
1998-12-12,8.1
1998-12-13,0.0
1998-12-14,0.0
1998-12-15,0.0
1998-12-16,17.9
1998-12-17,0.0
1998-12-18,0.0
1998-12-19,0.0
1998-12-20,1.6
1998-12-21,0.0
1998-12-22,0.0
1998-12-23,34.0
1998-12-24,21.0
1998-12-25,32.0
1998-12-26,33.0
1998-12-27,4.7
1998-12-28,0.0
1998-12-29,0.0
1998-12-30,0.0
1998-12-31,0.0
1999-01-01,0.0
1999-01-02,5.3
1999-01-03,8.3
1999-01-04,0.0
1999-01-05,3.9
1999-01-06,14.8
1999-01-07,52.2
1999-01-08,5.3
1999-01-09,12.3
1999-01-10,1.6
1999-01-11,36.0
1999-01-12,1.4
1999-01-13,0.5
1999-01-14,0.0
1999-01-15,14.1
1999-01-16,8.1
1999-01-17,10.8
1999-01-18,0.4
1999-01-19,0.0
1999-01-20,0.0
1999-01-21,3.4
1999-01-22,0.0
1999-01-23,0.0
1999-01-24,0.0
1999-01-25,0.0
1999-01-26,0.0
1999-01-27,0.7
1999-01-28,0.0
1999-01-29,0.0
1999-01-30,0.0
1999-01-31,0.1
1999-02-01,4.3
1999-02-02,6.1
1999-02-03,60.6
1999-02-04,0.0
1999-02-05,0.0
1999-02-06,0.0
1999-02-07,0.0
1999-02-08,18.9
1999-02-09,0.0
1999-02-10,12.4
1999-02-11,30.4
1999-02-12,19.4
1999-02-13,0.9
1999-02-14,9.5
1999-02-15,0.0
1999-02-16,0.0
1999-02-17,0.0
1999-02-18,0.0
1999-02-19,12.2
1999-02-20,4.9
1999-02-21,60.0
1999-02-22,0.0
1999-02-23,21.7
1999-02-24,8.4
1999-02-25,0.0
1999-02-26,0.0
1999-02-27,12.0
1999-02-28,31.0
1999-03-01,
1999-03-02,
1999-03-03,
1999-03-04,
1999-03-05,
1999-03-06,
1999-03-07,
1999-03-08,
1999-03-09,
1999-03-10,
1999-03-11,
1999-03-12,
1999-03-13,
1999-03-14,
1999-03-15,
1999-03-16,
1999-03-17,
1999-03-18,
1999-03-19,
1999-03-20,
1999-03-21,
1999-03-22,
1999-03-23,
1999-03-24,
1999-03-25,
1999-03-26,
1999-03-27,
1999-03-28,
1999-03-29,
1999-03-30,
1999-03-31,
1999-04-01,23.5
1999-04-02,2.5
1999-04-03,0.0
1999-04-04,19.0
1999-04-05,1.1
1999-04-06,0.0
1999-04-07,0.0
1999-04-08,0.0
1999-04-09,13.3
1999-04-10,114.0
1999-04-11,2.5
1999-04-12,0.0
1999-04-13,0.0
1999-04-14,0.0
1999-04-15,13.7
1999-04-16,1.3
1999-04-17,4.1
1999-04-18,1.1
1999-04-19,0.0
1999-04-20,0.0
1999-04-21,0.0
1999-04-22,0.0
1999-04-23,2.7
1999-04-24,0.0
1999-04-25,0.0
1999-04-26,0.0
1999-04-27,0.0
1999-04-28,22.0
1999-04-29,0.0
1999-04-30,0.0
1999-05-01,0.0
1999-05-02,0.0
1999-05-03,0.0
1999-05-04,0.0
1999-05-05,0.0
1999-05-06,0.0
1999-05-07,0.0
1999-05-08,13.3
1999-05-09,0.0
1999-05-10,14.0
1999-05-11,0.0
1999-05-12,0.0
1999-05-13,0.0
1999-05-14,0.0
1999-05-15,50.0
1999-05-16,0.0
1999-05-17,0.0
1999-05-18,0.0
1999-05-19,0.0
1999-05-20,0.0
1999-05-21,0.0
1999-05-22,15.7
1999-05-23,0.0
1999-05-24,0.0
1999-05-25,0.0
1999-05-26,0.0
1999-05-27,0.0
1999-05-28,1.7
1999-05-29,16.5
1999-05-30,0.0
1999-05-31,1.5
1999-06-01,0.0
1999-06-02,0.0
1999-06-03,0.0
1999-06-04,0.0
1999-06-05,11.4
1999-06-06,14.4
1999-06-07,77.2
1999-06-08,18.9
1999-06-09,0.0
1999-06-10,0.0
1999-06-11,0.0
1999-06-12,9.1
1999-06-13,0.9
1999-06-14,18.1
1999-06-15,10.5
1999-06-16,1.0
1999-06-17,13.0
1999-06-18,0.0
1999-06-19,0.0
1999-06-20,6.4
1999-06-21,25.9
1999-06-22,0.0
1999-06-23,0.0
1999-06-24,0.0
1999-06-25,0.0
1999-06-26,0.0
1999-06-27,0.0
1999-06-28,0.0
1999-06-29,0.0
1999-06-30,0.0
1999-07-01,0.0
1999-07-02,0.0
1999-07-03,0.0
1999-07-04,0.0
1999-07-05,83.3
1999-07-06,70.5
1999-07-07,0.0
1999-07-08,1.5
1999-07-09,0.0
1999-07-10,4.4
1999-07-11,9.7
1999-07-12,0.0
1999-07-13,0.0
1999-07-14,0.0
1999-07-15,0.0
1999-07-16,0.0
1999-07-17,0.0
1999-07-18,15.0
1999-07-19,4.9
1999-07-20,0.0
1999-07-21,0.0
1999-07-22,8.4
1999-07-23,3.5
1999-07-24,2.9
1999-07-25,0.0
1999-07-26,0.0
1999-07-27,0.0
1999-07-28,0.0
1999-07-29,2.5
1999-07-30,0.0
1999-07-31,11.2
1999-08-01,0.9
1999-08-02,0.0
1999-08-03,0.0
1999-08-04,4.5
1999-08-05,0.0
1999-08-06,0.0
1999-08-07,0.0
1999-08-08,0.0
1999-08-09,12.7
1999-08-10,0.0
1999-08-11,0.0
1999-08-12,0.0
1999-08-13,0.0
1999-08-14,0.0
1999-08-15,36.6
1999-08-16,12.2
1999-08-17,5.7
1999-08-18,0.0
1999-08-19,0.0
1999-08-20,0.0
1999-08-21,0.0
1999-08-22,0.0
1999-08-23,0.0
1999-08-24,0.0
1999-08-25,0.0
1999-08-26,0.0
1999-08-27,0.0
1999-08-28,0.0
1999-08-29,0.0
1999-08-30,0.0
1999-08-31,0.0
1999-09-01,0.0
1999-09-02,0.0
1999-09-03,0.0
1999-09-04,0.0
1999-09-05,0.0
1999-09-06,0.0
1999-09-07,0.0
1999-09-08,0.0
1999-09-09,6.0
1999-09-10,40.0
1999-09-11,50.3
1999-09-12,6.9
1999-09-13,2.8
1999-09-14,0.0
1999-09-15,0.5
1999-09-16,31.0
1999-09-17,2.7
1999-09-18,0.2
1999-09-19,0.0
1999-09-20,0.0
1999-09-21,2.3
1999-09-22,4.3
1999-09-23,8.5
1999-09-24,12.3
1999-09-25,2.6
1999-09-26,0.0
1999-09-27,0.0
1999-09-28,0.0
1999-09-29,0.0
1999-09-30,29.5
1999-10-01,0.0
1999-10-02,0.0
1999-10-03,32.8
1999-10-04,60.0
1999-10-05,45.8
1999-10-06,24.1
1999-10-07,0.0
1999-10-08,0.3
1999-10-09,0.5
1999-10-10,0.9
1999-10-11,0.0
1999-10-12,0.0
1999-10-13,0.0
1999-10-14,0.0
1999-10-15,0.0
1999-10-16,0.0
1999-10-17,7.9
1999-10-18,6.7
1999-10-19,34.3
1999-10-20,18.5
1999-10-21,30.0
1999-10-22,3.7
1999-10-23,0.0
1999-10-24,0.0
1999-10-25,2.7
1999-10-26,0.0
1999-10-27,0.0
1999-10-28,0.0
1999-10-29,0.0
1999-10-30,0.0
1999-10-31,2.6
1999-11-01,0.0
1999-11-02,0.0
1999-11-03,0.0
1999-11-04,0.0
1999-11-05,0.0
1999-11-06,15.0
1999-11-07,0.0
1999-11-08,0.0
1999-11-09,16.0
1999-11-10,70.3
1999-11-11,13.2
1999-11-12,0.0
1999-11-13,2.7
1999-11-14,14.7
1999-11-15,20.0
1999-11-16,12.7
1999-11-17,0.0
1999-11-18,0.0
1999-11-19,0.0
1999-11-20,0.0
1999-11-21,7.5
1999-11-22,1.9
1999-11-23,0.0
1999-11-24,0.0
1999-11-25,0.0
1999-11-26,0.0
1999-11-27,17.3
1999-11-28,0.0
1999-11-29,0.0
1999-11-30,0.0
1999-12-01,2.5
1999-12-02,0.0
1999-12-03,0.1
1999-12-04,6.5
1999-12-05,0.0
1999-12-06,0.0
1999-12-07,1.1
1999-12-08,26.9
1999-12-09,0.3
1999-12-10,11.1
1999-12-11,121.7
1999-12-12,16.8
1999-12-13,1.2
1999-12-14,0.8
1999-12-15,0.1
1999-12-16,0.0
1999-12-17,0.0
1999-12-18,0.0
1999-12-19,0.0
1999-12-20,0.0
1999-12-21,0.0
1999-12-22,0.0
1999-12-23,4.1
1999-12-24,17.5
1999-12-25,0.1
1999-12-26,0.0
1999-12-27,0.0
1999-12-28,0.0
1999-12-29,0.0
1999-12-30,0.0
1999-12-31,0.0
2000-01-01,9.4
2000-01-02,19.4
2000-01-03,89.4
2000-01-04,21.3
2000-01-05,36.0
2000-01-06,6.4
2000-01-07,0.0
2000-01-08,0.0
2000-01-09,0.0
2000-01-10,0.0
2000-01-11,0.0
2000-01-12,2.3
2000-01-13,1.1
2000-01-14,0.0
2000-01-15,5.0
2000-01-16,9.6
2000-01-17,22.1
2000-01-18,0.0
2000-01-19,0.0
2000-01-20,57.4
2000-01-21,0.5
2000-01-22,0.0
2000-01-23,0.0
2000-01-24,0.0
2000-01-25,2.5
2000-01-26,8.7
2000-01-27,20.0
2000-01-28,0.8
2000-01-29,0.0
2000-01-30,0.0
2000-01-31,0.0
2000-02-01,0.0
2000-02-02,2.1
2000-02-03,0.0
2000-02-04,1.7
2000-02-05,0.8
2000-02-06,1.9
2000-02-07,1.0
2000-02-08,23.8
2000-02-09,10.4
2000-02-10,13.9
2000-02-11,15.7
2000-02-12,11.4
2000-02-13,7.5
2000-02-14,38.3
2000-02-15,49.1
2000-02-16,40.0
2000-02-17,145.0
2000-02-18,57.6
2000-02-19,4.7
2000-02-20,7.4
2000-02-21,0.0
2000-02-22,0.0
2000-02-23,0.0
2000-02-24,0.3
2000-02-25,1.0
2000-02-26,0.0
2000-02-27,0.0
2000-02-28,0.0
2000-02-29,0.0
2000-03-01,0.0
2000-03-02,0.0
2000-03-03,0.0
2000-03-04,0.0
2000-03-05,0.0
2000-03-06,0.0
2000-03-07,0.0
2000-03-08,47.8
2000-03-09,0.0
2000-03-10,6.0
2000-03-11,0.0
2000-03-12,10.7
2000-03-13,5.3
2000-03-14,0.0
2000-03-15,0.0
2000-03-16,0.0
2000-03-17,0.0
2000-03-18,0.0
2000-03-19,63.0
2000-03-20,29.4
2000-03-21,0.4
2000-03-22,0.0
2000-03-23,0.0
2000-03-24,0.0
2000-03-25,19.0
2000-03-26,20.1
2000-03-27,0.0
2000-03-28,0.0
2000-03-29,0.0
2000-03-30,22.3
2000-03-31,29.5
2000-04-01,0.0
2000-04-02,12.9
2000-04-03,46.9
2000-04-04,1.1
2000-04-05,0.0
2000-04-06,0.0
2000-04-07,0.0
2000-04-08,0.0
2000-04-09,0.0
2000-04-10,8.0
2000-04-11,0.0
2000-04-12,0.0
2000-04-13,0.0
2000-04-14,0.0
2000-04-15,7.1
2000-04-16,0.0
2000-04-17,0.0
2000-04-18,0.0
2000-04-19,0.0
2000-04-20,18.3
2000-04-21,0.0
2000-04-22,0.0
2000-04-23,12.7
2000-04-24,0.0
2000-04-25,0.0
2000-04-26,0.0
2000-04-27,0.0
2000-04-28,0.0
2000-04-29,0.0
2000-04-30,0.0
2000-05-01,0.0
2000-05-02,0.0
2000-05-03,0.0
2000-05-04,0.0
2000-05-05,0.0
2000-05-06,0.0
2000-05-07,3.2
2000-05-08,0.0
2000-05-09,2.2
2000-05-10,0.2
2000-05-11,12.3
2000-05-12,1.4
2000-05-13,0.0
2000-05-14,0.0
2000-05-15,0.0
2000-05-16,0.0
2000-05-17,0.0
2000-05-18,0.0
2000-05-19,1.2
2000-05-20,9.3
2000-05-21,7.0
2000-05-22,0.0
2000-05-23,0.0
2000-05-24,0.0
2000-05-25,0.0
2000-05-26,0.0
2000-05-27,0.0
2000-05-28,0.0
2000-05-29,0.0
2000-05-30,0.0
2000-05-31,0.0
