Datas,2351063
1978-08-01,0.0
1978-08-02,0.0
1978-08-03,0.0
1978-08-04,0.0
1978-08-05,0.0
1978-08-06,0.0
1978-08-07,0.0
1978-08-08,0.0
1978-08-09,0.0
1978-08-10,0.0
1978-08-11,0.0
1978-08-12,5.1
1978-08-13,5.8
1978-08-14,0.0
1978-08-15,0.0
1978-08-16,0.0
1978-08-17,0.0
1978-08-18,0.0
1978-08-19,0.0
1978-08-20,1.2
1978-08-21,5.2
1978-08-22,0.0
1978-08-23,0.0
1978-08-24,0.0
1978-08-25,0.0
1978-08-26,0.0
1978-08-27,0.0
1978-08-28,0.0
1978-08-29,0.0
1978-08-30,0.0
1978-08-31,4.8
1978-09-01,0.0
1978-09-02,0.0
1978-09-03,0.0
1978-09-04,1.8
1978-09-05,41.2
1978-09-06,8.2
1978-09-07,8.2
1978-09-08,65.2
1978-09-09,0.9
1978-09-10,0.0
1978-09-11,0.0
1978-09-12,0.0
1978-09-13,0.0
1978-09-14,0.4
1978-09-15,39.6
1978-09-16,0.0
1978-09-17,11.0
1978-09-18,0.0
1978-09-19,0.0
1978-09-20,7.0
1978-09-21,7.8
1978-09-22,0.0
1978-09-23,0.0
1978-09-24,0.0
1978-09-25,0.0
1978-09-26,0.0
1978-09-27,0.0
1978-09-28,0.0
1978-09-29,0.0
1978-09-30,0.0
1978-10-01,0.0
1978-10-02,0.0
1978-10-03,0.0
1978-10-04,0.0
1978-10-05,0.0
1978-10-06,0.0
1978-10-07,0.0
1978-10-08,0.0
1978-10-09,0.0
1978-10-10,0.0
1978-10-11,0.1
1978-10-12,0.0
1978-10-13,0.0
1978-10-14,7.2
1978-10-15,0.0
1978-10-16,0.0
1978-10-17,0.0
1978-10-18,0.0
1978-10-19,26.2
1978-10-20,0.0
1978-10-21,0.0
1978-10-22,0.0
1978-10-23,0.0
1978-10-24,0.0
1978-10-25,0.0
1978-10-26,2.0
1978-10-27,20.8
1978-10-28,0.0
1978-10-29,13.2
1978-10-30,1.2
1978-10-31,11.2
1978-11-01,2.8
1978-11-02,0.0
1978-11-03,0.0
1978-11-04,6.8
1978-11-05,12.1
1978-11-06,0.8
1978-11-07,0.0
1978-11-08,0.0
1978-11-09,0.0
1978-11-10,11.0
1978-11-11,9.8
1978-11-12,10.0
1978-11-13,0.0
1978-11-14,0.0
1978-11-15,0.0
1978-11-16,0.0
1978-11-17,0.2
1978-11-18,0.0
1978-11-19,0.0
1978-11-20,30.0
1978-11-21,17.7
1978-11-22,0.4
1978-11-23,0.0
1978-11-24,0.0
1978-11-25,0.0
1978-11-26,0.0
1978-11-27,12.8
1978-11-28,3.6
1978-11-29,0.0
1978-11-30,0.0
1978-12-01,0.0
1978-12-02,0.0
1978-12-03,0.0
1978-12-04,0.2
1978-12-05,0.4
1978-12-06,32.0
1978-12-07,13.0
1978-12-08,0.0
1978-12-09,0.0
1978-12-10,0.0
1978-12-11,0.8
1978-12-12,0.0
1978-12-13,0.0
1978-12-14,10.8
1978-12-15,4.4
1978-12-16,0.0
1978-12-17,6.4
1978-12-18,0.0
1978-12-19,0.0
1978-12-20,0.0
1978-12-21,0.0
1978-12-22,0.0
1978-12-23,0.0
1978-12-24,0.0
1978-12-25,16.0
1978-12-26,23.2
1978-12-27,2.0
1978-12-28,0.0
1978-12-29,0.0
1978-12-30,0.0
1978-12-31,0.0
1979-01-01,26.2
1979-01-02,9.3
1979-01-03,2.4
1979-01-04,0.2
1979-01-05,0.0
1979-01-06,3.0
1979-01-07,2.2
1979-01-08,0.2
1979-01-09,0.0
1979-01-10,0.0
1979-01-11,0.0
1979-01-12,0.0
1979-01-13,0.0
1979-01-14,0.0
1979-01-15,0.0
1979-01-16,0.0
1979-01-17,0.0
1979-01-18,0.0
1979-01-19,0.0
1979-01-20,0.0
1979-01-21,0.0
1979-01-22,0.0
1979-01-23,0.0
1979-01-24,0.0
1979-01-25,0.0
1979-01-26,0.4
1979-01-27,14.4
1979-01-28,10.2
1979-01-29,45.0
1979-01-30,11.4
1979-01-31,0.0
1979-02-01,0.0
1979-02-02,0.0
1979-02-03,0.0
1979-02-04,0.0
1979-02-05,0.0
1979-02-06,0.0
1979-02-07,0.0
1979-02-08,6.9
1979-02-09,0.0
1979-02-10,6.5
1979-02-11,57.4
1979-02-12,11.0
1979-02-13,62.4
1979-02-14,3.0
1979-02-15,0.6
1979-02-16,0.0
1979-02-17,0.0
1979-02-18,0.0
1979-02-19,1.6
1979-02-20,0.0
1979-02-21,0.0
1979-02-22,0.0
1979-02-23,0.0
1979-02-24,22.4
1979-02-25,0.6
1979-02-26,28.6
1979-02-27,0.0
1979-02-28,0.0
1979-03-01,11.0
1979-03-02,9.6
1979-03-03,0.0
1979-03-04,0.0
1979-03-05,0.0
1979-03-06,0.0
1979-03-07,0.2
1979-03-08,0.0
1979-03-09,1.0
1979-03-10,1.2
1979-03-11,23.8
1979-03-12,26.2
1979-03-13,0.0
1979-03-14,0.4
1979-03-15,1.0
1979-03-16,0.0
1979-03-17,0.0
1979-03-18,0.0
1979-03-19,0.0
1979-03-20,0.0
1979-03-21,0.0
1979-03-22,0.0
1979-03-23,0.0
1979-03-24,0.0
1979-03-25,0.0
1979-03-26,0.0
1979-03-27,0.0
1979-03-28,0.0
1979-03-29,0.0
1979-03-30,0.0
1979-03-31,0.0
1979-04-01,0.0
1979-04-02,2.0
1979-04-03,0.2
1979-04-04,24.2
1979-04-05,37.6
1979-04-06,12.3
1979-04-07,0.0
1979-04-08,0.0
1979-04-09,0.0
1979-04-10,0.0
1979-04-11,0.0
1979-04-12,0.0
1979-04-13,0.0
1979-04-14,0.0
1979-04-15,0.0
1979-04-16,0.0
1979-04-17,0.0
1979-04-18,4.8
1979-04-19,0.0
1979-04-20,0.0
1979-04-21,0.0
1979-04-22,0.0
1979-04-23,0.0
1979-04-24,0.0
1979-04-25,0.0
1979-04-26,0.0
1979-04-27,0.0
1979-04-28,0.0
1979-04-29,0.0
1979-04-30,6.0
1979-05-01,0.0
1979-05-02,0.0
1979-05-03,0.0
1979-05-04,86.6
1979-05-05,5.0
1979-05-06,0.0
1979-05-07,47.6
1979-05-08,0.0
1979-05-09,6.6
1979-05-10,0.0
1979-05-11,0.0
1979-05-12,0.0
1979-05-13,20.6
1979-05-14,61.6
1979-05-15,0.0
1979-05-16,0.0
1979-05-17,0.0
1979-05-18,0.0
1979-05-19,0.0
1979-05-20,0.0
1979-05-21,0.0
1979-05-22,0.0
1979-05-23,0.3
1979-05-24,0.0
1979-05-25,0.0
1979-05-26,0.0
1979-05-27,0.0
1979-05-28,0.0
1979-05-29,27.4
1979-05-30,12.0
1979-05-31,0.0
1979-06-01,0.0
1979-06-02,0.0
1979-06-03,0.0
1979-06-04,0.0
1979-06-05,0.0
1979-06-06,0.0
1979-06-07,0.0
1979-06-08,0.0
1979-06-09,0.0
1979-06-10,0.0
1979-06-11,0.0
1979-06-12,0.0
1979-06-13,0.0
1979-06-14,0.0
1979-06-15,0.0
1979-06-16,0.0
1979-06-17,0.0
1979-06-18,0.0
1979-06-19,0.0
1979-06-20,0.0
1979-06-21,0.0
1979-06-22,0.0
1979-06-23,0.0
1979-06-24,0.0
1979-06-25,0.4
1979-06-26,0.0
1979-06-27,0.0
1979-06-28,0.0
1979-06-29,0.0
1979-06-30,0.0
1979-07-01,0.0
1979-07-02,0.0
1979-07-03,40.0
1979-07-04,4.0
1979-07-05,5.4
1979-07-06,22.6
1979-07-07,0.0
1979-07-08,0.0
1979-07-09,8.0
1979-07-10,9.2
1979-07-11,0.0
1979-07-12,0.0
1979-07-13,0.0
1979-07-14,0.0
1979-07-15,0.0
1979-07-16,1.2
1979-07-17,0.0
1979-07-18,0.0
1979-07-19,9.8
1979-07-20,18.0
1979-07-21,0.0
1979-07-22,0.0
1979-07-23,0.0
1979-07-24,0.0
1979-07-25,0.0
1979-07-26,18.0
1979-07-27,0.0
1979-07-28,0.0
1979-07-29,0.0
1979-07-30,0.0
1979-07-31,0.0
1979-08-01,0.0
1979-08-02,0.0
1979-08-03,0.0
1979-08-04,0.0
1979-08-05,7.0
1979-08-06,2.0
1979-08-07,0.0
1979-08-08,0.0
1979-08-09,0.0
1979-08-10,0.0
1979-08-11,0.0
1979-08-12,5.6
1979-08-13,2.2
1979-08-14,0.0
1979-08-15,32.3
1979-08-16,7.8
1979-08-17,0.0
1979-08-18,27.0
1979-08-19,9.6
1979-08-20,0.0
1979-08-21,0.0
1979-08-22,0.0
1979-08-23,0.0
1979-08-24,0.0
1979-08-25,0.0
1979-08-26,4.8
1979-08-27,2.0
1979-08-28,0.0
1979-08-29,0.0
1979-08-30,0.0
1979-08-31,0.0
1979-09-01,0.0
1979-09-02,0.4
1979-09-03,2.4
1979-09-04,0.2
1979-09-05,0.0
1979-09-06,0.0
1979-09-07,0.0
1979-09-08,0.0
1979-09-09,0.0
1979-09-10,10.0
1979-09-11,69.8
1979-09-12,0.0
1979-09-13,0.3
1979-09-14,60.0
1979-09-15,0.0
1979-09-16,2.4
1979-09-17,0.0
1979-09-18,9.2
1979-09-19,9.8
1979-09-20,0.0
1979-09-21,0.0
1979-09-22,0.0
1979-09-23,58.5
1979-09-24,0.8
1979-09-25,0.0
1979-09-26,0.0
1979-09-27,0.0
1979-09-28,0.0
1979-09-29,0.0
1979-09-30,6.8
1979-10-01,72.8
1979-10-02,0.5
1979-10-03,9.4
1979-10-04,0.0
1979-10-05,0.0
1979-10-06,0.0
1979-10-07,19.1
1979-10-08,40.4
1979-10-09,0.3
1979-10-10,0.0
1979-10-11,0.0
1979-10-12,0.0
1979-10-13,0.0
1979-10-14,10.8
1979-10-15,2.6
1979-10-16,0.0
1979-10-17,0.0
1979-10-18,0.0
1979-10-19,0.0
1979-10-20,0.0
1979-10-21,0.0
1979-10-22,0.0
1979-10-23,0.0
1979-10-24,0.0
1979-10-25,0.0
1979-10-26,38.8
1979-10-27,1.0
1979-10-28,0.0
1979-10-29,38.2
1979-10-30,8.2
1979-10-31,37.2
1979-11-01,0.0
1979-11-02,0.0
1979-11-03,0.0
1979-11-04,0.0
1979-11-05,0.0
1979-11-06,0.0
1979-11-07,0.0
1979-11-08,50.0
1979-11-09,23.3
1979-11-10,4.3
1979-11-11,3.0
1979-11-12,0.0
1979-11-13,0.0
1979-11-14,0.0
1979-11-15,0.0
1979-11-16,0.0
1979-11-17,0.0
1979-11-18,25.0
1979-11-19,8.2
1979-11-20,0.0
1979-11-21,0.0
1979-11-22,0.0
1979-11-23,30.0
1979-11-24,0.1
1979-11-25,17.6
1979-11-26,3.8
1979-11-27,0.0
1979-11-28,0.0
1979-11-29,0.0
1979-11-30,0.0
1979-12-01,13.4
1979-12-02,0.0
1979-12-03,7.4
1979-12-04,20.2
1979-12-05,0.0
1979-12-06,0.0
1979-12-07,0.0
1979-12-08,22.0
1979-12-09,0.0
1979-12-10,0.5
1979-12-11,0.0
1979-12-12,8.5
1979-12-13,5.8
1979-12-14,9.2
1979-12-15,17.8
1979-12-16,36.0
1979-12-17,2.4
1979-12-18,0.8
1979-12-19,9.6
1979-12-20,28.8
1979-12-21,17.2
1979-12-22,2.2
1979-12-23,1.0
1979-12-24,1.0
1979-12-25,0.0
1979-12-26,0.0
1979-12-27,0.0
1979-12-28,0.0
1979-12-29,0.0
1979-12-30,0.0
1979-12-31,37.6
1980-01-01,0.0
1980-01-02,0.0
1980-01-03,0.0
1980-01-04,0.0
1980-01-05,0.0
1980-01-06,0.0
1980-01-07,29.8
1980-01-08,13.8
1980-01-09,3.0
1980-01-10,4.8
1980-01-11,0.0
1980-01-12,0.0
1980-01-13,7.6
1980-01-14,0.0
1980-01-15,0.0
1980-01-16,0.0
1980-01-17,0.0
1980-01-18,18.2
1980-01-19,30.0
1980-01-20,1.4
1980-01-21,0.0
1980-01-22,0.0
1980-01-23,9.4
1980-01-24,63.0
1980-01-25,25.4
1980-01-26,14.4
1980-01-27,0.0
1980-01-28,0.2
1980-01-29,0.0
1980-01-30,0.0
1980-01-31,0.0
1980-02-01,102.2
1980-02-02,0.8
1980-02-03,0.0
1980-02-04,0.0
1980-02-05,0.0
1980-02-06,0.0
1980-02-07,0.0
1980-02-08,8.6
1980-02-09,0.0
1980-02-10,7.6
1980-02-11,12.6
1980-02-12,5.4
1980-02-13,1.8
1980-02-14,0.0
1980-02-15,0.0
1980-02-16,0.0
1980-02-17,1.4
1980-02-18,0.1
1980-02-19,3.6
1980-02-20,0.0
1980-02-21,0.0
1980-02-22,0.0
1980-02-23,0.0
1980-02-24,0.0
1980-02-25,17.8
1980-02-26,36.0
1980-02-27,55.0
1980-02-28,19.0
1980-02-29,41.7
1980-03-01,22.0
1980-03-02,2.5
1980-03-03,0.0
1980-03-04,2.5
1980-03-05,0.2
1980-03-06,0.0
1980-03-07,0.0
1980-03-08,8.4
1980-03-09,0.0
1980-03-10,0.0
1980-03-11,0.0
1980-03-12,42.0
1980-03-13,8.4
1980-03-14,7.2
1980-03-15,50.2
1980-03-16,39.4
1980-03-17,0.2
1980-03-18,0.0
1980-03-19,1.9
1980-03-20,0.3
1980-03-21,0.0
1980-03-22,0.0
1980-03-23,0.0
1980-03-24,0.4
1980-03-25,0.0
1980-03-26,0.0
1980-03-27,0.2
1980-03-28,0.0
1980-03-29,0.2
1980-03-30,0.0
1980-03-31,10.8
1980-04-01,0.0
1980-04-02,0.0
1980-04-03,0.2
1980-04-04,16.8
1980-04-05,11.0
1980-04-06,0.0
1980-04-07,0.0
1980-04-08,0.0
1980-04-09,0.0
1980-04-10,0.2
1980-04-11,0.0
1980-04-12,0.0
1980-04-13,45.0
1980-04-14,22.0
1980-04-15,12.8
1980-04-16,2.8
1980-04-17,0.0
1980-04-18,0.0
1980-04-19,0.0
1980-04-20,0.0
1980-04-21,0.0
1980-04-22,0.0
1980-04-23,0.0
1980-04-24,0.0
1980-04-25,0.0
1980-04-26,0.0
1980-04-27,0.0
1980-04-28,0.0
1980-04-29,0.0
1980-04-30,0.0
1980-05-01,0.0
1980-05-02,16.3
1980-05-03,0.4
1980-05-04,0.0
1980-05-05,0.0
1980-05-06,0.0
1980-05-07,0.0
1980-05-08,0.0
1980-05-09,0.0
1980-05-10,0.0
1980-05-11,20.6
1980-05-12,0.0
1980-05-13,0.0
1980-05-14,0.3
1980-05-15,0.0
1980-05-16,2.0
1980-05-17,0.0
1980-05-18,0.0
1980-05-19,25.0
1980-05-20,30.4
1980-05-21,53.0
1980-05-22,5.4
1980-05-23,0.0
1980-05-24,0.0
1980-05-25,0.0
1980-05-26,0.0
1980-05-27,0.0
1980-05-28,0.0
1980-05-29,0.0
1980-05-30,0.0
1980-05-31,0.0
1980-06-01,0.0
1980-06-02,0.0
1980-06-03,15.4
1980-06-04,0.0
1980-06-05,0.0
1980-06-06,0.0
1980-06-07,0.0
1980-06-08,0.0
1980-06-09,0.0
1980-06-10,0.0
1980-06-11,0.0
1980-06-12,0.0
1980-06-13,0.0
1980-06-14,11.4
1980-06-15,0.0
1980-06-16,0.0
1980-06-17,0.0
1980-06-18,0.0
1980-06-19,0.0
1980-06-20,0.0
1980-06-21,0.0
1980-06-22,0.0
1980-06-23,0.0
1980-06-24,0.0
1980-06-25,18.2
1980-06-26,59.0
1980-06-27,1.2
1980-06-28,0.0
1980-06-29,0.0
1980-06-30,0.0
1980-07-01,1.2
1980-07-02,14.2
1980-07-03,8.6
1980-07-04,0.0
1980-07-05,0.0
1980-07-06,0.0
1980-07-07,0.0
1980-07-08,0.0
1980-07-09,0.0
1980-07-10,41.4
1980-07-11,10.0
1980-07-12,0.0
1980-07-13,0.0
1980-07-14,0.0
1980-07-15,0.0
1980-07-16,0.0
1980-07-17,0.0
1980-07-18,0.0
1980-07-19,0.0
1980-07-20,0.0
1980-07-21,0.0
1980-07-22,0.0
1980-07-23,0.0
1980-07-24,0.0
1980-07-25,0.0
1980-07-26,0.0
1980-07-27,11.6
1980-07-28,0.0
1980-07-29,0.0
1980-07-30,0.6
1980-07-31,15.6
1980-08-01,0.0
1980-08-02,0.0
1980-08-03,0.0
1980-08-04,0.0
1980-08-05,0.0
1980-08-06,27.0
1980-08-07,0.0
1980-08-08,0.0
1980-08-09,7.0
1980-08-10,13.8
1980-08-11,0.2
1980-08-12,0.0
1980-08-13,0.0
1980-08-14,0.0
1980-08-15,1.8
1980-08-16,0.0
1980-08-17,0.0
1980-08-18,0.0
1980-08-19,0.0
1980-08-20,8.2
1980-08-21,0.0
1980-08-22,0.2
1980-08-23,32.0
1980-08-24,0.0
1980-08-25,0.0
1980-08-26,3.5
1980-08-27,1.0
1980-08-28,0.0
1980-08-29,0.0
1980-08-30,0.0
1980-08-31,0.0
1980-09-01,0.0
1980-09-02,0.3
1980-09-03,0.6
1980-09-04,0.0
1980-09-05,0.0
1980-09-06,0.0
1980-09-07,0.0
1980-09-08,0.0
1980-09-09,96.0
1980-09-10,1.2
1980-09-11,0.0
1980-09-12,0.0
1980-09-13,0.0
1980-09-14,2.5
1980-09-15,22.5
1980-09-16,4.0
1980-09-17,0.0
1980-09-18,9.6
1980-09-19,5.2
1980-09-20,10.0
1980-09-21,45.0
1980-09-22,14.3
1980-09-23,0.0
1980-09-24,0.0
1980-09-25,0.0
1980-09-26,0.0
1980-09-27,0.0
1980-09-28,17.0
1980-09-29,0.5
1980-09-30,0.0
1980-10-01,0.0
1980-10-02,0.0
1980-10-03,0.0
1980-10-04,0.0
1980-10-05,0.0
1980-10-06,2.6
1980-10-07,0.0
1980-10-08,10.2
1980-10-09,4.0
1980-10-10,0.0
1980-10-11,26.0
1980-10-12,2.0
1980-10-13,0.0
1980-10-14,0.0
1980-10-15,0.0
1980-10-16,0.0
1980-10-17,0.0
1980-10-18,0.0
1980-10-19,0.0
1980-10-20,4.0
1980-10-21,0.0
1980-10-22,0.0
1980-10-23,4.0
1980-10-24,10.2
1980-10-25,0.0
1980-10-26,0.0
1980-10-27,0.0
1980-10-28,6.0
1980-10-29,11.0
1980-10-30,0.0
1980-10-31,5.4
1980-11-01,0.0
1980-11-02,0.0
1980-11-03,0.0
1980-11-04,1.9
1980-11-05,0.0
1980-11-06,0.0
1980-11-07,30.0
1980-11-08,0.0
1980-11-09,28.6
1980-11-10,2.8
1980-11-11,0.0
1980-11-12,0.0
1980-11-13,3.0
1980-11-14,0.0
1980-11-15,0.0
1980-11-16,0.0
1980-11-17,0.0
1980-11-18,0.0
1980-11-19,8.0
1980-11-20,0.0
1980-11-21,0.0
1980-11-22,0.0
1980-11-23,25.8
1980-11-24,0.1
1980-11-25,41.0
1980-11-26,0.0
1980-11-27,0.0
1980-11-28,0.0
1980-11-29,29.0
1980-11-30,34.0
1980-12-01,8.4
1980-12-02,3.6
1980-12-03,0.7
1980-12-04,8.0
1980-12-05,2.1
1980-12-06,0.0
1980-12-07,0.0
1980-12-08,0.0
1980-12-09,0.0
1980-12-10,0.0
1980-12-11,19.5
1980-12-12,38.0
1980-12-13,10.8
1980-12-14,32.4
1980-12-15,0.0
1980-12-16,0.0
1980-12-17,0.0
1980-12-18,0.0
1980-12-19,51.6
1980-12-20,13.6
1980-12-21,56.0
1980-12-22,49.0
1980-12-23,11.0
1980-12-24,0.0
1980-12-25,0.0
1980-12-26,15.4
1980-12-27,8.2
1980-12-28,20.8
1980-12-29,16.0
1980-12-30,0.2
1980-12-31,0.0
1981-01-01,0.0
1981-01-02,63.0
1981-01-03,0.0
1981-01-04,0.0
1981-01-05,19.0
1981-01-06,8.4
1981-01-07,17.8
1981-01-08,4.8
1981-01-09,27.2
1981-01-10,0.0
1981-01-11,0.0
1981-01-12,8.2
1981-01-13,10.2
1981-01-14,29.0
1981-01-15,8.3
1981-01-16,0.0
1981-01-17,0.0
1981-01-18,3.8
1981-01-19,39.2
1981-01-20,3.5
1981-01-21,37.4
1981-01-22,3.8
1981-01-23,0.0
1981-01-24,0.0
1981-01-25,0.0
1981-01-26,0.0
1981-01-27,2.0
1981-01-28,0.0
1981-01-29,0.0
1981-01-30,5.0
1981-01-31,0.0
1981-02-01,0.0
1981-02-02,0.0
1981-02-03,0.2
1981-02-04,15.5
1981-02-05,18.0
1981-02-06,0.0
1981-02-07,0.0
1981-02-08,0.0
1981-02-09,0.0
1981-02-10,8.0
1981-02-11,0.0
1981-02-12,14.2
1981-02-13,22.8
1981-02-14,5.8
1981-02-15,0.0
1981-02-16,0.0
1981-02-17,0.0
1981-02-18,0.0
1981-02-19,0.0
1981-02-20,1.2
1981-02-21,12.0
1981-02-22,0.5
1981-02-23,11.2
1981-02-24,4.0
1981-02-25,0.0
1981-02-26,0.0
1981-02-27,0.0
1981-02-28,0.0
1981-03-01,0.0
1981-03-02,5.2
1981-03-03,5.0
1981-03-04,1.5
1981-03-05,0.0
1981-03-06,1.8
1981-03-07,0.0
1981-03-08,0.3
1981-03-09,18.0
1981-03-10,3.0
1981-03-11,0.0
1981-03-12,0.0
1981-03-13,0.0
1981-03-14,0.0
1981-03-15,6.0
1981-03-16,4.0
1981-03-17,39.8
1981-03-18,3.4
1981-03-19,0.0
1981-03-20,0.0
1981-03-21,0.2
1981-03-22,0.0
1981-03-23,0.0
1981-03-24,0.0
1981-03-25,0.0
1981-03-26,0.0
1981-03-27,0.0
1981-03-28,1.0
1981-03-29,0.0
1981-03-30,0.0
1981-03-31,0.0
1981-04-01,0.0
1981-04-02,0.0
1981-04-03,0.0
1981-04-04,0.0
1981-04-05,0.0
1981-04-06,0.0
1981-04-07,0.0
1981-04-08,0.0
1981-04-09,0.0
1981-04-10,0.0
1981-04-11,0.0
1981-04-12,0.0
1981-04-13,0.0
1981-04-14,0.0
1981-04-15,0.0
1981-04-16,19.0
1981-04-17,0.0
1981-04-18,0.0
1981-04-19,0.0
1981-04-20,0.0
1981-04-21,0.0
1981-04-22,0.0
1981-04-23,16.4
1981-04-24,1.0
1981-04-25,0.0
1981-04-26,1.5
1981-04-27,86.6
1981-04-28,23.0
1981-04-29,3.6
1981-04-30,0.0
1981-05-01,0.0
1981-05-02,0.0
1981-05-03,0.1
1981-05-04,10.0
1981-05-05,0.0
1981-05-06,0.0
1981-05-07,0.0
1981-05-08,0.0
1981-05-09,0.0
1981-05-10,0.0
1981-05-11,0.0
1981-05-12,0.0
1981-05-13,0.0
1981-05-14,0.0
1981-05-15,0.0
1981-05-16,0.0
1981-05-17,0.0
1981-05-18,0.0
1981-05-19,0.0
1981-05-20,0.0
1981-05-21,5.2
1981-05-22,0.0
1981-05-23,0.0
1981-05-24,0.0
1981-05-25,0.0
1981-05-26,0.0
1981-05-27,0.0
1981-05-28,12.2
1981-05-29,0.0
1981-05-30,0.0
1981-05-31,0.0
1981-06-01,0.0
1981-06-02,0.0
1981-06-03,27.2
1981-06-04,0.0
1981-06-05,0.0
1981-06-06,25.0
1981-06-07,7.4
1981-06-08,5.0
1981-06-09,0.0
1981-06-10,0.0
1981-06-11,0.0
1981-06-12,0.0
1981-06-13,4.5
1981-06-14,0.0
1981-06-15,0.0
1981-06-16,32.0
1981-06-17,0.0
1981-06-18,0.0
1981-06-19,0.0
1981-06-20,0.0
1981-06-21,0.0
1981-06-22,0.0
1981-06-23,0.0
1981-06-24,0.0
1981-06-25,0.1
1981-06-26,0.0
1981-06-27,0.0
1981-06-28,0.0
1981-06-29,0.0
1981-06-30,0.0
1981-07-01,0.0
1981-07-02,6.0
1981-07-03,1.0
1981-07-04,0.0
1981-07-05,0.0
1981-07-06,0.0
1981-07-07,0.0
1981-07-08,0.0
1981-07-09,0.0
1981-07-10,0.0
1981-07-11,0.0
1981-07-12,0.0
1981-07-13,0.0
1981-07-14,0.0
1981-07-15,0.0
1981-07-16,0.0
1981-07-17,0.0
1981-07-18,0.0
1981-07-19,0.0
1981-07-20,0.0
1981-07-21,0.0
1981-07-22,0.0
1981-07-23,0.0
1981-07-24,0.0
1981-07-25,0.0
1981-07-26,0.0
1981-07-27,0.0
1981-07-28,0.0
1981-07-29,0.0
1981-07-30,0.0
1981-07-31,0.0
1981-08-01,0.0
1981-08-02,0.0
1981-08-03,0.0
1981-08-04,0.0
1981-08-05,0.0
1981-08-06,0.0
1981-08-07,0.0
1981-08-08,0.0
1981-08-09,12.0
1981-08-10,4.8
1981-08-11,0.0
1981-08-12,0.8
1981-08-13,0.0
1981-08-14,0.0
1981-08-15,0.0
1981-08-16,0.0
1981-08-17,0.3
1981-08-18,5.2
1981-08-19,0.0
1981-08-20,0.0
1981-08-21,0.0
1981-08-22,0.0
1981-08-23,0.0
1981-08-24,0.0
1981-08-25,0.0
1981-08-26,0.0
1981-08-27,0.0
1981-08-28,0.0
1981-08-29,0.0
1981-08-30,0.0
1981-08-31,0.0
1981-09-01,0.0
1981-09-02,0.0
1981-09-03,0.0
1981-09-04,1.0
1981-09-05,0.0
1981-09-06,0.0
1981-09-07,0.0
1981-09-08,0.0
1981-09-09,0.0
1981-09-10,0.0
1981-09-11,0.0
1981-09-12,0.0
1981-09-13,0.0
1981-09-14,0.0
1981-09-15,0.0
1981-09-16,0.0
1981-09-17,0.0
1981-09-18,0.0
1981-09-19,0.0
1981-09-20,0.0
1981-09-21,9.3
1981-09-22,2.4
1981-09-23,0.0
1981-09-24,0.8
1981-09-25,39.0
1981-09-26,0.0
1981-09-27,0.3
1981-09-28,0.0
1981-09-29,0.8
1981-09-30,6.8
1981-10-01,0.0
1981-10-02,0.0
1981-10-03,0.0
1981-10-04,27.0
1981-10-05,23.2
1981-10-06,31.0
1981-10-07,11.0
1981-10-08,3.5
1981-10-09,0.0
1981-10-10,0.1
1981-10-11,4.0
1981-10-12,3.0
1981-10-13,0.0
1981-10-14,0.0
1981-10-15,2.2
1981-10-16,43.0
1981-10-17,0.0
1981-10-18,0.0
1981-10-19,0.1
1981-10-20,22.0
1981-10-21,0.0
1981-10-22,0.0
1981-10-23,0.0
1981-10-24,0.0
1981-10-25,0.0
1981-10-26,1.9
1981-10-27,36.8
1981-10-28,3.8
1981-10-29,0.0
1981-10-30,0.2
1981-10-31,0.0
1981-11-01,0.0
1981-11-02,6.9
1981-11-03,7.2
1981-11-04,9.2
1981-11-05,0.0
1981-11-06,0.0
1981-11-07,22.4
1981-11-08,0.0
1981-11-09,5.4
1981-11-10,67.6
1981-11-11,0.0
1981-11-12,0.0
1981-11-13,0.0
1981-11-14,14.8
1981-11-15,0.0
1981-11-16,0.0
1981-11-17,0.0
1981-11-18,0.0
1981-11-19,39.3
1981-11-20,0.0
1981-11-21,0.0
1981-11-22,0.0
1981-11-23,0.0
1981-11-24,0.0
1981-11-25,0.0
1981-11-26,1.2
1981-11-27,0.0
1981-11-28,0.0
1981-11-29,14.0
1981-11-30,1.2
1981-12-01,37.6
1981-12-02,30.4
1981-12-03,0.0
1981-12-04,0.0
1981-12-05,0.0
1981-12-06,62.0
1981-12-07,26.2
1981-12-08,12.4
1981-12-09,11.8
1981-12-10,0.0
1981-12-11,0.0
1981-12-12,0.0
1981-12-13,10.0
1981-12-14,0.0
1981-12-15,25.2
1981-12-16,10.2
1981-12-17,0.0
1981-12-18,0.0
1981-12-19,3.2
1981-12-20,0.0
1981-12-21,24.0
1981-12-22,33.5
1981-12-23,23.6
1981-12-24,10.2
1981-12-25,7.2
1981-12-26,14.2
1981-12-27,11.0
1981-12-28,7.2
1981-12-29,0.0
1981-12-30,0.0
1981-12-31,0.0
1982-01-01,0.0
1982-01-02,0.0
1982-01-03,1.0
1982-01-04,33.0
1982-01-05,0.0
1982-01-06,0.0
1982-01-07,0.0
1982-01-08,5.4
1982-01-09,3.4
1982-01-10,8.4
1982-01-11,1.2
1982-01-12,1.0
1982-01-13,0.0
1982-01-14,0.0
1982-01-15,0.0
1982-01-16,0.0
1982-01-17,0.0
1982-01-18,0.0
1982-01-19,0.0
1982-01-20,0.0
1982-01-21,0.0
1982-01-22,0.0
1982-01-23,35.0
1982-01-24,0.0
1982-01-25,0.0
1982-01-26,0.0
1982-01-27,0.0
1982-01-28,0.2
1982-01-29,0.0
1982-01-30,3.2
1982-01-31,0.0
1982-02-01,0.0
1982-02-02,0.5
1982-02-03,2.0
1982-02-04,12.0
1982-02-05,28.6
1982-02-06,4.6
1982-02-07,0.8
1982-02-08,0.0
1982-02-09,10.0
1982-02-10,21.0
1982-02-11,15.0
1982-02-12,0.0
1982-02-13,0.0
1982-02-14,0.0
1982-02-15,0.0
1982-02-16,1.4
1982-02-17,0.0
1982-02-18,12.6
1982-02-19,0.0
1982-02-20,2.0
1982-02-21,0.0
1982-02-22,0.8
1982-02-23,36.2
1982-02-24,5.2
1982-02-25,8.2
1982-02-26,7.0
1982-02-27,0.0
1982-02-28,0.0
1982-03-01,0.0
1982-03-02,0.0
1982-03-03,0.0
1982-03-04,0.0
1982-03-05,0.0
1982-03-06,0.0
1982-03-07,0.0
1982-03-08,0.0
1982-03-09,0.0
1982-03-10,0.0
1982-03-11,0.0
1982-03-12,0.0
1982-03-13,0.0
1982-03-14,0.0
1982-03-15,1.5
1982-03-16,17.4
1982-03-17,17.2
1982-03-18,10.2
1982-03-19,0.0
1982-03-20,0.0
1982-03-21,0.0
1982-03-22,28.8
1982-03-23,0.0
1982-03-24,0.0
1982-03-25,0.0
1982-03-26,0.6
1982-03-27,0.0
1982-03-28,2.8
1982-03-29,4.0
1982-03-30,0.0
1982-03-31,0.0
1982-04-01,0.0
1982-04-02,0.0
1982-04-03,0.0
1982-04-04,0.2
1982-04-05,0.0
1982-04-06,0.0
1982-04-07,0.0
1982-04-08,0.0
1982-04-09,0.0
1982-04-10,0.0
1982-04-11,0.0
1982-04-12,0.0
1982-04-13,2.0
1982-04-14,0.0
1982-04-15,3.0
1982-04-16,0.0
1982-04-17,0.0
1982-04-18,0.0
1982-04-19,0.0
1982-04-20,0.0
1982-04-21,0.0
1982-04-22,0.0
1982-04-23,0.0
1982-04-24,0.0
1982-04-25,0.0
1982-04-26,0.0
1982-04-27,0.0
1982-04-28,0.0
1982-04-29,0.0
1982-04-30,0.0
1982-05-01,0.0
1982-05-02,0.0
1982-05-03,0.0
1982-05-04,0.0
1982-05-05,0.0
1982-05-06,0.0
1982-05-07,0.0
1982-05-08,0.0
1982-05-09,0.0
1982-05-10,0.0
1982-05-11,0.0
1982-05-12,3.5
1982-05-13,0.0
1982-05-14,0.0
1982-05-15,0.0
1982-05-16,0.0
1982-05-17,0.0
1982-05-18,0.0
1982-05-19,26.2
1982-05-20,0.0
1982-05-21,0.0
1982-05-22,0.0
1982-05-23,0.0
1982-05-24,15.4
1982-05-25,23.0
1982-05-26,4.4
1982-05-27,0.0
1982-05-28,0.0
1982-05-29,0.0
1982-05-30,0.0
1982-05-31,0.0
1982-06-01,0.0
1982-06-02,0.0
1982-06-03,0.0
1982-06-04,1.5
1982-06-05,1.3
1982-06-06,0.0
1982-06-07,0.0
1982-06-08,0.0
1982-06-09,0.0
1982-06-10,0.1
1982-06-11,33.0
1982-06-12,79.0
1982-06-13,3.8
1982-06-14,0.0
1982-06-15,0.0
1982-06-16,14.6
1982-06-17,0.0
1982-06-18,0.0
1982-06-19,0.0
1982-06-20,16.8
1982-06-21,0.0
1982-06-22,19.2
1982-06-23,8.0
1982-06-24,16.0
1982-06-25,27.0
1982-06-26,30.2
1982-06-27,0.0
1982-06-28,2.0
1982-06-29,11.0
1982-06-30,0.0
1982-07-01,18.2
1982-07-02,1.8
1982-07-03,0.0
1982-07-04,0.0
1982-07-05,0.0
1982-07-06,0.0
1982-07-07,0.0
1982-07-08,20.0
1982-07-09,59.0
1982-07-10,0.2
1982-07-11,0.0
1982-07-12,0.5
1982-07-13,36.0
1982-07-14,0.0
1982-07-15,0.0
1982-07-16,0.0
1982-07-17,3.5
1982-07-18,51.0
1982-07-19,0.0
1982-07-20,0.0
1982-07-21,0.0
1982-07-22,0.0
1982-07-23,0.0
1982-07-24,0.0
1982-07-25,0.0
1982-07-26,0.0
1982-07-27,0.0
1982-07-28,0.0
1982-07-29,0.0
1982-07-30,2.5
1982-07-31,0.0
1982-08-01,0.0
1982-08-02,0.0
1982-08-03,4.5
1982-08-04,1.0
1982-08-05,0.0
1982-08-06,0.0
1982-08-07,0.0
1982-08-08,0.0
1982-08-09,3.8
1982-08-10,8.0
1982-08-11,1.8
1982-08-12,0.0
1982-08-13,0.0
1982-08-14,0.0
1982-08-15,0.0
1982-08-16,0.0
1982-08-17,4.4
1982-08-18,11.0
1982-08-19,3.5
1982-08-20,0.0
1982-08-21,0.0
1982-08-22,0.0
1982-08-23,0.0
1982-08-24,1.4
1982-08-25,0.0
1982-08-26,0.0
1982-08-27,0.0
1982-08-28,0.0
1982-08-29,0.0
1982-08-30,0.0
1982-08-31,0.0
1982-09-01,0.0
1982-09-02,0.0
1982-09-03,0.0
1982-09-04,0.0
1982-09-05,1.5
1982-09-06,0.0
1982-09-07,0.0
1982-09-08,0.0
1982-09-09,0.0
1982-09-10,0.0
1982-09-11,0.0
1982-09-12,0.0
1982-09-13,0.0
1982-09-14,0.0
1982-09-15,0.0
1982-09-16,0.0
1982-09-17,0.0
1982-09-18,1.5
1982-09-19,14.5
1982-09-20,0.0
1982-09-21,0.0
1982-09-22,0.0
1982-09-23,0.0
1982-09-24,0.2
1982-09-25,0.2
1982-09-26,0.0
1982-09-27,0.2
1982-09-28,23.0
1982-09-29,0.0
1982-09-30,0.0
1982-10-01,0.0
1982-10-02,31.8
1982-10-03,1.0
1982-10-04,0.2
1982-10-05,11.5
1982-10-06,0.0
1982-10-07,6.5
1982-10-08,39.6
1982-10-09,3.0
1982-10-10,8.4
1982-10-11,17.8
1982-10-12,1.0
1982-10-13,15.4
1982-10-14,0.0
1982-10-15,0.0
1982-10-16,0.0
1982-10-17,0.0
1982-10-18,23.5
1982-10-19,0.0
1982-10-20,0.0
1982-10-21,24.0
1982-10-22,4.0
1982-10-23,0.0
1982-10-24,34.0
1982-10-25,0.0
1982-10-26,0.0
1982-10-27,4.3
1982-10-28,9.0
1982-10-29,0.2
1982-10-30,0.0
1982-10-31,0.0
1982-11-01,0.0
1982-11-02,0.0
1982-11-03,2.5
1982-11-04,4.8
1982-11-05,8.2
1982-11-06,42.0
1982-11-07,0.3
1982-11-08,0.0
1982-11-09,0.0
1982-11-10,11.5
1982-11-11,18.0
1982-11-12,30.0
1982-11-13,7.2
1982-11-14,13.2
1982-11-15,28.0
1982-11-16,12.2
1982-11-17,15.8
1982-11-18,0.0
1982-11-19,0.0
1982-11-20,31.7
1982-11-21,60.7
1982-11-22,0.6
1982-11-23,21.6
1982-11-24,8.4
1982-11-25,0.0
1982-11-26,55.4
1982-11-27,19.0
1982-11-28,23.2
1982-11-29,17.6
1982-11-30,0.0
1982-12-01,0.0
1982-12-02,20.0
1982-12-03,0.0
1982-12-04,0.0
1982-12-05,0.0
1982-12-06,17.0
1982-12-07,9.6
1982-12-08,0.0
1982-12-09,0.0
1982-12-10,0.0
1982-12-11,0.2
1982-12-12,15.4
1982-12-13,34.0
1982-12-14,5.2
1982-12-15,6.4
1982-12-16,1.0
1982-12-17,30.6
1982-12-18,1.0
1982-12-19,4.5
1982-12-20,0.7
1982-12-21,22.0
1982-12-22,19.2
1982-12-23,10.2
1982-12-24,0.6
1982-12-25,0.0
1982-12-26,0.0
1982-12-27,0.0
1982-12-28,0.0
1982-12-29,4.2
1982-12-30,0.0
1982-12-31,1.0
1983-01-01,0.0
1983-01-02,19.8
1983-01-03,15.0
1983-01-04,3.6
1983-01-05,46.4
1983-01-06,1.0
1983-01-07,0.0
1983-01-08,7.0
1983-01-09,0.0
1983-01-10,0.1
1983-01-11,1.0
1983-01-12,0.2
1983-01-13,0.0
1983-01-14,0.5
1983-01-15,12.0
1983-01-16,27.0
1983-01-17,3.0
1983-01-18,13.5
1983-01-19,34.8
1983-01-20,13.5
1983-01-21,3.0
1983-01-22,0.0
1983-01-23,0.0
1983-01-24,0.1
1983-01-25,0.0
1983-01-26,0.0
1983-01-27,0.0
1983-01-28,26.4
1983-01-29,7.8
1983-01-30,11.8
1983-01-31,28.5
1983-02-01,0.0
1983-02-02,0.0
1983-02-03,0.0
1983-02-04,0.4
1983-02-05,0.0
1983-02-06,0.0
1983-02-07,0.0
1983-02-08,27.6
1983-02-09,15.0
1983-02-10,6.2
1983-02-11,0.0
1983-02-12,0.0
1983-02-13,0.0
1983-02-14,0.1
1983-02-15,2.2
1983-02-16,1.4
1983-02-17,34.2
1983-02-18,3.0
1983-02-19,0.0
1983-02-20,0.0
1983-02-21,0.1
1983-02-22,14.5
1983-02-23,4.8
1983-02-24,4.0
1983-02-25,0.2
1983-02-26,5.6
1983-02-27,0.0
1983-02-28,5.0
1983-03-01,30.0
1983-03-02,18.0
1983-03-03,15.0
1983-03-04,66.0
1983-03-05,6.0
1983-03-06,68.0
1983-03-07,0.4
1983-03-08,0.0
1983-03-09,0.0
1983-03-10,0.0
1983-03-11,3.0
1983-03-12,19.4
1983-03-13,10.0
1983-03-14,0.0
1983-03-15,0.0
1983-03-16,0.0
1983-03-17,0.0
1983-03-18,8.8
1983-03-19,46.0
1983-03-20,0.0
1983-03-21,0.0
1983-03-22,0.0
1983-03-23,0.0
1983-03-24,0.0
1983-03-25,0.0
1983-03-26,0.0
1983-03-27,0.0
1983-03-28,0.0
1983-03-29,0.0
1983-03-30,2.0
1983-03-31,0.0
1983-04-01,0.0
1983-04-02,0.0
1983-04-03,0.0
1983-04-04,0.2
1983-04-05,7.0
1983-04-06,2.0
1983-04-07,3.0
1983-04-08,0.0
1983-04-09,0.0
1983-04-10,0.0
1983-04-11,0.0
1983-04-12,0.0
1983-04-13,0.0
1983-04-14,0.0
1983-04-15,3.4
1983-04-16,0.8
1983-04-17,5.0
1983-04-18,0.0
1983-04-19,50.0
1983-04-20,6.6
1983-04-21,0.0
1983-04-22,11.2
1983-04-23,0.0
1983-04-24,6.0
1983-04-25,15.6
1983-04-26,24.5
1983-04-27,0.0
1983-04-28,0.0
1983-04-29,0.0
1983-04-30,16.0
1983-05-01,0.0
1983-05-02,0.4
1983-05-03,0.0
1983-05-04,0.0
1983-05-05,0.0
1983-05-06,0.0
1983-05-07,0.0
1983-05-08,31.0
1983-05-09,16.4
1983-05-10,0.0
1983-05-11,35.0
1983-05-12,10.4
1983-05-13,2.5
1983-05-14,2.0
1983-05-15,0.0
1983-05-16,0.0
1983-05-17,30.6
1983-05-18,0.0
1983-05-19,0.0
1983-05-20,52.5
1983-05-21,1.0
1983-05-22,0.0
1983-05-23,0.0
1983-05-24,18.2
1983-05-25,0.0
1983-05-26,0.0
1983-05-27,0.0
1983-05-28,40.0
1983-05-29,10.0
1983-05-30,42.5
1983-05-31,30.5
1983-06-01,0.0
1983-06-02,0.0
1983-06-03,13.8
1983-06-04,14.0
1983-06-05,10.0
1983-06-06,78.2
1983-06-07,29.0
1983-06-08,0.6
1983-06-09,16.4
1983-06-10,3.0
1983-06-11,22.6
1983-06-12,16.0
1983-06-13,14.2
1983-06-14,0.2
1983-06-15,0.0
1983-06-16,0.0
1983-06-17,0.0
1983-06-18,0.0
1983-06-19,0.0
1983-06-20,0.0
1983-06-21,0.0
1983-06-22,0.0
1983-06-23,0.0
1983-06-24,19.8
1983-06-25,89.0
1983-06-26,7.6
1983-06-27,3.2
1983-06-28,15.0
1983-06-29,25.0
1983-06-30,0.0
1983-07-01,0.0
1983-07-02,0.0
1983-07-03,0.0
1983-07-04,0.2
1983-07-05,0.0
1983-07-06,3.0
1983-07-07,5.0
1983-07-08,13.6
1983-07-09,24.0
1983-07-10,3.5
1983-07-11,0.0
1983-07-12,0.0
1983-07-13,0.0
1983-07-14,0.0
1983-07-15,0.0
1983-07-16,0.0
1983-07-17,3.0
1983-07-18,0.2
1983-07-19,0.0
1983-07-20,0.0
1983-07-21,0.0
1983-07-22,0.0
1983-07-23,0.0
1983-07-24,0.0
1983-07-25,0.0
1983-07-26,0.0
1983-07-27,0.0
1983-07-28,1.4
1983-07-29,0.0
1983-07-30,0.0
1983-07-31,0.0
1983-08-01,0.0
1983-08-02,0.0
1983-08-03,0.0
1983-08-04,0.0
1983-08-05,0.0
1983-08-06,0.0
1983-08-07,0.0
1983-08-08,0.1
1983-08-09,0.0
1983-08-10,0.0
1983-08-11,0.0
1983-08-12,0.0
1983-08-13,0.0
1983-08-14,0.0
1983-08-15,0.0
1983-08-16,0.0
1983-08-17,0.0
1983-08-18,0.0
1983-08-19,0.0
1983-08-20,0.0
1983-08-21,0.0
1983-08-22,0.0
1983-08-23,0.0
1983-08-24,0.0
1983-08-25,0.0
1983-08-26,0.0
1983-08-27,0.0
1983-08-28,0.0
1983-08-29,0.0
1983-08-30,0.0
1983-08-31,0.0
1983-09-01,0.0
1983-09-02,0.0
1983-09-03,0.2
1983-09-04,34.0
1983-09-05,38.0
1983-09-06,64.0
1983-09-07,13.2
1983-09-08,17.0
1983-09-09,1.2
1983-09-10,0.0
1983-09-11,0.0
1983-09-12,5.5
1983-09-13,9.2
1983-09-14,0.0
1983-09-15,0.0
1983-09-16,30.4
1983-09-17,26.2
1983-09-18,96.3
1983-09-19,35.5
1983-09-20,0.0
1983-09-21,0.0
1983-09-22,0.0
1983-09-23,0.0
1983-09-24,2.5
1983-09-25,16.5
1983-09-26,0.0
1983-09-27,0.0
1983-09-28,0.0
1983-09-29,0.0
1983-09-30,0.0
1983-10-01,0.0
1983-10-02,23.4
1983-10-03,10.0
1983-10-04,0.0
1983-10-05,0.0
1983-10-06,0.0
1983-10-07,0.0
1983-10-08,0.0
1983-10-09,0.0
1983-10-10,0.0
1983-10-11,23.0
1983-10-12,3.2
1983-10-13,32.0
1983-10-14,7.0
1983-10-15,2.0
1983-10-16,0.0
1983-10-17,8.0
1983-10-18,22.2
1983-10-19,0.0
1983-10-20,0.0
1983-10-21,0.0
1983-10-22,56.0
1983-10-23,10.0
1983-10-24,0.0
1983-10-25,0.0
1983-10-26,0.0
1983-10-27,0.0
1983-10-28,0.0
1983-10-29,0.0
1983-10-30,0.0
1983-10-31,30.2
1983-11-01,12.7
1983-11-02,7.5
1983-11-03,14.7
1983-11-04,32.2
1983-11-05,0.0
1983-11-06,0.0
1983-11-07,0.0
1983-11-08,0.0
1983-11-09,0.0
1983-11-10,17.8
1983-11-11,17.2
1983-11-12,13.8
1983-11-13,13.2
1983-11-14,0.0
1983-11-15,0.5
1983-11-16,0.0
1983-11-17,0.0
1983-11-18,0.0
1983-11-19,6.4
1983-11-20,30.2
1983-11-21,1.2
1983-11-22,30.2
1983-11-23,0.0
1983-11-24,0.0
1983-11-25,0.0
1983-11-26,0.0
1983-11-27,0.0
1983-11-28,7.0
1983-11-29,0.0
1983-11-30,9.2
1983-12-01,0.0
1983-12-02,0.7
1983-12-03,0.3
1983-12-04,0.0
1983-12-05,0.0
1983-12-06,1.8
1983-12-07,17.4
1983-12-08,0.0
1983-12-09,0.0
1983-12-10,28.2
1983-12-11,13.0
1983-12-12,0.0
1983-12-13,0.0
1983-12-14,12.6
1983-12-15,0.0
1983-12-16,0.0
1983-12-17,5.0
1983-12-18,3.5
1983-12-19,8.3
1983-12-20,26.0
1983-12-21,7.0
1983-12-22,4.2
1983-12-23,2.5
1983-12-24,0.0
1983-12-25,0.0
1983-12-26,0.0
1983-12-27,0.0
1983-12-28,3.2
1983-12-29,3.4
1983-12-30,17.2
1983-12-31,0.0
1984-01-01,0.3
1984-01-02,21.3
1984-01-03,0.0
1984-01-04,2.4
1984-01-05,18.2
1984-01-06,0.0
1984-01-07,0.0
1984-01-08,0.0
1984-01-09,2.2
1984-01-10,0.0
1984-01-11,0.0
1984-01-12,0.0
1984-01-13,0.0
1984-01-14,0.0
1984-01-15,0.0
1984-01-16,0.0
1984-01-17,0.0
1984-01-18,0.0
1984-01-19,0.0
1984-01-20,0.0
1984-01-21,0.0
1984-01-22,20.3
1984-01-23,0.0
1984-01-24,0.0
1984-01-25,10.8
1984-01-26,0.0
1984-01-27,1.3
1984-01-28,10.7
1984-01-29,34.2
1984-01-30,36.8
1984-01-31,18.5
1984-02-01,0.7
1984-02-02,0.0
1984-02-03,0.0
1984-02-04,6.0
1984-02-05,0.0
1984-02-06,0.0
1984-02-07,0.0
1984-02-08,4.5
1984-02-09,7.0
1984-02-10,0.1
1984-02-11,0.0
1984-02-12,26.0
1984-02-13,0.0
1984-02-14,0.0
1984-02-15,0.0
1984-02-16,0.1
1984-02-17,0.0
1984-02-18,0.0
1984-02-19,22.0
1984-02-20,0.0
1984-02-21,0.0
1984-02-22,0.6
1984-02-23,0.0
1984-02-24,0.0
1984-02-25,0.0
1984-02-26,0.0
1984-02-27,22.0
1984-02-28,6.0
1984-02-29,0.0
1984-03-01,0.0
1984-03-02,0.0
1984-03-03,0.0
1984-03-04,0.0
1984-03-05,0.0
1984-03-06,12.0
1984-03-07,0.2
1984-03-08,5.4
1984-03-09,0.0
1984-03-10,0.0
1984-03-11,0.0
1984-03-12,0.0
1984-03-13,0.0
1984-03-14,0.0
1984-03-15,0.0
1984-03-16,0.0
1984-03-17,0.0
1984-03-18,0.0
1984-03-19,46.0
1984-03-20,2.6
1984-03-21,25.0
1984-03-22,8.4
1984-03-23,0.0
1984-03-24,0.0
1984-03-25,0.0
1984-03-26,0.0
1984-03-27,6.8
1984-03-28,1.2
1984-03-29,10.7
1984-03-30,44.8
1984-03-31,12.0
1984-04-01,
1984-04-02,
1984-04-03,
1984-04-04,
1984-04-05,
1984-04-06,
1984-04-07,
1984-04-08,
1984-04-09,
1984-04-10,
1984-04-11,
1984-04-12,
1984-04-13,
1984-04-14,
1984-04-15,
1984-04-16,
1984-04-17,
1984-04-18,
1984-04-19,
1984-04-20,
1984-04-21,
1984-04-22,
1984-04-23,
1984-04-24,
1984-04-25,
1984-04-26,
1984-04-27,
1984-04-28,
1984-04-29,
1984-04-30,
1984-05-01,
1984-05-02,
1984-05-03,
1984-05-04,
1984-05-05,
1984-05-06,
1984-05-07,
1984-05-08,
1984-05-09,
1984-05-10,
1984-05-11,
1984-05-12,
1984-05-13,
1984-05-14,
1984-05-15,
1984-05-16,
1984-05-17,
1984-05-18,
1984-05-19,
1984-05-20,
1984-05-21,
1984-05-22,
1984-05-23,
1984-05-24,
1984-05-25,
1984-05-26,
1984-05-27,
1984-05-28,
1984-05-29,
1984-05-30,
1984-05-31,
1984-06-01,
1984-06-02,
1984-06-03,
1984-06-04,
1984-06-05,
1984-06-06,
1984-06-07,
1984-06-08,
1984-06-09,
1984-06-10,
1984-06-11,
1984-06-12,
1984-06-13,
1984-06-14,
1984-06-15,
1984-06-16,
1984-06-17,
1984-06-18,
1984-06-19,
1984-06-20,
1984-06-21,
1984-06-22,
1984-06-23,
1984-06-24,
1984-06-25,
1984-06-26,
1984-06-27,
1984-06-28,
1984-06-29,
1984-06-30,
1984-07-01,
1984-07-02,
1984-07-03,
1984-07-04,
1984-07-05,
1984-07-06,
1984-07-07,
1984-07-08,
1984-07-09,
1984-07-10,
1984-07-11,
1984-07-12,
1984-07-13,
1984-07-14,
1984-07-15,
1984-07-16,
1984-07-17,
1984-07-18,
1984-07-19,
1984-07-20,
1984-07-21,
1984-07-22,
1984-07-23,
1984-07-24,
1984-07-25,
1984-07-26,
1984-07-27,
1984-07-28,
1984-07-29,
1984-07-30,
1984-07-31,
1984-08-01,
1984-08-02,
1984-08-03,
1984-08-04,
1984-08-05,
1984-08-06,
1984-08-07,
1984-08-08,
1984-08-09,
1984-08-10,
1984-08-11,
1984-08-12,
1984-08-13,
1984-08-14,
1984-08-15,
1984-08-16,
1984-08-17,
1984-08-18,
1984-08-19,
1984-08-20,
1984-08-21,
1984-08-22,
1984-08-23,
1984-08-24,
1984-08-25,
1984-08-26,
1984-08-27,
1984-08-28,
1984-08-29,
1984-08-30,
1984-08-31,
1984-09-01,0.0
1984-09-02,0.0
1984-09-03,0.0
1984-09-04,0.0
1984-09-05,0.0
1984-09-06,0.1
1984-09-07,6.0
1984-09-08,0.0
1984-09-09,0.0
1984-09-10,0.0
1984-09-11,0.0
1984-09-12,0.0
1984-09-13,0.0
1984-09-14,0.0
1984-09-15,0.0
1984-09-16,0.0
1984-09-17,0.0
1984-09-18,0.0
1984-09-19,0.0
1984-09-20,72.0
1984-09-21,25.0
1984-09-22,0.0
1984-09-23,0.0
1984-09-24,0.0
1984-09-25,0.4
1984-09-26,40.1
1984-09-27,41.3
1984-09-28,0.0
1984-09-29,0.0
1984-09-30,0.0
1984-10-01,0.0
1984-10-02,0.0
1984-10-03,0.0
1984-10-04,0.0
1984-10-05,0.0
1984-10-06,0.0
1984-10-07,2.0
1984-10-08,0.0
1984-10-09,0.9
1984-10-10,15.1
1984-10-11,0.2
1984-10-12,0.0
1984-10-13,0.0
1984-10-14,0.0
1984-10-15,0.0
1984-10-16,0.0
1984-10-17,0.0
1984-10-18,16.3
1984-10-19,0.0
1984-10-20,0.0
1984-10-21,0.0
1984-10-22,0.0
1984-10-23,0.0
1984-10-24,0.0
1984-10-25,2.3
1984-10-26,0.0
1984-10-27,0.0
1984-10-28,0.0
1984-10-29,0.0
1984-10-30,0.0
1984-10-31,0.0
1984-11-01,0.0
1984-11-02,12.6
1984-11-03,37.2
1984-11-04,36.2
1984-11-05,11.1
1984-11-06,2.9
1984-11-07,0.0
1984-11-08,0.0
1984-11-09,0.0
1984-11-10,5.4
1984-11-11,0.0
1984-11-12,11.6
1984-11-13,0.0
1984-11-14,0.0
1984-11-15,0.0
1984-11-16,0.0
1984-11-17,0.0
1984-11-18,0.0
1984-11-19,6.2
1984-11-20,8.2
1984-11-21,8.4
1984-11-22,0.0
1984-11-23,0.0
1984-11-24,24.7
1984-11-25,5.3
1984-11-26,0.3
1984-11-27,12.0
1984-11-28,0.0
1984-11-29,0.0
1984-11-30,0.0
1984-12-01,25.3
1984-12-02,17.2
1984-12-03,1.0
1984-12-04,11.2
1984-12-05,0.0
1984-12-06,30.8
1984-12-07,1.4
1984-12-08,4.3
1984-12-09,0.0
1984-12-10,0.0
1984-12-11,0.0
1984-12-12,12.1
1984-12-13,84.2
1984-12-14,23.3
1984-12-15,2.8
1984-12-16,0.0
1984-12-17,23.4
1984-12-18,0.3
1984-12-19,0.0
1984-12-20,0.0
1984-12-21,0.0
1984-12-22,0.0
1984-12-23,0.0
1984-12-24,0.0
1984-12-25,0.2
1984-12-26,0.0
1984-12-27,0.0
1984-12-28,0.2
1984-12-29,2.2
1984-12-30,11.6
1984-12-31,30.8
1985-01-01,0.0
1985-01-02,0.0
1985-01-03,0.0
1985-01-04,0.0
1985-01-05,0.0
1985-01-06,0.0
1985-01-07,32.3
1985-01-08,29.8
1985-01-09,0.0
1985-01-10,0.0
1985-01-11,0.0
1985-01-12,0.0
1985-01-13,0.0
1985-01-14,0.0
1985-01-15,0.0
1985-01-16,0.3
1985-01-17,6.7
1985-01-18,0.0
1985-01-19,0.0
1985-01-20,0.0
1985-01-21,0.1
1985-01-22,0.0
1985-01-23,0.0
1985-01-24,0.0
1985-01-25,0.0
1985-01-26,0.0
1985-01-27,0.0
1985-01-28,1.0
1985-01-29,0.7
1985-01-30,0.0
1985-01-31,7.3
1985-02-01,0.0
1985-02-02,0.0
1985-02-03,30.0
1985-02-04,0.0
1985-02-05,0.0
1985-02-06,0.0
1985-02-07,0.0
1985-02-08,11.7
1985-02-09,13.6
1985-02-10,0.0
1985-02-11,2.6
1985-02-12,5.0
1985-02-13,8.1
1985-02-14,5.2
1985-02-15,0.0
1985-02-16,34.0
1985-02-17,0.0
1985-02-18,0.0
1985-02-19,22.1
1985-02-20,6.2
1985-02-21,48.0
1985-02-22,1.2
1985-02-23,32.3
1985-02-24,1.5
1985-02-25,0.0
1985-02-26,13.2
1985-02-27,0.0
1985-02-28,1.2
1985-03-01,0.0
1985-03-02,0.0
1985-03-03,6.0
1985-03-04,0.0
1985-03-05,2.2
1985-03-06,9.3
1985-03-07,36.5
1985-03-08,3.5
1985-03-09,0.0
1985-03-10,4.0
1985-03-11,32.2
1985-03-12,0.0
1985-03-13,0.0
1985-03-14,0.0
1985-03-15,0.0
1985-03-16,50.0
1985-03-17,2.2
1985-03-18,10.9
1985-03-19,0.0
1985-03-20,0.0
1985-03-21,0.0
1985-03-22,29.8
1985-03-23,24.8
1985-03-24,2.0
1985-03-25,0.0
1985-03-26,3.8
1985-03-27,9.9
1985-03-28,0.0
1985-03-29,85.4
1985-03-30,0.0
1985-03-31,0.0
1985-04-01,0.0
1985-04-02,0.0
1985-04-03,0.1
1985-04-04,0.1
1985-04-05,45.2
1985-04-06,17.6
1985-04-07,14.1
1985-04-08,3.0
1985-04-09,0.0
1985-04-10,0.0
1985-04-11,8.2
1985-04-12,0.0
1985-04-13,0.0
1985-04-14,0.0
1985-04-15,0.0
1985-04-16,49.3
1985-04-17,1.3
1985-04-18,21.1
1985-04-19,0.0
1985-04-20,0.0
1985-04-21,0.0
1985-04-22,0.0
1985-04-23,0.0
1985-04-24,0.0
1985-04-25,0.0
1985-04-26,1.0
1985-04-27,1.9
1985-04-28,0.0
1985-04-29,17.6
1985-04-30,5.5
1985-05-01,0.4
1985-05-02,0.9
1985-05-03,0.0
1985-05-04,0.0
1985-05-05,0.0
1985-05-06,0.3
1985-05-07,0.0
1985-05-08,0.0
1985-05-09,8.2
1985-05-10,8.8
1985-05-11,0.0
1985-05-12,0.0
1985-05-13,0.0
1985-05-14,0.0
1985-05-15,0.0
1985-05-16,0.0
1985-05-17,0.0
1985-05-18,0.0
1985-05-19,0.0
1985-05-20,0.3
1985-05-21,97.2
1985-05-22,43.4
1985-05-23,0.0
1985-05-24,9.5
1985-05-25,0.0
1985-05-26,0.0
1985-05-27,0.0
1985-05-28,0.0
1985-05-29,0.0
1985-05-30,0.0
1985-05-31,0.0
1985-06-01,0.0
1985-06-02,15.0
1985-06-03,6.2
1985-06-04,0.0
1985-06-05,0.0
1985-06-06,0.0
1985-06-07,0.0
1985-06-08,0.0
1985-06-09,0.0
1985-06-10,0.0
1985-06-11,0.0
1985-06-12,0.0
1985-06-13,0.0
1985-06-14,0.0
1985-06-15,0.0
1985-06-16,0.0
1985-06-17,0.0
1985-06-18,0.0
1985-06-19,0.0
1985-06-20,0.0
1985-06-21,0.0
1985-06-22,0.0
1985-06-23,0.0
1985-06-24,0.0
1985-06-25,0.0
1985-06-26,0.0
1985-06-27,0.0
1985-06-28,0.0
1985-06-29,0.0
1985-06-30,0.0
1985-07-01,25.0
1985-07-02,2.7
1985-07-03,11.5
1985-07-04,0.0
1985-07-05,0.0
1985-07-06,22.7
1985-07-07,0.0
1985-07-08,0.0
1985-07-09,0.0
1985-07-10,2.1
1985-07-11,0.0
1985-07-12,0.0
1985-07-13,0.0
1985-07-14,0.0
1985-07-15,0.0
1985-07-16,0.0
1985-07-17,0.0
1985-07-18,0.0
1985-07-19,0.0
1985-07-20,0.0
1985-07-21,0.0
1985-07-22,0.0
1985-07-23,0.0
1985-07-24,0.0
1985-07-25,0.0
1985-07-26,0.0
1985-07-27,0.0
1985-07-28,0.0
1985-07-29,0.4
1985-07-30,0.0
1985-07-31,0.0
1985-08-01,0.0
1985-08-02,0.0
1985-08-03,0.0
1985-08-04,0.0
1985-08-05,0.0
1985-08-06,0.0
1985-08-07,0.0
1985-08-08,0.0
1985-08-09,0.0
1985-08-10,0.0
1985-08-11,0.0
1985-08-12,0.3
1985-08-13,0.0
1985-08-14,0.0
1985-08-15,0.0
1985-08-16,0.0
1985-08-17,0.0
1985-08-18,0.0
1985-08-19,0.0
1985-08-20,0.0
1985-08-21,0.0
1985-08-22,1.2
1985-08-23,0.0
1985-08-24,0.0
1985-08-25,0.0
1985-08-26,0.0
1985-08-27,0.0
1985-08-28,0.0
1985-08-29,0.0
1985-08-30,0.0
1985-08-31,10.8
1985-09-01,25.0
1985-09-02,4.9
1985-09-03,0.4
1985-09-04,6.2
1985-09-05,0.0
1985-09-06,0.0
1985-09-07,0.0
1985-09-08,0.0
1985-09-09,0.0
1985-09-10,0.0
1985-09-11,0.0
1985-09-12,0.0
1985-09-13,0.0
1985-09-14,0.0
1985-09-15,0.0
1985-09-16,0.0
1985-09-17,0.0
1985-09-18,0.0
1985-09-19,0.0
1985-09-20,0.0
1985-09-21,0.6
1985-09-22,0.0
1985-09-23,0.0
1985-09-24,0.0
1985-09-25,0.0
1985-09-26,0.0
1985-09-27,0.0
1985-09-28,2.1
1985-09-29,1.4
1985-09-30,0.0
1985-10-01,0.0
1985-10-02,0.0
1985-10-03,0.0
1985-10-04,0.0
1985-10-05,0.0
1985-10-06,0.0
1985-10-07,11.5
1985-10-08,20.2
1985-10-09,0.0
1985-10-10,1.0
1985-10-11,0.0
1985-10-12,0.0
1985-10-13,70.3
1985-10-14,0.0
1985-10-15,0.0
1985-10-16,0.0
1985-10-17,0.0
1985-10-18,0.0
1985-10-19,0.0
1985-10-20,18.5
1985-10-21,10.0
1985-10-22,0.0
1985-10-23,0.0
1985-10-24,0.2
1985-10-25,6.8
1985-10-26,0.0
1985-10-27,0.0
1985-10-28,0.0
1985-10-29,8.0
1985-10-30,0.0
1985-10-31,0.0
1985-11-01,0.0
1985-11-02,31.2
1985-11-03,2.0
1985-11-04,8.6
1985-11-05,0.2
1985-11-06,0.0
1985-11-07,0.0
1985-11-08,0.0
1985-11-09,0.0
1985-11-10,0.0
1985-11-11,0.0
1985-11-12,0.0
1985-11-13,0.0
1985-11-14,0.0
1985-11-15,0.0
1985-11-16,0.0
1985-11-17,0.0
1985-11-18,0.0
1985-11-19,0.0
1985-11-20,0.0
1985-11-21,13.4
1985-11-22,0.0
1985-11-23,0.0
1985-11-24,7.4
1985-11-25,6.2
1985-11-26,1.8
1985-11-27,0.0
1985-11-28,0.0
1985-11-29,0.0
1985-11-30,0.0
1985-12-01,0.0
1985-12-02,0.8
1985-12-03,34.0
1985-12-04,3.8
1985-12-05,0.0
1985-12-06,0.0
1985-12-07,0.0
1985-12-08,0.0
1985-12-09,0.0
1985-12-10,0.0
1985-12-11,0.0
1985-12-12,0.0
1985-12-13,0.0
1985-12-14,11.2
1985-12-15,20.6
1985-12-16,0.0
1985-12-17,40.0
1985-12-18,0.0
1985-12-19,0.0
1985-12-20,0.0
1985-12-21,20.7
1985-12-22,4.0
1985-12-23,0.0
1985-12-24,8.4
1985-12-25,0.0
1985-12-26,1.8
1985-12-27,3.7
1985-12-28,0.0
1985-12-29,0.0
1985-12-30,0.0
1985-12-31,11.4
1986-01-01,3.3
1986-01-02,0.0
1986-01-03,0.7
1986-01-04,0.0
1986-01-05,78.0
1986-01-06,0.0
1986-01-07,0.0
1986-01-08,0.0
1986-01-09,0.0
1986-01-10,0.0
1986-01-11,0.0
1986-01-12,2.2
1986-01-13,0.0
1986-01-14,0.0
1986-01-15,0.6
1986-01-16,0.0
1986-01-17,0.0
1986-01-18,0.1
1986-01-19,0.0
1986-01-20,0.0
1986-01-21,25.3
1986-01-22,23.5
1986-01-23,0.3
1986-01-24,12.4
1986-01-25,0.0
1986-01-26,28.5
1986-01-27,0.0
1986-01-28,0.0
1986-01-29,0.0
1986-01-30,0.0
1986-01-31,35.0
1986-02-01,17.8
1986-02-02,18.0
1986-02-03,22.0
1986-02-04,0.0
1986-02-05,0.0
1986-02-06,0.0
1986-02-07,6.7
1986-02-08,3.3
1986-02-09,2.2
1986-02-10,54.7
1986-02-11,0.6
1986-02-12,1.6
1986-02-13,2.8
1986-02-14,10.0
1986-02-15,4.3
1986-02-16,16.0
1986-02-17,6.8
1986-02-18,0.0
1986-02-19,0.0
1986-02-20,0.0
1986-02-21,24.2
1986-02-22,17.6
1986-02-23,13.5
1986-02-24,0.0
1986-02-25,15.2
1986-02-26,0.0
1986-02-27,29.8
1986-02-28,0.0
1986-03-01,7.6
1986-03-02,11.4
1986-03-03,0.0
1986-03-04,0.0
1986-03-05,3.4
1986-03-06,2.2
1986-03-07,0.1
1986-03-08,0.0
1986-03-09,0.6
1986-03-10,29.8
1986-03-11,1.0
1986-03-12,32.0
1986-03-13,23.0
1986-03-14,0.0
1986-03-15,11.2
1986-03-16,15.6
1986-03-17,15.1
1986-03-18,19.7
1986-03-19,88.8
1986-03-20,0.0
1986-03-21,0.0
1986-03-22,0.0
1986-03-23,1.5
1986-03-24,0.0
1986-03-25,2.5
1986-03-26,0.0
1986-03-27,0.0
1986-03-28,0.0
1986-03-29,0.0
1986-03-30,11.3
1986-03-31,0.0
1986-04-01,0.0
1986-04-02,0.0
1986-04-03,0.0
1986-04-04,0.0
1986-04-05,0.0
1986-04-06,1.0
1986-04-07,2.5
1986-04-08,0.0
1986-04-09,0.2
1986-04-10,16.9
1986-04-11,0.2
1986-04-12,0.0
1986-04-13,0.0
1986-04-14,10.7
1986-04-15,30.1
1986-04-16,0.0
1986-04-17,0.0
1986-04-18,0.0
1986-04-19,0.2
1986-04-20,3.0
1986-04-21,60.6
1986-04-22,22.2
1986-04-23,0.0
1986-04-24,0.0
1986-04-25,0.0
1986-04-26,0.0
1986-04-27,1.4
1986-04-28,0.0
1986-04-29,0.0
1986-04-30,0.0
1986-05-01,0.0
1986-05-02,0.0
1986-05-03,0.0
1986-05-04,0.0
1986-05-05,0.0
1986-05-06,1.0
1986-05-07,21.7
1986-05-08,2.0
1986-05-09,26.8
1986-05-10,23.2
1986-05-11,5.2
1986-05-12,1.8
1986-05-13,53.4
1986-05-14,1.4
1986-05-15,0.0
1986-05-16,0.0
1986-05-17,0.0
1986-05-18,39.0
1986-05-19,8.4
1986-05-20,0.0
1986-05-21,6.8
1986-05-22,0.0
1986-05-23,0.0
1986-05-24,0.0
1986-05-25,6.6
1986-05-26,0.6
1986-05-27,0.0
1986-05-28,0.0
1986-05-29,2.0
1986-05-30,46.4
1986-05-31,12.5
1986-06-01,0.0
1986-06-02,0.0
1986-06-03,0.0
1986-06-04,0.0
1986-06-05,0.0
1986-06-06,0.0
1986-06-07,2.3
1986-06-08,0.0
1986-06-09,0.0
1986-06-10,0.0
1986-06-11,0.0
1986-06-12,0.0
1986-06-13,0.0
1986-06-14,0.0
1986-06-15,0.0
1986-06-16,0.0
1986-06-17,0.0
1986-06-18,0.0
1986-06-19,0.0
1986-06-20,0.0
1986-06-21,0.0
1986-06-22,0.0
1986-06-23,0.0
1986-06-24,0.0
1986-06-25,1.5
1986-06-26,0.0
1986-06-27,0.0
1986-06-28,0.0
1986-06-29,0.0
1986-06-30,0.0
1986-07-01,1.9
1986-07-02,0.3
1986-07-03,0.0
1986-07-04,0.0
1986-07-05,11.7
1986-07-06,9.7
1986-07-07,0.0
1986-07-08,0.0
1986-07-09,0.0
1986-07-10,0.0
1986-07-11,0.0
1986-07-12,0.0
1986-07-13,0.0
1986-07-14,0.0
1986-07-15,0.0
1986-07-16,0.0
1986-07-17,0.0
1986-07-18,0.0
1986-07-19,0.0
1986-07-20,0.2
1986-07-21,4.3
1986-07-22,0.0
1986-07-23,0.0
1986-07-24,0.0
1986-07-25,0.0
1986-07-26,0.0
1986-07-27,0.0
1986-07-28,0.0
1986-07-29,0.0
1986-07-30,0.0
1986-07-31,5.0
1986-08-01,0.0
1986-08-02,0.0
1986-08-03,0.0
1986-08-04,0.0
1986-08-05,0.0
1986-08-06,0.0
1986-08-07,0.0
1986-08-08,0.0
1986-08-09,0.0
1986-08-10,0.0
1986-08-11,0.0
1986-08-12,15.2
1986-08-13,8.5
1986-08-14,64.9
1986-08-15,36.0
1986-08-16,18.3
1986-08-17,3.6
1986-08-18,0.0
1986-08-19,0.0
1986-08-20,0.0
1986-08-21,63.4
1986-08-22,1.4
1986-08-23,8.6
1986-08-24,0.0
1986-08-25,0.6
1986-08-26,0.0
1986-08-27,0.0
1986-08-28,0.0
1986-08-29,0.0
1986-08-30,0.0
1986-08-31,0.0
1986-09-01,0.0
1986-09-02,0.0
1986-09-03,0.0
1986-09-04,0.7
1986-09-05,0.6
1986-09-06,0.0
1986-09-07,0.0
1986-09-08,0.0
1986-09-09,0.0
1986-09-10,0.0
1986-09-11,0.0
1986-09-12,0.0
1986-09-13,0.0
1986-09-14,0.0
1986-09-15,0.0
1986-09-16,0.2
1986-09-17,0.0
1986-09-18,0.0
1986-09-19,11.2
1986-09-20,29.6
1986-09-21,0.0
1986-09-22,0.0
1986-09-23,0.0
1986-09-24,0.2
1986-09-25,20.7
1986-09-26,17.6
1986-09-27,0.0
1986-09-28,0.2
1986-09-29,2.2
1986-09-30,0.0
1986-10-01,0.0
1986-10-02,0.0
1986-10-03,0.0
1986-10-04,0.0
1986-10-05,0.0
1986-10-06,0.0
1986-10-07,0.0
1986-10-08,0.0
1986-10-09,0.0
1986-10-10,15.4
1986-10-11,0.1
1986-10-12,0.0
1986-10-13,0.0
1986-10-14,0.0
1986-10-15,0.0
1986-10-16,0.0
1986-10-17,0.0
1986-10-18,15.3
1986-10-19,37.0
1986-10-20,2.0
1986-10-21,8.9
1986-10-22,2.2
1986-10-23,0.0
1986-10-24,0.0
1986-10-25,0.0
1986-10-26,0.0
1986-10-27,0.0
1986-10-28,0.0
1986-10-29,0.6
1986-10-30,0.0
1986-10-31,0.0
1986-11-01,0.6
1986-11-02,2.0
1986-11-03,0.0
1986-11-04,3.0
1986-11-05,0.0
1986-11-06,21.4
1986-11-07,9.1
1986-11-08,0.0
1986-11-09,0.0
1986-11-10,63.2
1986-11-11,55.0
1986-11-12,0.0
1986-11-13,0.0
1986-11-14,0.0
1986-11-15,0.0
1986-11-16,0.0
1986-11-17,0.0
1986-11-18,0.0
1986-11-19,0.0
1986-11-20,0.1
1986-11-21,28.6
1986-11-22,0.0
1986-11-23,15.6
1986-11-24,0.1
1986-11-25,0.0
1986-11-26,13.1
1986-11-27,0.1
1986-11-28,0.0
1986-11-29,11.6
1986-11-30,19.7
1986-12-01,0.0
1986-12-02,4.0
1986-12-03,0.1
1986-12-04,5.7
1986-12-05,4.0
1986-12-06,16.1
1986-12-07,5.2
1986-12-08,0.4
1986-12-09,0.9
1986-12-10,1.4
1986-12-11,0.0
1986-12-12,0.0
1986-12-13,21.0
1986-12-14,1.0
1986-12-15,7.4
1986-12-16,0.0
1986-12-17,7.9
1986-12-18,49.8
1986-12-19,16.2
1986-12-20,0.0
1986-12-21,0.0
1986-12-22,13.6
1986-12-23,0.0
1986-12-24,0.0
1986-12-25,0.0
1986-12-26,7.1
1986-12-27,0.5
1986-12-28,0.2
1986-12-29,4.1
1986-12-30,1.5
1986-12-31,16.3
1987-01-01,13.8
1987-01-02,15.3
1987-01-03,5.2
1987-01-04,1.9
1987-01-05,0.0
1987-01-06,0.0
1987-01-07,0.4
1987-01-08,0.0
1987-01-09,0.6
1987-01-10,0.0
1987-01-11,0.3
1987-01-12,0.0
1987-01-13,10.8
1987-01-14,15.9
1987-01-15,18.1
1987-01-16,1.8
1987-01-17,0.0
1987-01-18,0.0
1987-01-19,0.0
1987-01-20,0.6
1987-01-21,2.1
1987-01-22,0.0
1987-01-23,0.0
1987-01-24,1.2
1987-01-25,13.3
1987-01-26,0.0
1987-01-27,9.1
1987-01-28,31.4
1987-01-29,0.3
1987-01-30,0.0
1987-01-31,34.3
1987-02-01,17.9
1987-02-02,16.3
1987-02-03,23.2
1987-02-04,56.8
1987-02-05,11.6
1987-02-06,29.6
1987-02-07,26.9
1987-02-08,2.3
1987-02-09,13.1
1987-02-10,0.0
1987-02-11,0.0
1987-02-12,0.0
1987-02-13,0.0
1987-02-14,2.0
1987-02-15,3.8
1987-02-16,0.0
1987-02-17,25.6
1987-02-18,6.4
1987-02-19,9.0
1987-02-20,23.1
1987-02-21,0.0
1987-02-22,6.8
1987-02-23,0.0
1987-02-24,0.0
1987-02-25,0.0
1987-02-26,4.6
1987-02-27,0.0
1987-02-28,15.6
1987-03-01,0.0
1987-03-02,0.0
1987-03-03,0.0
1987-03-04,0.0
1987-03-05,0.0
1987-03-06,0.0
1987-03-07,0.0
1987-03-08,0.0
1987-03-09,0.0
1987-03-10,7.6
1987-03-11,0.0
1987-03-12,0.0
1987-03-13,0.0
1987-03-14,0.0
1987-03-15,0.0
1987-03-16,0.0
1987-03-17,0.0
1987-03-18,0.0
1987-03-19,3.8
1987-03-20,0.0
1987-03-21,0.0
1987-03-22,0.0
1987-03-23,0.0
1987-03-24,4.0
1987-03-25,0.0
1987-03-26,16.0
1987-03-27,14.3
1987-03-28,0.0
1987-03-29,8.8
1987-03-30,0.0
1987-03-31,0.0
1987-04-01,0.0
1987-04-02,23.4
1987-04-03,13.0
1987-04-04,14.6
1987-04-05,0.0
1987-04-06,0.0
1987-04-07,0.0
1987-04-08,0.0
1987-04-09,0.0
1987-04-10,12.8
1987-04-11,0.1
1987-04-12,0.0
1987-04-13,0.1
1987-04-14,3.5
1987-04-15,0.1
1987-04-16,0.0
1987-04-17,0.0
1987-04-18,0.0
1987-04-19,0.0
1987-04-20,0.2
1987-04-21,30.2
1987-04-22,0.1
1987-04-23,0.0
1987-04-24,0.0
1987-04-25,0.0
1987-04-26,0.0
1987-04-27,0.0
1987-04-28,0.0
1987-04-29,0.0
1987-04-30,11.0
1987-05-01,17.0
1987-05-02,0.0
1987-05-03,0.2
1987-05-04,0.0
1987-05-05,22.0
1987-05-06,67.0
1987-05-07,0.2
1987-05-08,1.0
1987-05-09,16.5
1987-05-10,0.0
1987-05-11,0.0
1987-05-12,12.7
1987-05-13,0.0
1987-05-14,0.0
1987-05-15,72.6
1987-05-16,29.5
1987-05-17,17.3
1987-05-18,28.0
1987-05-19,32.6
1987-05-20,22.6
1987-05-21,59.8
1987-05-22,0.5
1987-05-23,0.0
1987-05-24,0.0
1987-05-25,0.0
1987-05-26,0.0
1987-05-27,0.0
1987-05-28,5.5
1987-05-29,0.0
1987-05-30,0.0
1987-05-31,0.0
1987-06-01,0.0
1987-06-02,0.0
1987-06-03,0.0
1987-06-04,0.0
1987-06-05,0.0
1987-06-06,0.0
1987-06-07,1.6
1987-06-08,0.0
1987-06-09,0.0
1987-06-10,0.0
1987-06-11,0.0
1987-06-12,0.0
1987-06-13,22.2
1987-06-14,32.1
1987-06-15,60.0
1987-06-16,17.4
1987-06-17,0.0
1987-06-18,0.0
1987-06-19,0.0
1987-06-20,0.0
1987-06-21,0.0
1987-06-22,0.0
1987-06-23,36.0
1987-06-24,0.0
1987-06-25,0.0
1987-06-26,0.0
1987-06-27,0.0
1987-06-28,0.0
1987-06-29,0.0
1987-06-30,0.0
1987-07-01,0.0
1987-07-02,0.0
1987-07-03,0.0
1987-07-04,0.0
1987-07-05,0.0
1987-07-06,0.0
1987-07-07,0.0
1987-07-08,29.7
1987-07-09,11.0
1987-07-10,0.0
1987-07-11,4.2
1987-07-12,4.6
1987-07-13,0.0
1987-07-14,0.0
1987-07-15,0.0
1987-07-16,0.0
1987-07-17,0.0
1987-07-18,0.0
1987-07-19,0.0
1987-07-20,0.0
1987-07-21,0.0
1987-07-22,0.0
1987-07-23,0.0
1987-07-24,0.0
1987-07-25,0.0
1987-07-26,0.0
1987-07-27,0.0
1987-07-28,0.0
1987-07-29,0.0
1987-07-30,25.0
1987-07-31,3.3
1987-08-01,0.0
1987-08-02,0.0
1987-08-03,0.0
1987-08-04,0.0
1987-08-05,0.0
1987-08-06,7.3
1987-08-07,0.8
1987-08-08,0.6
1987-08-09,0.0
1987-08-10,0.0
1987-08-11,0.0
1987-08-12,0.0
1987-08-13,0.4
1987-08-14,3.0
1987-08-15,0.0
1987-08-16,0.0
1987-08-17,16.4
1987-08-18,0.0
1987-08-19,0.0
1987-08-20,0.0
1987-08-21,0.0
1987-08-22,0.0
1987-08-23,0.0
1987-08-24,0.0
1987-08-25,0.0
1987-08-26,0.0
1987-08-27,0.0
1987-08-28,0.0
1987-08-29,0.0
1987-08-30,0.0
1987-08-31,0.0
1987-09-01,0.0
1987-09-02,0.0
1987-09-03,1.3
1987-09-04,0.0
1987-09-05,0.0
1987-09-06,28.4
1987-09-07,0.0
1987-09-08,0.0
1987-09-09,0.1
1987-09-10,0.0
1987-09-11,11.7
1987-09-12,9.5
1987-09-13,0.0
1987-09-14,0.0
1987-09-15,0.0
1987-09-16,3.4
1987-09-17,0.0
1987-09-18,5.3
1987-09-19,0.4
1987-09-20,0.0
1987-09-21,26.8
1987-09-22,2.4
1987-09-23,2.0
1987-09-24,0.0
1987-09-25,0.0
1987-09-26,0.0
1987-09-27,0.0
1987-09-28,1.2
1987-09-29,0.0
1987-09-30,0.0
1987-10-01,21.6
1987-10-02,2.5
1987-10-03,0.0
1987-10-04,0.0
1987-10-05,0.0
1987-10-06,0.0
1987-10-07,0.0
1987-10-08,0.0
1987-10-09,0.0
1987-10-10,0.0
1987-10-11,0.0
1987-10-12,0.0
1987-10-13,1.6
1987-10-14,18.8
1987-10-15,0.0
1987-10-16,0.0
1987-10-17,0.5
1987-10-18,0.0
1987-10-19,33.2
1987-10-20,0.7
1987-10-21,6.2
1987-10-22,4.4
1987-10-23,0.0
1987-10-24,0.0
1987-10-25,0.0
1987-10-26,0.0
1987-10-27,0.0
1987-10-28,0.0
1987-10-29,0.0
1987-10-30,0.0
1987-10-31,0.0
1987-11-01,0.0
1987-11-02,0.0
1987-11-03,0.0
1987-11-04,0.0
1987-11-05,16.4
1987-11-06,86.2
1987-11-07,25.8
1987-11-08,3.0
1987-11-09,19.1
1987-11-10,0.0
1987-11-11,0.0
1987-11-12,0.0
1987-11-13,0.0
1987-11-14,13.2
1987-11-15,50.8
1987-11-16,27.2
1987-11-17,0.0
1987-11-18,0.0
1987-11-19,0.0
1987-11-20,0.0
1987-11-21,0.0
1987-11-22,0.0
1987-11-23,0.0
1987-11-24,9.8
1987-11-25,12.1
1987-11-26,1.0
1987-11-27,0.0
1987-11-28,0.0
1987-11-29,0.0
1987-11-30,0.0
1987-12-01,0.0
1987-12-02,0.0
1987-12-03,0.0
1987-12-04,16.6
1987-12-05,0.0
1987-12-06,0.0
1987-12-07,0.0
1987-12-08,0.0
1987-12-09,19.6
1987-12-10,0.0
1987-12-11,0.0
1987-12-12,23.3
1987-12-13,5.0
1987-12-14,0.0
1987-12-15,0.0
1987-12-16,0.0
1987-12-17,11.0
1987-12-18,13.3
1987-12-19,0.1
1987-12-20,0.0
1987-12-21,0.0
1987-12-22,0.4
1987-12-23,0.0
1987-12-24,0.0
1987-12-25,0.0
1987-12-26,0.0
1987-12-27,0.7
1987-12-28,0.0
1987-12-29,0.4
1987-12-30,2.2
1987-12-31,1.0
1988-01-01,0.0
1988-01-02,0.0
1988-01-03,0.0
1988-01-04,0.0
1988-01-05,0.0
1988-01-06,39.5
1988-01-07,6.8
1988-01-08,0.0
1988-01-09,0.0
1988-01-10,0.0
1988-01-11,64.2
1988-01-12,0.0
1988-01-13,0.0
1988-01-14,1.7
1988-01-15,7.6
1988-01-16,10.0
1988-01-17,12.0
1988-01-18,0.0
1988-01-19,0.0
1988-01-20,0.9
1988-01-21,1.4
1988-01-22,3.1
1988-01-23,5.6
1988-01-24,25.7
1988-01-25,3.2
1988-01-26,1.3
1988-01-27,0.8
1988-01-28,0.4
1988-01-29,0.0
1988-01-30,0.1
1988-01-31,1.3
1988-02-01,20.3
1988-02-02,0.2
1988-02-03,0.0
1988-02-04,0.0
1988-02-05,0.0
1988-02-06,0.0
1988-02-07,11.5
1988-02-08,46.1
1988-02-09,0.3
1988-02-10,0.0
1988-02-11,34.4
1988-02-12,0.1
1988-02-13,0.0
1988-02-14,0.0
1988-02-15,0.6
1988-02-16,20.4
1988-02-17,3.0
1988-02-18,0.0
1988-02-19,0.0
1988-02-20,0.0
1988-02-21,0.0
1988-02-22,8.5
1988-02-23,0.0
1988-02-24,0.9
1988-02-25,0.0
1988-02-26,27.9
1988-02-27,1.6
1988-02-28,1.1
1988-02-29,2.8
1988-03-01,1.0
1988-03-02,15.4
1988-03-03,26.6
1988-03-04,1.0
1988-03-05,2.2
1988-03-06,0.0
1988-03-07,0.0
1988-03-08,0.0
1988-03-09,0.0
1988-03-10,0.0
1988-03-11,0.0
1988-03-12,0.0
1988-03-13,0.0
1988-03-14,0.0
1988-03-15,0.0
1988-03-16,0.0
1988-03-17,5.6
1988-03-18,19.3
1988-03-19,0.0
1988-03-20,0.0
1988-03-21,0.0
1988-03-22,0.0
1988-03-23,0.0
1988-03-24,0.0
1988-03-25,0.0
1988-03-26,0.0
1988-03-27,0.0
1988-03-28,0.0
1988-03-29,4.1
1988-03-30,0.0
1988-03-31,8.0
1988-04-01,25.5
1988-04-02,3.2
1988-04-03,0.0
1988-04-04,0.0
1988-04-05,0.3
1988-04-06,0.0
1988-04-07,0.0
1988-04-08,6.4
1988-04-09,0.0
1988-04-10,0.0
1988-04-11,0.0
1988-04-12,0.0
1988-04-13,33.5
1988-04-14,4.6
1988-04-15,0.0
1988-04-16,0.3
1988-04-17,4.0
1988-04-18,0.0
1988-04-19,0.0
1988-04-20,10.8
1988-04-21,25.0
1988-04-22,0.4
1988-04-23,0.4
1988-04-24,0.0
1988-04-25,0.0
1988-04-26,9.0
1988-04-27,0.6
1988-04-28,0.0
1988-04-29,0.0
1988-04-30,0.0
1988-05-01,0.0
1988-05-02,0.0
1988-05-03,10.7
1988-05-04,14.5
1988-05-05,5.6
1988-05-06,0.6
1988-05-07,0.4
1988-05-08,0.0
1988-05-09,0.0
1988-05-10,0.0
1988-05-11,0.0
1988-05-12,0.1
1988-05-13,9.9
1988-05-14,17.4
1988-05-15,0.0
1988-05-16,0.0
1988-05-17,38.3
1988-05-18,12.0
1988-05-19,0.0
1988-05-20,1.3
1988-05-21,41.8
1988-05-22,0.7
1988-05-23,70.4
1988-05-24,40.2
1988-05-25,0.0
1988-05-26,0.0
1988-05-27,0.0
1988-05-28,0.0
1988-05-29,73.6
1988-05-30,35.2
1988-05-31,3.1
1988-06-01,0.0
1988-06-02,0.0
1988-06-03,0.7
1988-06-04,15.7
1988-06-05,0.0
1988-06-06,0.0
1988-06-07,0.0
1988-06-08,0.0
1988-06-09,0.0
1988-06-10,0.0
1988-06-11,0.0
1988-06-12,0.0
1988-06-13,0.0
1988-06-14,5.8
1988-06-15,0.0
1988-06-16,0.0
1988-06-17,0.0
1988-06-18,0.0
1988-06-19,0.0
1988-06-20,15.7
1988-06-21,1.4
1988-06-22,3.0
1988-06-23,1.8
1988-06-24,6.8
1988-06-25,17.4
1988-06-26,0.0
1988-06-27,0.0
1988-06-28,0.0
1988-06-29,0.0
1988-06-30,0.0
1988-07-01,0.0
1988-07-02,0.0
1988-07-03,0.0
1988-07-04,0.0
1988-07-05,0.0
1988-07-06,0.0
1988-07-07,0.0
1988-07-08,0.0
1988-07-09,0.2
1988-07-10,0.0
1988-07-11,0.0
1988-07-12,0.0
1988-07-13,0.0
1988-07-14,0.0
1988-07-15,0.0
1988-07-16,0.0
1988-07-17,0.0
1988-07-18,0.0
1988-07-19,0.0
1988-07-20,0.0
1988-07-21,0.0
1988-07-22,0.0
1988-07-23,0.0
1988-07-24,0.0
1988-07-25,0.0
1988-07-26,0.0
1988-07-27,0.0
1988-07-28,0.0
1988-07-29,0.0
1988-07-30,0.0
1988-07-31,0.0
1988-08-01,0.0
1988-08-02,0.0
1988-08-03,0.0
1988-08-04,0.0
1988-08-05,0.0
1988-08-06,0.0
1988-08-07,0.0
1988-08-08,0.0
1988-08-09,0.0
1988-08-10,0.0
1988-08-11,0.0
1988-08-12,0.0
1988-08-13,0.0
1988-08-14,0.0
1988-08-15,0.0
1988-08-16,0.0
1988-08-17,0.0
1988-08-18,0.2
1988-08-19,0.0
1988-08-20,0.0
1988-08-21,0.0
1988-08-22,0.0
1988-08-23,0.0
1988-08-24,0.0
1988-08-25,0.0
1988-08-26,0.0
1988-08-27,0.0
1988-08-28,0.0
1988-08-29,0.0
1988-08-30,0.0
1988-08-31,0.0
1988-09-01,0.0
1988-09-02,0.0
1988-09-03,0.0
1988-09-04,0.0
1988-09-05,0.0
1988-09-06,0.0
1988-09-07,0.0
1988-09-08,0.0
1988-09-09,0.0
1988-09-10,0.0
1988-09-11,0.0
1988-09-12,0.0
1988-09-13,0.0
1988-09-14,2.6
1988-09-15,2.3
1988-09-16,0.0
1988-09-17,24.3
1988-09-18,9.8
1988-09-19,0.0
1988-09-20,0.0
1988-09-21,0.0
1988-09-22,0.0
1988-09-23,0.0
1988-09-24,0.0
1988-09-25,0.0
1988-09-26,0.0
1988-09-27,0.0
1988-09-28,4.0
1988-09-29,0.0
1988-09-30,0.0
1988-10-01,0.0
1988-10-02,0.0
1988-10-03,0.0
1988-10-04,1.2
1988-10-05,0.0
1988-10-06,0.0
1988-10-07,0.0
1988-10-08,0.0
1988-10-09,0.0
1988-10-10,5.0
1988-10-11,0.0
1988-10-12,6.0
1988-10-13,0.0
1988-10-14,0.0
1988-10-15,0.0
1988-10-16,0.0
1988-10-17,0.2
1988-10-18,0.0
1988-10-19,0.0
1988-10-20,47.2
1988-10-21,0.0
1988-10-22,1.6
1988-10-23,51.6
1988-10-24,4.2
1988-10-25,3.2
1988-10-26,18.4
1988-10-27,0.4
1988-10-28,0.0
1988-10-29,0.0
1988-10-30,13.1
1988-10-31,0.0
1988-11-01,12.4
1988-11-02,0.0
1988-11-03,0.0
1988-11-04,0.0
1988-11-05,0.0
1988-11-06,0.0
1988-11-07,0.0
1988-11-08,0.0
1988-11-09,0.0
1988-11-10,0.0
1988-11-11,0.0
1988-11-12,0.0
1988-11-13,2.8
1988-11-14,0.0
1988-11-15,14.4
1988-11-16,0.0
1988-11-17,0.0
1988-11-18,0.0
1988-11-19,0.0
1988-11-20,3.4
1988-11-21,0.1
1988-11-22,7.5
1988-11-23,0.0
1988-11-24,0.0
1988-11-25,0.0
1988-11-26,0.0
1988-11-27,0.0
1988-11-28,0.0
1988-11-29,0.0
1988-11-30,0.0
1988-12-01,0.0
1988-12-02,25.2
1988-12-03,5.2
1988-12-04,0.0
1988-12-05,0.0
1988-12-06,0.0
1988-12-07,0.0
1988-12-08,0.0
1988-12-09,0.0
1988-12-10,0.0
1988-12-11,0.1
1988-12-12,0.0
1988-12-13,0.0
1988-12-14,5.3
1988-12-15,0.0
1988-12-16,0.0
1988-12-17,0.0
1988-12-18,0.0
1988-12-19,0.0
1988-12-20,13.3
1988-12-21,7.7
1988-12-22,0.0
1988-12-23,0.0
1988-12-24,1.1
1988-12-25,2.0
1988-12-26,6.8
1988-12-27,7.8
1988-12-28,50.7
1988-12-29,14.9
1988-12-30,0.0
1988-12-31,40.9
1989-01-01,30.6
1989-01-02,0.2
1989-01-03,15.3
1989-01-04,2.6
1989-01-05,21.8
1989-01-06,12.6
1989-01-07,47.7
1989-01-08,19.3
1989-01-09,2.4
1989-01-10,5.4
1989-01-11,1.4
1989-01-12,24.8
1989-01-13,3.0
1989-01-14,31.3
1989-01-15,37.8
1989-01-16,27.2
1989-01-17,1.9
1989-01-18,0.0
1989-01-19,2.1
1989-01-20,4.6
1989-01-21,4.8
1989-01-22,0.0
1989-01-23,2.8
1989-01-24,13.5
1989-01-25,0.0
1989-01-26,10.2
1989-01-27,5.8
1989-01-28,0.1
1989-01-29,31.0
1989-01-30,16.5
1989-01-31,7.4
1989-02-01,0.0
1989-02-02,0.0
1989-02-03,4.1
1989-02-04,21.0
1989-02-05,1.0
1989-02-06,0.0
1989-02-07,0.0
1989-02-08,0.0
1989-02-09,1.0
1989-02-10,0.0
1989-02-11,0.0
1989-02-12,3.0
1989-02-13,37.8
1989-02-14,4.5
1989-02-15,24.9
1989-02-16,0.4
1989-02-17,6.4
1989-02-18,53.4
1989-02-19,0.0
1989-02-20,0.1
1989-02-21,54.7
1989-02-22,69.1
1989-02-23,16.5
1989-02-24,10.2
1989-02-25,0.0
1989-02-26,18.4
1989-02-27,10.0
1989-02-28,10.0
1989-03-01,0.0
1989-03-02,50.8
1989-03-03,31.4
1989-03-04,0.0
1989-03-05,0.0
1989-03-06,0.0
1989-03-07,0.0
1989-03-08,0.0
1989-03-09,0.0
1989-03-10,0.0
1989-03-11,0.4
1989-03-12,0.0
1989-03-13,13.3
1989-03-14,12.0
1989-03-15,0.0
1989-03-16,0.0
1989-03-17,0.0
1989-03-18,0.0
1989-03-19,0.0
1989-03-20,16.5
1989-03-21,0.0
1989-03-22,10.4
1989-03-23,3.5
1989-03-24,0.0
1989-03-25,0.0
1989-03-26,34.5
1989-03-27,6.0
1989-03-28,0.0
1989-03-29,9.4
1989-03-30,0.0
1989-03-31,15.2
1989-04-01,0.0
1989-04-02,2.8
1989-04-03,0.0
1989-04-04,0.0
1989-04-05,0.0
1989-04-06,3.0
1989-04-07,17.1
1989-04-08,0.0
1989-04-09,0.0
1989-04-10,0.4
1989-04-11,5.0
1989-04-12,7.8
1989-04-13,0.0
1989-04-14,0.0
1989-04-15,0.0
1989-04-16,0.0
1989-04-17,0.0
1989-04-18,1.2
1989-04-19,0.0
1989-04-20,0.0
1989-04-21,0.0
1989-04-22,0.0
1989-04-23,0.0
1989-04-24,0.0
1989-04-25,0.0
1989-04-26,0.0
1989-04-27,0.0
1989-04-28,0.0
1989-04-29,12.1
1989-04-30,11.0
1989-05-01,7.6
1989-05-02,2.6
1989-05-03,0.1
1989-05-04,0.0
1989-05-05,17.0
1989-05-06,7.4
1989-05-07,0.0
1989-05-08,0.0
1989-05-09,0.0
1989-05-10,0.0
1989-05-11,0.0
1989-05-12,0.0
1989-05-13,0.0
1989-05-14,0.0
1989-05-15,0.0
1989-05-16,0.0
1989-05-17,0.0
1989-05-18,0.0
1989-05-19,0.0
1989-05-20,0.0
1989-05-21,0.0
1989-05-22,0.0
1989-05-23,0.0
1989-05-24,0.0
1989-05-25,2.1
1989-05-26,7.0
1989-05-27,0.0
1989-05-28,0.0
1989-05-29,0.0
1989-05-30,0.0
1989-05-31,0.0
1989-06-01,0.0
1989-06-02,0.0
1989-06-03,0.0
1989-06-04,0.0
1989-06-05,0.0
1989-06-06,0.0
1989-06-07,0.0
1989-06-08,33.6
1989-06-09,0.0
1989-06-10,0.0
1989-06-11,40.7
1989-06-12,3.8
1989-06-13,0.0
1989-06-14,0.0
1989-06-15,0.0
1989-06-16,13.8
1989-06-17,0.0
1989-06-18,0.0
1989-06-19,0.0
1989-06-20,0.0
1989-06-21,0.0
1989-06-22,0.0
1989-06-23,0.0
1989-06-24,8.6
1989-06-25,6.0
1989-06-26,0.0
1989-06-27,0.0
1989-06-28,17.0
1989-06-29,1.0
1989-06-30,0.0
1989-07-01,0.0
1989-07-02,0.0
1989-07-03,1.1
1989-07-04,0.0
1989-07-05,0.6
1989-07-06,0.0
1989-07-07,0.0
1989-07-08,0.0
1989-07-09,0.0
1989-07-10,0.0
1989-07-11,0.0
1989-07-12,0.0
1989-07-13,0.0
1989-07-14,0.0
1989-07-15,0.0
1989-07-16,0.0
1989-07-17,0.0
1989-07-18,0.0
1989-07-19,0.0
1989-07-20,0.0
1989-07-21,0.0
1989-07-22,0.0
1989-07-23,0.0
1989-07-24,0.0
1989-07-25,2.0
1989-07-26,9.2
1989-07-27,9.4
1989-07-28,61.2
1989-07-29,0.0
1989-07-30,29.1
1989-07-31,2.4
1989-08-01,0.0
1989-08-02,0.0
1989-08-03,0.0
1989-08-04,0.0
1989-08-05,14.4
1989-08-06,0.0
1989-08-07,0.0
1989-08-08,0.0
1989-08-09,10.2
1989-08-10,0.0
1989-08-11,0.0
1989-08-12,0.0
1989-08-13,0.0
1989-08-14,0.0
1989-08-15,0.0
1989-08-16,0.0
1989-08-17,0.0
1989-08-18,0.0
1989-08-19,0.0
1989-08-20,3.0
1989-08-21,40.3
1989-08-22,35.5
1989-08-23,17.6
1989-08-24,0.0
1989-08-25,5.6
1989-08-26,8.9
1989-08-27,0.6
1989-08-28,0.3
1989-08-29,0.0
1989-08-30,0.0
1989-08-31,0.0
1989-09-01,36.8
1989-09-02,0.0
1989-09-03,0.0
1989-09-04,0.0
1989-09-05,8.8
1989-09-06,3.6
1989-09-07,17.0
1989-09-08,0.0
1989-09-09,0.0
1989-09-10,42.0
1989-09-11,22.4
1989-09-12,0.0
1989-09-13,23.2
1989-09-14,12.6
1989-09-15,1.8
1989-09-16,0.0
1989-09-17,0.0
1989-09-18,0.0
1989-09-19,0.0
1989-09-20,0.0
1989-09-21,0.0
1989-09-22,0.0
1989-09-23,0.0
1989-09-24,1.1
1989-09-25,12.6
1989-09-26,0.0
1989-09-27,1.0
1989-09-28,2.7
1989-09-29,0.6
1989-09-30,0.0
1989-10-01,0.0
1989-10-02,0.0
1989-10-03,0.0
1989-10-04,15.6
1989-10-05,0.0
1989-10-06,0.0
1989-10-07,0.0
1989-10-08,0.0
1989-10-09,0.0
1989-10-10,0.0
1989-10-11,32.0
1989-10-12,34.0
1989-10-13,0.0
1989-10-14,0.0
1989-10-15,1.0
1989-10-16,0.0
1989-10-17,0.0
1989-10-18,0.0
1989-10-19,0.0
1989-10-20,0.0
1989-10-21,0.0
1989-10-22,0.0
1989-10-23,0.0
1989-10-24,0.0
1989-10-25,0.0
1989-10-26,0.1
1989-10-27,44.7
1989-10-28,0.0
1989-10-29,0.0
1989-10-30,0.0
1989-10-31,0.0
1989-11-01,0.0
1989-11-02,0.0
1989-11-03,10.0
1989-11-04,6.8
1989-11-05,0.0
1989-11-06,0.0
1989-11-07,0.0
1989-11-08,0.0
1989-11-09,2.8
1989-11-10,3.4
1989-11-11,0.6
1989-11-12,35.5
1989-11-13,0.0
1989-11-14,0.0
1989-11-15,0.0
1989-11-16,0.0
1989-11-17,0.0
1989-11-18,0.0
1989-11-19,0.0
1989-11-20,4.5
1989-11-21,26.8
1989-11-22,0.0
1989-11-23,0.0
1989-11-24,1.2
1989-11-25,9.6
1989-11-26,0.0
1989-11-27,4.8
1989-11-28,3.6
1989-11-29,0.0
1989-11-30,0.0
1989-12-01,0.0
1989-12-02,0.0
1989-12-03,0.0
1989-12-04,0.0
1989-12-05,0.9
1989-12-06,0.0
1989-12-07,0.0
1989-12-08,0.0
1989-12-09,0.0
1989-12-10,13.2
1989-12-11,19.4
1989-12-12,0.0
1989-12-13,0.0
1989-12-14,0.2
1989-12-15,0.4
1989-12-16,0.0
1989-12-17,0.0
1989-12-18,39.1
1989-12-19,2.7
1989-12-20,0.0
1989-12-21,0.0
1989-12-22,0.0
1989-12-23,0.0
1989-12-24,3.8
1989-12-25,0.0
1989-12-26,0.0
1989-12-27,3.2
1989-12-28,21.7
1989-12-29,65.7
1989-12-30,63.8
1989-12-31,6.8
1990-01-01,1.0
1990-01-02,28.2
1990-01-03,3.5
1990-01-04,0.0
1990-01-05,7.0
1990-01-06,0.9
1990-01-07,32.0
1990-01-08,2.7
1990-01-09,45.5
1990-01-10,40.0
1990-01-11,60.0
1990-01-12,14.0
1990-01-13,60.0
1990-01-14,5.4
1990-01-15,26.7
1990-01-16,15.0
1990-01-17,22.1
1990-01-18,1.5
1990-01-19,3.9
1990-01-20,32.1
1990-01-21,0.0
1990-01-22,6.8
1990-01-23,2.6
1990-01-24,8.9
1990-01-25,0.0
1990-01-26,0.0
1990-01-27,0.5
1990-01-28,0.0
1990-01-29,0.0
1990-01-30,0.0
1990-01-31,0.0
1990-02-01,0.0
1990-02-02,0.0
1990-02-03,0.0
1990-02-04,0.0
1990-02-05,0.5
1990-02-06,0.0
1990-02-07,0.0
1990-02-08,2.0
1990-02-09,0.0
1990-02-10,0.0
1990-02-11,1.5
1990-02-12,0.0
1990-02-13,15.1
1990-02-14,7.1
1990-02-15,0.0
1990-02-16,0.0
1990-02-17,0.0
1990-02-18,0.0
1990-02-19,0.0
1990-02-20,0.0
1990-02-21,0.0
1990-02-22,1.0
1990-02-23,27.4
1990-02-24,0.0
1990-02-25,15.7
1990-02-26,0.0
1990-02-27,0.0
1990-02-28,0.0
1990-03-01,0.0
1990-03-02,0.0
1990-03-03,31.7
1990-03-04,31.3
1990-03-05,12.5
1990-03-06,0.0
1990-03-07,9.0
1990-03-08,1.8
1990-03-09,0.0
1990-03-10,0.0
1990-03-11,0.0
1990-03-12,0.0
1990-03-13,1.2
1990-03-14,0.0
1990-03-15,2.9
1990-03-16,21.3
1990-03-17,0.0
1990-03-18,1.6
1990-03-19,0.0
1990-03-20,2.4
1990-03-21,13.9
1990-03-22,2.6
1990-03-23,0.0
1990-03-24,1.9
1990-03-25,14.8
1990-03-26,0.0
1990-03-27,5.2
1990-03-28,0.0
1990-03-29,2.6
1990-03-30,0.0
1990-03-31,0.0
1990-04-01,30.0
1990-04-02,0.0
1990-04-03,0.0
1990-04-04,0.0
1990-04-05,2.1
1990-04-06,0.6
1990-04-07,0.0
1990-04-08,0.0
1990-04-09,5.4
1990-04-10,0.0
1990-04-11,0.0
1990-04-12,2.9
1990-04-13,0.0
1990-04-14,11.3
1990-04-15,0.0
1990-04-16,19.7
1990-04-17,25.2
1990-04-18,4.7
1990-04-19,7.0
1990-04-20,0.2
1990-04-21,0.0
1990-04-22,0.0
1990-04-23,0.0
1990-04-24,3.8
1990-04-25,0.0
1990-04-26,0.0
1990-04-27,0.0
1990-04-28,3.8
1990-04-29,10.0
1990-04-30,1.8
1990-05-01,0.0
1990-05-02,2.0
1990-05-03,0.0
1990-05-04,0.0
1990-05-05,0.0
1990-05-06,2.2
1990-05-07,0.0
1990-05-08,0.0
1990-05-09,0.0
1990-05-10,0.0
1990-05-11,44.4
1990-05-12,0.0
1990-05-13,0.0
1990-05-14,0.0
1990-05-15,31.4
1990-05-16,14.1
1990-05-17,65.1
1990-05-18,8.1
1990-05-19,0.0
1990-05-20,0.0
1990-05-21,0.0
1990-05-22,0.0
1990-05-23,0.0
1990-05-24,0.0
1990-05-25,0.0
1990-05-26,0.0
1990-05-27,0.0
1990-05-28,0.0
1990-05-29,4.0
1990-05-30,0.0
1990-05-31,0.0
1990-06-01,27.4
1990-06-02,7.0
1990-06-03,0.0
1990-06-04,0.2
1990-06-05,0.0
1990-06-06,11.1
1990-06-07,0.2
1990-06-08,0.0
1990-06-09,0.0
1990-06-10,2.2
1990-06-11,0.0
1990-06-12,0.0
1990-06-13,0.0
1990-06-14,2.6
1990-06-15,26.9
1990-06-16,0.0
1990-06-17,0.0
1990-06-18,0.0
1990-06-19,0.0
1990-06-20,0.0
1990-06-21,25.0
1990-06-22,0.0
1990-06-23,0.0
1990-06-24,0.0
1990-06-25,3.7
1990-06-26,4.6
1990-06-27,0.0
1990-06-28,0.0
1990-06-29,0.0
1990-06-30,0.0
1990-07-01,0.0
1990-07-02,0.0
1990-07-03,0.0
1990-07-04,0.0
1990-07-05,0.0
1990-07-06,0.0
1990-07-07,0.0
1990-07-08,0.0
1990-07-09,0.0
1990-07-10,4.8
1990-07-11,0.0
1990-07-12,0.0
1990-07-13,0.0
1990-07-14,0.0
1990-07-15,0.0
1990-07-16,61.5
1990-07-17,59.8
1990-07-18,15.6
1990-07-19,44.2
1990-07-20,11.5
1990-07-21,19.9
1990-07-22,0.6
1990-07-23,0.0
1990-07-24,4.2
1990-07-25,0.0
1990-07-26,0.0
1990-07-27,1.6
1990-07-28,2.7
1990-07-29,0.0
1990-07-30,0.0
1990-07-31,0.0
1990-08-01,0.0
1990-08-02,0.0
1990-08-03,0.0
1990-08-04,0.0
1990-08-05,0.0
1990-08-06,0.0
1990-08-07,0.0
1990-08-08,0.0
1990-08-09,0.0
1990-08-10,0.0
1990-08-11,0.0
1990-08-12,0.0
1990-08-13,0.0
1990-08-14,0.0
1990-08-15,0.0
1990-08-16,7.7
1990-08-17,23.8
1990-08-18,0.0
1990-08-19,21.4
1990-08-20,41.4
1990-08-21,2.2
1990-08-22,0.0
1990-08-23,0.0
1990-08-24,0.0
1990-08-25,1.2
1990-08-26,4.4
1990-08-27,45.6
1990-08-28,1.0
1990-08-29,0.0
1990-08-30,0.0
1990-08-31,0.0
1990-09-01,7.2
1990-09-02,0.2
1990-09-03,0.0
1990-09-04,0.0
1990-09-05,12.2
1990-09-06,0.0
1990-09-07,19.6
1990-09-08,12.0
1990-09-09,0.0
1990-09-10,0.0
1990-09-11,0.0
1990-09-12,0.0
1990-09-13,47.0
1990-09-14,0.2
1990-09-15,0.0
1990-09-16,0.0
1990-09-17,0.0
1990-09-18,0.0
1990-09-19,0.0
1990-09-20,0.0
1990-09-21,3.4
1990-09-22,8.3
1990-09-23,23.9
1990-09-24,0.0
1990-09-25,0.0
1990-09-26,0.0
1990-09-27,0.0
1990-09-28,0.0
1990-09-29,50.3
1990-09-30,1.0
1990-10-01,20.3
1990-10-02,10.4
1990-10-03,5.2
1990-10-04,0.0
1990-10-05,0.0
1990-10-06,0.0
1990-10-07,0.0
1990-10-08,0.0
1990-10-09,0.0
1990-10-10,0.0
1990-10-11,0.2
1990-10-12,0.0
1990-10-13,11.5
1990-10-14,0.0
1990-10-15,33.0
1990-10-16,1.4
1990-10-17,2.2
1990-10-18,0.0
1990-10-19,36.2
1990-10-20,0.2
1990-10-21,0.0
1990-10-22,0.0
1990-10-23,0.0
1990-10-24,0.0
1990-10-25,0.0
1990-10-26,0.0
1990-10-27,0.3
1990-10-28,0.0
1990-10-29,0.0
1990-10-30,0.0
1990-10-31,0.2
1990-11-01,15.5
1990-11-02,11.9
1990-11-03,4.0
1990-11-04,0.0
1990-11-05,30.4
1990-11-06,1.3
1990-11-07,0.0
1990-11-08,0.0
1990-11-09,0.2
1990-11-10,1.7
1990-11-11,0.0
1990-11-12,1.0
1990-11-13,0.6
1990-11-14,0.0
1990-11-15,0.0
1990-11-16,0.1
1990-11-17,67.8
1990-11-18,0.2
1990-11-19,0.0
1990-11-20,0.0
1990-11-21,0.5
1990-11-22,0.0
1990-11-23,0.3
1990-11-24,1.0
1990-11-25,0.0
1990-11-26,22.1
1990-11-27,5.4
1990-11-28,0.0
1990-11-29,0.0
1990-11-30,0.0
1990-12-01,0.0
1990-12-02,0.0
1990-12-03,46.0
1990-12-04,8.4
1990-12-05,0.0
1990-12-06,0.0
1990-12-07,0.7
1990-12-08,0.0
1990-12-09,0.0
1990-12-10,0.0
1990-12-11,9.5
1990-12-12,1.6
1990-12-13,12.5
1990-12-14,18.9
1990-12-15,0.0
1990-12-16,0.7
1990-12-17,0.0
1990-12-18,0.0
1990-12-19,0.0
1990-12-20,1.7
1990-12-21,0.0
1990-12-22,0.0
1990-12-23,0.0
1990-12-24,0.0
1990-12-25,0.0
1990-12-26,0.0
1990-12-27,0.0
1990-12-28,0.0
1990-12-29,0.0
1990-12-30,0.0
1990-12-31,0.0
1991-01-01,0.0
1991-01-02,0.0
1991-01-03,14.0
1991-01-04,6.0
1991-01-05,0.0
1991-01-06,0.0
1991-01-07,0.0
1991-01-08,0.0
1991-01-09,0.0
1991-01-10,0.0
1991-01-11,0.0
1991-01-12,8.3
1991-01-13,0.0
1991-01-14,0.0
1991-01-15,4.8
1991-01-16,0.0
1991-01-17,0.0
1991-01-18,0.0
1991-01-19,0.0
1991-01-20,0.0
1991-01-21,0.0
1991-01-22,2.0
1991-01-23,2.9
1991-01-24,11.2
1991-01-25,36.6
1991-01-26,18.7
1991-01-27,45.4
1991-01-28,0.0
1991-01-29,0.1
1991-01-30,27.0
1991-01-31,19.0
1991-02-01,0.0
1991-02-02,0.0
1991-02-03,6.8
1991-02-04,35.8
1991-02-05,1.6
1991-02-06,6.2
1991-02-07,1.7
1991-02-08,5.0
1991-02-09,7.6
1991-02-10,9.6
1991-02-11,0.0
1991-02-12,0.2
1991-02-13,0.0
1991-02-14,0.0
1991-02-15,0.0
1991-02-16,0.0
1991-02-17,0.0
1991-02-18,0.0
1991-02-19,0.0
1991-02-20,0.0
1991-02-21,0.0
1991-02-22,0.0
1991-02-23,0.0
1991-02-24,0.0
1991-02-25,0.0
1991-02-26,0.0
1991-02-27,0.0
1991-02-28,0.0
1991-03-01,5.0
1991-03-02,7.5
1991-03-03,6.7
1991-03-04,20.5
1991-03-05,14.6
1991-03-06,26.5
1991-03-07,7.2
1991-03-08,0.2
1991-03-09,0.9
1991-03-10,0.0
1991-03-11,14.1
1991-03-12,9.6
1991-03-13,12.8
1991-03-14,0.0
1991-03-15,49.8
1991-03-16,0.0
1991-03-17,0.0
1991-03-18,0.0
1991-03-19,0.0
1991-03-20,31.4
1991-03-21,0.0
1991-03-22,4.2
1991-03-23,0.0
1991-03-24,0.0
1991-03-25,0.0
1991-03-26,0.0
1991-03-27,0.0
1991-03-28,0.0
1991-03-29,0.0
1991-03-30,0.0
1991-03-31,0.7
1991-04-01,0.0
1991-04-02,0.0
1991-04-03,27.8
1991-04-04,0.0
1991-04-05,0.0
1991-04-06,0.0
1991-04-07,0.0
1991-04-08,0.8
1991-04-09,55.0
1991-04-10,0.0
1991-04-11,0.0
1991-04-12,0.5
1991-04-13,10.6
1991-04-14,0.0
1991-04-15,0.0
1991-04-16,0.0
1991-04-17,0.0
1991-04-18,7.8
1991-04-19,40.1
1991-04-20,0.0
1991-04-21,0.0
1991-04-22,0.0
1991-04-23,0.0
1991-04-24,17.6
1991-04-25,18.8
1991-04-26,1.1
1991-04-27,0.0
1991-04-28,0.0
1991-04-29,0.0
1991-04-30,0.0
1991-05-01,0.0
1991-05-02,0.0
1991-05-03,0.0
1991-05-04,0.0
1991-05-05,2.8
1991-05-06,2.1
1991-05-07,5.6
1991-05-08,0.1
1991-05-09,0.0
1991-05-10,0.0
1991-05-11,0.0
1991-05-12,0.0
1991-05-13,0.0
1991-05-14,39.0
1991-05-15,14.6
1991-05-16,0.0
1991-05-17,0.0
1991-05-18,0.0
1991-05-19,0.0
1991-05-20,0.0
1991-05-21,0.4
1991-05-22,16.4
1991-05-23,0.2
1991-05-24,0.0
1991-05-25,0.0
1991-05-26,0.0
1991-05-27,0.0
1991-05-28,0.0
1991-05-29,0.0
1991-05-30,0.0
1991-05-31,0.0
1991-06-01,0.0
1991-06-02,0.0
1991-06-03,0.0
1991-06-04,0.0
1991-06-05,0.0
1991-06-06,0.3
1991-06-07,5.4
1991-06-08,9.8
1991-06-09,0.0
1991-06-10,0.0
1991-06-11,0.0
1991-06-12,0.0
1991-06-13,0.0
1991-06-14,0.0
1991-06-15,0.0
1991-06-16,0.0
1991-06-17,0.0
1991-06-18,0.0
1991-06-19,8.9
1991-06-20,51.2
1991-06-21,16.9
1991-06-22,2.8
1991-06-23,44.2
1991-06-24,4.7
1991-06-25,0.5
1991-06-26,0.0
1991-06-27,0.0
1991-06-28,7.4
1991-06-29,21.0
1991-06-30,0.0
1991-07-01,0.0
1991-07-02,0.0
1991-07-03,0.0
1991-07-04,0.0
1991-07-05,0.0
1991-07-06,0.0
1991-07-07,0.0
1991-07-08,0.0
1991-07-09,0.0
1991-07-10,0.0
1991-07-11,30.8
1991-07-12,0.0
1991-07-13,0.0
1991-07-14,0.0
1991-07-15,0.0
1991-07-16,6.4
1991-07-17,0.0
1991-07-18,0.0
1991-07-19,0.0
1991-07-20,0.0
1991-07-21,0.0
1991-07-22,0.0
1991-07-23,0.3
1991-07-24,0.0
1991-07-25,0.0
1991-07-26,0.0
1991-07-27,0.0
1991-07-28,0.0
1991-07-29,0.0
1991-07-30,0.0
1991-07-31,0.0
1991-08-01,0.0
1991-08-02,1.6
1991-08-03,0.0
1991-08-04,0.0
1991-08-05,0.0
1991-08-06,0.7
1991-08-07,3.9
1991-08-08,21.1
1991-08-09,13.6
1991-08-10,37.4
1991-08-11,0.0
1991-08-12,0.0
1991-08-13,0.0
1991-08-14,0.0
1991-08-15,0.0
1991-08-16,0.0
1991-08-17,0.0
1991-08-18,0.0
1991-08-19,0.0
1991-08-20,0.0
1991-08-21,0.0
1991-08-22,0.0
1991-08-23,0.0
1991-08-24,0.0
1991-08-25,0.0
1991-08-26,0.0
1991-08-27,0.0
1991-08-28,0.0
1991-08-29,0.0
1991-08-30,0.0
1991-08-31,0.0
1991-09-01,0.0
1991-09-02,0.0
1991-09-03,0.0
1991-09-04,0.0
1991-09-05,0.0
1991-09-06,0.0
1991-09-07,0.0
1991-09-08,0.0
1991-09-09,0.0
1991-09-10,0.0
1991-09-11,0.0
1991-09-12,0.0
1991-09-13,0.0
1991-09-14,0.0
1991-09-15,0.0
1991-09-16,0.0
1991-09-17,0.0
1991-09-18,0.0
1991-09-19,0.0
1991-09-20,0.0
1991-09-21,0.0
1991-09-22,0.0
1991-09-23,0.0
1991-09-24,0.0
1991-09-25,16.0
1991-09-26,14.2
1991-09-27,0.0
1991-09-28,7.4
1991-09-29,23.3
1991-09-30,56.4
1991-10-01,21.1
1991-10-02,0.0
1991-10-03,0.2
1991-10-04,0.0
1991-10-05,39.9
1991-10-06,11.0
1991-10-07,4.8
1991-10-08,0.0
1991-10-09,0.1
1991-10-10,9.3
1991-10-11,0.0
1991-10-12,0.0
1991-10-13,0.0
1991-10-14,0.0
1991-10-15,0.0
1991-10-16,0.0
1991-10-17,0.0
1991-10-18,0.3
1991-10-19,17.0
1991-10-20,0.0
1991-10-21,0.0
1991-10-22,0.0
1991-10-23,0.0
1991-10-24,0.3
1991-10-25,6.1
1991-10-26,0.1
1991-10-27,0.0
1991-10-28,0.4
1991-10-29,0.0
1991-10-30,0.0
1991-10-31,5.3
1991-11-01,18.0
1991-11-02,21.7
1991-11-03,0.0
1991-11-04,0.3
1991-11-05,0.0
1991-11-06,0.0
1991-11-07,0.0
1991-11-08,0.0
1991-11-09,0.0
1991-11-10,0.0
1991-11-11,0.0
1991-11-12,0.0
1991-11-13,25.5
1991-11-14,22.3
1991-11-15,17.3
1991-11-16,0.0
1991-11-17,0.0
1991-11-18,0.0
1991-11-19,0.0
1991-11-20,0.0
1991-11-21,0.0
1991-11-22,0.0
1991-11-23,0.0
1991-11-24,0.0
1991-11-25,0.0
1991-11-26,0.0
1991-11-27,10.3
1991-11-28,0.0
1991-11-29,0.0
1991-11-30,45.2
1991-12-01,0.0
1991-12-02,23.7
1991-12-03,0.0
1991-12-04,0.0
1991-12-05,0.0
1991-12-06,0.0
1991-12-07,20.6
1991-12-08,1.6
1991-12-09,17.0
1991-12-10,40.7
1991-12-11,17.2
1991-12-12,14.6
1991-12-13,1.7
1991-12-14,0.0
1991-12-15,0.0
1991-12-16,26.6
1991-12-17,11.7
1991-12-18,0.0
1991-12-19,23.7
1991-12-20,0.1
1991-12-21,4.9
1991-12-22,0.0
1991-12-23,10.2
1991-12-24,9.0
1991-12-25,0.0
1991-12-26,0.6
1991-12-27,32.3
1991-12-28,0.0
1991-12-29,0.0
1991-12-30,0.0
1991-12-31,0.0
1992-01-01,3.4
1992-01-02,0.8
1992-01-03,0.6
1992-01-04,0.2
1992-01-05,0.0
1992-01-06,0.0
1992-01-07,0.0
1992-01-08,0.0
1992-01-09,0.1
1992-01-10,9.6
1992-01-11,0.0
1992-01-12,27.8
1992-01-13,12.3
1992-01-14,0.0
1992-01-15,0.0
1992-01-16,0.0
1992-01-17,0.0
1992-01-18,0.0
1992-01-19,0.0
1992-01-20,0.0
1992-01-21,0.0
1992-01-22,0.0
1992-01-23,34.2
1992-01-24,0.0
1992-01-25,0.0
1992-01-26,0.0
1992-01-27,0.0
1992-01-28,0.0
1992-01-29,0.0
1992-01-30,0.0
1992-01-31,1.4
1992-02-01,64.1
1992-02-02,55.1
1992-02-03,34.4
1992-02-04,2.3
1992-02-05,0.0
1992-02-06,0.0
1992-02-07,0.0
1992-02-08,0.9
1992-02-09,3.4
1992-02-10,0.0
1992-02-11,5.1
1992-02-12,0.0
1992-02-13,4.0
1992-02-14,0.0
1992-02-15,0.0
1992-02-16,0.0
1992-02-17,1.4
1992-02-18,3.4
1992-02-19,2.0
1992-02-20,0.0
1992-02-21,0.0
1992-02-22,0.0
1992-02-23,0.0
1992-02-24,0.0
1992-02-25,6.2
1992-02-26,49.7
1992-02-27,25.8
1992-02-28,23.6
1992-02-29,0.0
1992-03-01,0.0
1992-03-02,0.0
1992-03-03,0.0
1992-03-04,25.6
1992-03-05,15.0
1992-03-06,6.9
1992-03-07,5.6
1992-03-08,0.4
1992-03-09,35.9
1992-03-10,0.0
1992-03-11,5.0
1992-03-12,0.0
1992-03-13,0.0
1992-03-14,0.8
1992-03-15,14.5
1992-03-16,11.1
1992-03-17,48.0
1992-03-18,1.0
1992-03-19,2.7
1992-03-20,61.0
1992-03-21,0.0
1992-03-22,8.4
1992-03-23,0.0
1992-03-24,17.6
1992-03-25,3.5
1992-03-26,0.4
1992-03-27,8.5
1992-03-28,0.3
1992-03-29,13.0
1992-03-30,36.4
1992-03-31,0.0
1992-04-01,5.1
1992-04-02,0.0
1992-04-03,0.0
1992-04-04,0.0
1992-04-05,0.0
1992-04-06,0.0
1992-04-07,63.4
1992-04-08,0.0
1992-04-09,0.0
1992-04-10,0.0
1992-04-11,0.0
1992-04-12,0.0
1992-04-13,18.4
1992-04-14,0.0
1992-04-15,0.0
1992-04-16,0.0
1992-04-17,0.0
1992-04-18,0.0
1992-04-19,0.0
1992-04-20,67.8
1992-04-21,0.0
1992-04-22,0.0
1992-04-23,0.0
1992-04-24,11.7
1992-04-25,50.4
1992-04-26,0.5
1992-04-27,0.0
1992-04-28,0.0
1992-04-29,0.8
1992-04-30,20.6
